Order_ID,Order_Date,Product_Name,Category,Region,Quantity,Unit_Price,Discount,Inventory_Available,Marketing_Spend,Revenue,Month,Quarter,Year
1,2024-06-02,Bed,Furniture,North,4,3312,17,377,1240,13248,6,2,2024
2,2022-12-31,Sofa,Furniture,South,15,43751,2,393,3840,656265,12,4,2022
3,2022-03-21,Dining Table,Furniture,South,10,24834,0,125,3128,248340,3,1,2022
4,2023-06-17,Sofa,Furniture,North,2,25286,2,322,3220,50572,6,2,2023
5,2023-11-16,Bookshelf,Furniture,East,7,16252,18,248,6026,113764,11,4,2023
6,2024-01-10,Dining Table,Furniture,South,16,6993,13,272,4497,111888,1,1,2024
7,2023-01-18,Coffee Table,Furniture,South,19,49949,20,397,9813,949031,1,1,2023
8,2025-05-01,Sofa,Furniture,South,3,31742,12,245,8415,95226,5,2,2025
9,2024-06-08,Study Table,Furniture,North,16,24149,18,50,1859,386384,6,2,2024
10,2023-02-09,Wardrobe,Furniture,East,17,47076,7,315,1338,800292,2,1,2023
11,2024-11-17,Office Chair,Furniture,West,16,49656,6,465,7413,794496,11,4,2024
12,2023-07-12,Coffee Table,Furniture,West,12,7285,3,204,3538,87420,7,3,2023
13,2025-03-15,Bed,Furniture,North,11,24480,5,143,7344,269280,3,1,2025
14,2025-09-04,Study Table,Furniture,North,4,44549,6,363,2659,178196,9,3,2025
15,2025-02-06,Study Table,Furniture,North,9,19321,17,289,4292,173889,2,1,2025
16,2025-03-18,Sofa,Furniture,West,17,19142,14,466,6283,325414,3,1,2025
17,2022-01-19,Bookshelf,Furniture,South,2,27392,20,77,1530,54784,1,1,2022
18,2022-08-06,Wardrobe,Furniture,East,7,30330,14,324,5784,212310,8,3,2022
19,2024-08-15,Dining Table,Furniture,South,6,38455,8,400,2772,230730,8,3,2024
20,2025-11-13,Dining Table,Furniture,North,16,35659,6,328,3700,570544,11,4,2025
21,2024-07-13,Bookshelf,Furniture,South,14,5409,11,344,3657,75726,7,3,2024
22,2023-12-23,Wardrobe,Furniture,North,1,12973,15,404,1595,12973,12,4,2023
23,2025-03-29,Dining Table,Furniture,West,2,37444,1,237,6744,74888,3,1,2025
24,2024-05-10,Study Table,Furniture,West,6,20987,16,219,8824,125922,5,2,2024
25,2022-02-01,Office Chair,Furniture,West,6,49059,15,135,9959,294354,2,1,2022
26,2024-06-09,Office Chair,Furniture,West,15,32990,2,289,1826,494850,6,2,2024
27,2025-09-21,Bed,Furniture,West,14,35443,14,192,4863,496202,9,3,2025
28,2022-09-27,Bookshelf,Furniture,North,1,10558,9,226,1209,10558,9,3,2022
29,2025-12-13,Dining Table,Furniture,North,19,26618,7,367,9496,505742,12,4,2025
30,2023-10-24,Bookshelf,Furniture,South,12,27700,12,330,7974,332400,10,4,2023
31,2023-04-29,Coffee Table,Furniture,North,12,21645,3,324,8227,259740,4,2,2023
32,2025-02-20,Bookshelf,Furniture,North,1,49393,18,76,1933,49393,2,1,2025
33,2024-05-09,Bookshelf,Furniture,East,1,25509,15,188,6793,25509,5,2,2024
34,2023-01-22,Wardrobe,Furniture,West,1,18322,7,487,7743,18322,1,1,2023
35,2022-04-30,Bookshelf,Furniture,South,18,26773,13,141,3383,481914,4,2,2022
36,2022-04-30,Office Chair,Furniture,West,7,42009,19,305,2377,294063,4,2,2022
37,2024-10-01,Coffee Table,Furniture,West,14,6512,10,324,1041,91168,10,4,2024
38,2022-05-23,Study Table,Furniture,West,15,13243,11,305,4310,198645,5,2,2022
39,2025-11-30,Dining Table,Furniture,South,3,29389,0,183,6296,88167,11,4,2025
40,2022-12-02,Bookshelf,Furniture,East,9,4845,9,360,5801,43605,12,4,2022
41,2022-10-28,Dining Table,Furniture,West,13,45344,12,432,6812,589472,10,4,2022
42,2022-08-19,Coffee Table,Furniture,South,12,47984,10,333,7127,575808,8,3,2022
43,2024-10-17,Coffee Table,Furniture,West,8,38612,12,254,1433,308896,10,4,2024
44,2025-05-13,Wardrobe,Furniture,South,17,49909,8,363,8941,848453,5,2,2025
45,2024-06-28,Coffee Table,Furniture,East,17,24141,8,201,3396,410397,6,2,2024
46,2024-11-21,Study Table,Furniture,East,6,41304,3,147,2583,247824,11,4,2024
47,2022-03-07,Coffee Table,Furniture,West,14,16587,6,217,3018,232218,3,1,2022
48,2023-11-17,Study Table,Furniture,North,7,32256,18,347,1052,225792,11,4,2023
49,2024-04-26,Study Table,Furniture,East,10,15934,10,365,5898,159340,4,2,2024
50,2023-06-01,Coffee Table,Furniture,South,9,3559,4,142,3036,32031,6,2,2023
51,2024-01-04,Study Table,Furniture,South,3,21091,2,223,3444,63273,1,1,2024
52,2024-09-19,Wardrobe,Furniture,North,12,2458,1,52,6843,29496,9,3,2024
53,2024-12-27,Bed,Furniture,North,2,47092,4,116,4538,94184,12,4,2024
54,2023-06-23,Study Table,Furniture,West,3,26635,4,192,3731,79905,6,2,2023
55,2024-02-25,Bookshelf,Furniture,South,15,16578,3,236,1246,248670,2,1,2024
56,2023-12-25,Sofa,Furniture,South,10,20123,16,473,8808,201230,12,4,2023
57,2024-11-27,Office Chair,Furniture,West,2,38730,16,330,6863,77460,11,4,2024
58,2022-12-07,Bed,Furniture,West,7,18293,3,465,6349,128051,12,4,2022
59,2022-02-25,Bookshelf,Furniture,West,12,34763,4,69,8899,417156,2,1,2022
60,2025-11-29,Dining Table,Furniture,South,15,34880,8,342,8562,523200,11,4,2025
61,2025-08-17,Bookshelf,Furniture,North,1,17689,7,481,7989,17689,8,3,2025
62,2024-11-03,Wardrobe,Furniture,South,14,20549,18,186,7863,287686,11,4,2024
63,2025-07-31,Study Table,Furniture,North,15,28643,19,307,4611,429645,7,3,2025
64,2025-05-14,Wardrobe,Furniture,South,20,28338,6,179,8803,566760,5,2,2025
65,2023-07-06,Dining Table,Furniture,East,4,34150,18,226,2018,136600,7,3,2023
66,2025-02-28,Office Chair,Furniture,East,18,12867,3,201,8106,231606,2,1,2025
67,2022-12-13,Study Table,Furniture,West,17,25092,13,274,6603,426564,12,4,2022
68,2022-03-22,Sofa,Furniture,North,7,2516,8,343,5603,17612,3,1,2022
69,2025-03-29,Sofa,Furniture,West,2,17386,16,201,1135,34772,3,1,2025
70,2022-02-16,Dining Table,Furniture,East,3,10734,5,168,3769,32202,2,1,2022
71,2025-08-29,Bookshelf,Furniture,East,8,41017,8,328,4211,328136,8,3,2025
72,2022-02-04,Study Table,Furniture,East,17,33693,15,188,3482,572781,2,1,2022
73,2025-07-03,Dining Table,Furniture,West,13,13644,12,342,5829,177372,7,3,2025
74,2023-06-08,Bookshelf,Furniture,West,20,48625,1,400,9331,972500,6,2,2023
75,2023-08-01,Wardrobe,Furniture,South,2,5075,20,215,9410,10150,8,3,2023
76,2024-06-14,Coffee Table,Furniture,South,19,23688,5,457,8741,450072,6,2,2024
77,2025-05-31,Coffee Table,Furniture,West,6,43310,6,57,1102,259860,5,2,2025
78,2024-01-19,Sofa,Furniture,North,18,15712,17,440,6470,282816,1,1,2024
79,2024-05-29,Wardrobe,Furniture,East,11,24331,15,294,6994,267641,5,2,2024
80,2025-12-27,Office Chair,Furniture,North,9,16583,14,155,5423,149247,12,4,2025
81,2023-02-16,Bookshelf,Furniture,West,14,29398,5,115,9146,411572,2,1,2023
82,2022-03-26,Sofa,Furniture,West,5,21325,11,250,2132,106625,3,1,2022
83,2024-01-14,Sofa,Furniture,South,19,12183,8,286,5532,231477,1,1,2024
84,2023-09-21,Dining Table,Furniture,South,14,47893,6,100,3314,670502,9,3,2023
85,2025-03-14,Sofa,Furniture,West,8,21922,4,247,4057,175376,3,1,2025
86,2025-10-16,Study Table,Furniture,North,8,23342,2,394,4390,186736,10,4,2025
87,2022-04-02,Wardrobe,Furniture,North,11,29928,15,367,6772,329208,4,2,2022
88,2024-01-17,Bed,Furniture,South,12,24553,3,294,4961,294636,1,1,2024
89,2024-06-05,Study Table,Furniture,West,3,47145,3,290,4878,141435,6,2,2024
90,2025-08-10,Coffee Table,Furniture,North,4,8969,11,388,4842,35876,8,3,2025
91,2022-02-13,Bookshelf,Furniture,West,15,44824,0,144,1555,672360,2,1,2022
92,2025-07-15,Coffee Table,Furniture,West,16,19805,9,151,8773,316880,7,3,2025
93,2025-11-11,Dining Table,Furniture,West,20,42320,7,464,5834,846400,11,4,2025
94,2023-05-27,Study Table,Furniture,South,13,4554,18,196,9330,59202,5,2,2023
95,2023-11-01,Office Chair,Furniture,South,6,2580,5,152,3779,15480,11,4,2023
96,2023-08-26,Sofa,Furniture,West,14,5013,1,396,4556,70182,8,3,2023
97,2025-06-11,Sofa,Furniture,North,11,13897,12,467,7153,152867,6,2,2025
98,2022-05-25,Bookshelf,Furniture,East,19,33562,10,236,3171,637678,5,2,2022
99,2022-07-21,Wardrobe,Furniture,East,3,7343,10,110,5042,22029,7,3,2022
100,2025-03-23,Bookshelf,Furniture,South,6,9963,5,367,2526,59778,3,1,2025
101,2025-09-01,Wardrobe,Furniture,South,9,16577,6,335,2911,149193,9,3,2025
102,2025-06-12,Dining Table,Furniture,West,9,4727,7,360,7947,42543,6,2,2025
103,2023-08-17,Office Chair,Furniture,South,6,37829,17,123,7484,226974,8,3,2023
104,2024-07-06,Dining Table,Furniture,East,1,43370,18,251,8147,43370,7,3,2024
105,2022-03-05,Wardrobe,Furniture,North,6,49707,9,307,4010,298242,3,1,2022
106,2023-01-27,Study Table,Furniture,South,20,22102,15,389,3677,442040,1,1,2023
107,2025-07-06,Study Table,Furniture,West,9,21614,11,357,2264,194526,7,3,2025
108,2022-09-11,Dining Table,Furniture,East,14,43485,6,419,1184,608790,9,3,2022
109,2025-03-13,Dining Table,Furniture,West,5,6928,17,146,1474,34640,3,1,2025
110,2024-12-13,Office Chair,Furniture,West,20,3360,4,78,4447,67200,12,4,2024
111,2024-04-06,Bed,Furniture,West,15,25847,16,62,1617,387705,4,2,2024
112,2023-09-26,Bookshelf,Furniture,East,3,23445,13,316,1665,70335,9,3,2023
113,2023-09-28,Bookshelf,Furniture,South,6,28621,17,115,1964,171726,9,3,2023
114,2024-01-08,Coffee Table,Furniture,North,10,24625,13,87,9755,246250,1,1,2024
115,2024-08-19,Sofa,Furniture,East,15,26424,2,172,8682,396360,8,3,2024
116,2025-03-31,Office Chair,Furniture,West,20,32365,3,476,6666,647300,3,1,2025
117,2025-09-15,Bookshelf,Furniture,South,17,49928,9,238,8484,848776,9,3,2025
118,2025-04-06,Wardrobe,Furniture,West,9,49480,8,112,1702,445320,4,2,2025
119,2023-03-30,Study Table,Furniture,East,11,5657,15,314,8387,62227,3,1,2023
120,2023-01-19,Bed,Furniture,South,14,14552,19,210,2965,203728,1,1,2023
121,2022-05-22,Sofa,Furniture,East,19,37941,17,474,1249,720879,5,2,2022
122,2022-05-12,Dining Table,Furniture,West,16,37846,10,465,3069,605536,5,2,2022
123,2023-09-03,Office Chair,Furniture,South,20,30132,16,176,2696,602640,9,3,2023
124,2025-06-11,Wardrobe,Furniture,East,18,12655,3,186,8137,227790,6,2,2025
125,2025-01-26,Dining Table,Furniture,North,11,23889,2,214,9265,262779,1,1,2025
126,2022-09-27,Bed,Furniture,East,14,35557,8,133,5114,497798,9,3,2022
127,2023-11-01,Coffee Table,Furniture,East,3,24745,20,88,5799,74235,11,4,2023
128,2025-07-15,Wardrobe,Furniture,North,13,26795,1,333,1288,348335,7,3,2025
129,2024-10-20,Coffee Table,Furniture,North,4,30916,16,326,6826,123664,10,4,2024
130,2024-12-20,Dining Table,Furniture,North,15,3268,11,441,5665,49020,12,4,2024
131,2023-04-30,Wardrobe,Furniture,South,16,14080,15,297,9316,225280,4,2,2023
132,2023-03-13,Study Table,Furniture,North,1,16416,6,303,3572,16416,3,1,2023
133,2025-05-21,Dining Table,Furniture,West,4,26693,13,470,7390,106772,5,2,2025
134,2024-01-16,Office Chair,Furniture,South,2,26130,19,488,2428,52260,1,1,2024
135,2023-02-23,Wardrobe,Furniture,North,6,49898,2,267,6723,299388,2,1,2023
136,2025-10-07,Study Table,Furniture,West,8,19106,8,382,8762,152848,10,4,2025
137,2023-09-30,Bed,Furniture,East,2,6509,10,457,5511,13018,9,3,2023
138,2023-03-01,Bed,Furniture,South,9,4002,14,213,3432,36018,3,1,2023
139,2022-04-01,Sofa,Furniture,North,10,43002,10,153,5533,430020,4,2,2022
140,2022-04-10,Coffee Table,Furniture,East,19,17063,10,68,5344,324197,4,2,2022
141,2025-03-26,Bed,Furniture,South,12,17436,17,130,9024,209232,3,1,2025
142,2023-11-09,Study Table,Furniture,North,7,24373,0,426,8600,170611,11,4,2023
143,2025-10-30,Study Table,Furniture,South,19,42353,8,158,6902,804707,10,4,2025
144,2025-02-07,Bed,Furniture,East,12,47821,10,289,4539,573852,2,1,2025
145,2025-06-15,Sofa,Furniture,North,1,6076,17,314,2552,6076,6,2,2025
146,2025-01-01,Wardrobe,Furniture,East,2,35567,11,418,8575,71134,1,1,2025
147,2023-03-22,Dining Table,Furniture,South,4,33654,16,291,3590,134616,3,1,2023
148,2023-05-21,Bed,Furniture,East,4,36912,11,361,7981,147648,5,2,2023
149,2023-04-21,Coffee Table,Furniture,East,9,41098,19,202,6046,369882,4,2,2023
150,2024-05-15,Dining Table,Furniture,West,13,49514,7,342,5455,643682,5,2,2024
151,2025-09-01,Bookshelf,Furniture,West,19,44533,10,303,8662,846127,9,3,2025
152,2022-05-28,Study Table,Furniture,East,2,4264,3,379,2877,8528,5,2,2022
153,2024-06-03,Study Table,Furniture,West,19,2141,20,403,3985,40679,6,2,2024
154,2022-05-03,Bed,Furniture,East,4,31530,10,272,4166,126120,5,2,2022
155,2023-09-04,Office Chair,Furniture,North,5,17318,1,66,9310,86590,9,3,2023
156,2023-12-12,Office Chair,Furniture,West,3,13954,13,457,8732,41862,12,4,2023
157,2025-11-14,Coffee Table,Furniture,South,13,38288,8,483,2741,497744,11,4,2025
158,2023-12-27,Sofa,Furniture,West,4,44514,7,177,6811,178056,12,4,2023
159,2023-08-28,Bed,Furniture,North,19,14177,6,66,4913,269363,8,3,2023
160,2022-07-14,Sofa,Furniture,North,11,11847,4,374,4335,130317,7,3,2022
161,2024-02-15,Dining Table,Furniture,West,20,34449,20,292,2884,688980,2,1,2024
162,2024-06-01,Dining Table,Furniture,South,13,26266,16,155,9302,341458,6,2,2024
163,2022-12-11,Wardrobe,Furniture,South,3,29945,1,417,3386,89835,12,4,2022
164,2025-04-17,Wardrobe,Furniture,East,3,14603,3,292,7969,43809,4,2,2025
165,2025-04-20,Coffee Table,Furniture,North,1,8946,2,412,4360,8946,4,2,2025
166,2022-03-28,Office Chair,Furniture,North,13,22177,8,205,4765,288301,3,1,2022
167,2025-01-02,Bed,Furniture,West,4,2082,3,385,5806,8328,1,1,2025
168,2024-08-05,Sofa,Furniture,East,11,33167,0,387,1515,364837,8,3,2024
169,2025-04-26,Coffee Table,Furniture,East,12,12541,6,364,2107,150492,4,2,2025
170,2022-03-06,Sofa,Furniture,East,2,30897,14,321,5060,61794,3,1,2022
171,2023-10-19,Coffee Table,Furniture,North,6,28920,5,314,9081,173520,10,4,2023
172,2024-08-31,Study Table,Furniture,East,3,21216,18,420,9898,63648,8,3,2024
173,2022-04-29,Study Table,Furniture,East,19,14710,14,128,6165,279490,4,2,2022
174,2025-08-12,Study Table,Furniture,North,7,35024,7,481,4436,245168,8,3,2025
175,2022-08-22,Sofa,Furniture,South,2,30024,5,367,9979,60048,8,3,2022
176,2022-09-12,Dining Table,Furniture,East,19,9037,4,245,8703,171703,9,3,2022
177,2023-10-27,Bed,Furniture,East,5,13198,18,331,6883,65990,10,4,2023
178,2023-01-20,Sofa,Furniture,West,1,8576,9,244,4662,8576,1,1,2023
179,2025-04-17,Bed,Furniture,South,17,40850,14,188,6588,694450,4,2,2025
180,2025-06-19,Sofa,Furniture,North,17,35304,16,468,8310,600168,6,2,2025
181,2024-01-04,Dining Table,Furniture,South,8,32103,4,363,6959,256824,1,1,2024
182,2023-06-11,Study Table,Furniture,South,1,44544,20,303,5097,44544,6,2,2023
183,2022-10-03,Wardrobe,Furniture,East,16,7957,0,209,8658,127312,10,4,2022
184,2023-01-11,Bed,Furniture,West,4,46887,12,248,8409,187548,1,1,2023
185,2024-05-23,Study Table,Furniture,East,10,32570,9,204,6186,325700,5,2,2024
186,2025-02-06,Study Table,Furniture,East,12,5148,16,100,5862,61776,2,1,2025
187,2023-12-22,Study Table,Furniture,South,19,35468,18,134,2138,673892,12,4,2023
188,2025-04-03,Coffee Table,Furniture,South,8,13740,1,92,7232,109920,4,2,2025
189,2023-01-08,Wardrobe,Furniture,East,7,43165,19,92,1805,302155,1,1,2023
190,2023-01-29,Wardrobe,Furniture,West,3,23062,18,349,7929,69186,1,1,2023
191,2025-01-03,Office Chair,Furniture,West,14,24969,4,264,4208,349566,1,1,2025
192,2022-03-22,Office Chair,Furniture,West,13,27150,15,352,7584,352950,3,1,2022
193,2022-10-19,Dining Table,Furniture,West,1,38065,20,169,3420,38065,10,4,2022
194,2023-03-02,Bookshelf,Furniture,West,17,14625,1,212,1640,248625,3,1,2023
195,2024-04-03,Dining Table,Furniture,North,18,45199,10,199,7037,813582,4,2,2024
196,2022-07-29,Dining Table,Furniture,South,2,28012,10,179,3075,56024,7,3,2022
197,2024-03-09,Dining Table,Furniture,North,3,36993,13,109,7480,110979,3,1,2024
198,2025-09-28,Bed,Furniture,South,5,49904,3,292,6908,249520,9,3,2025
199,2023-06-28,Wardrobe,Furniture,South,16,19477,16,430,5759,311632,6,2,2023
200,2024-04-08,Bookshelf,Furniture,East,18,30198,13,398,9148,543564,4,2,2024
201,2024-03-09,Wardrobe,Furniture,South,12,4843,7,333,3668,58116,3,1,2024
202,2022-08-01,Bed,Furniture,South,13,32304,12,123,9292,419952,8,3,2022
203,2025-03-07,Office Chair,Furniture,West,16,14222,20,384,4160,227552,3,1,2025
204,2022-06-15,Bookshelf,Furniture,East,19,21381,0,379,4119,406239,6,2,2022
205,2024-07-05,Study Table,Furniture,West,12,8380,12,377,7348,100560,7,3,2024
206,2024-08-13,Bed,Furniture,East,11,19357,2,150,7195,212927,8,3,2024
207,2024-01-31,Wardrobe,Furniture,East,15,22825,7,177,5678,342375,1,1,2024
208,2022-11-27,Coffee Table,Furniture,East,7,7093,5,439,7480,49651,11,4,2022
209,2024-05-06,Dining Table,Furniture,South,16,18357,13,428,3518,293712,5,2,2024
210,2023-07-02,Office Chair,Furniture,West,6,16167,13,477,9901,97002,7,3,2023
211,2025-08-17,Bookshelf,Furniture,North,12,29393,18,88,4996,352716,8,3,2025
212,2023-10-10,Coffee Table,Furniture,North,3,43947,7,469,4288,131841,10,4,2023
213,2023-10-28,Bed,Furniture,West,3,43038,4,166,4662,129114,10,4,2023
214,2025-03-03,Dining Table,Furniture,East,9,13728,15,197,2610,123552,3,1,2025
215,2022-01-29,Office Chair,Furniture,North,15,5859,19,196,3543,87885,1,1,2022
216,2023-12-02,Bookshelf,Furniture,South,7,19856,14,345,1937,138992,12,4,2023
217,2025-04-28,Coffee Table,Furniture,East,14,46221,2,313,4871,647094,4,2,2025
218,2022-11-25,Sofa,Furniture,North,9,16966,14,472,9752,152694,11,4,2022
219,2022-11-09,Dining Table,Furniture,West,6,40725,12,172,5810,244350,11,4,2022
220,2025-06-19,Wardrobe,Furniture,East,10,29034,7,211,5995,290340,6,2,2025
221,2024-04-04,Study Table,Furniture,East,5,24558,5,153,6426,122790,4,2,2024
222,2024-05-20,Coffee Table,Furniture,East,15,31971,15,342,7957,479565,5,2,2024
223,2023-10-02,Office Chair,Furniture,South,8,15399,2,278,3200,123192,10,4,2023
224,2024-06-07,Wardrobe,Furniture,North,10,41742,18,394,9837,417420,6,2,2024
225,2025-09-21,Coffee Table,Furniture,South,2,27834,8,358,7712,55668,9,3,2025
226,2023-02-06,Bed,Furniture,East,8,4351,13,299,7009,34808,2,1,2023
227,2024-03-09,Study Table,Furniture,East,18,37738,3,361,2503,679284,3,1,2024
228,2022-03-20,Bookshelf,Furniture,West,3,42180,15,390,7801,126540,3,1,2022
229,2024-01-09,Bookshelf,Furniture,West,10,38752,8,485,7401,387520,1,1,2024
230,2025-04-08,Bed,Furniture,North,20,19023,13,235,2978,380460,4,2,2025
231,2022-03-20,Bed,Furniture,South,20,48579,4,465,6875,971580,3,1,2022
232,2025-04-15,Dining Table,Furniture,North,6,25662,5,98,5786,153972,4,2,2025
233,2022-05-03,Bookshelf,Furniture,East,11,25298,2,457,1458,278278,5,2,2022
234,2024-06-26,Dining Table,Furniture,East,19,3916,13,205,1629,74404,6,2,2024
235,2023-05-07,Dining Table,Furniture,North,13,25229,3,457,5832,327977,5,2,2023
236,2024-08-12,Bed,Furniture,West,1,19031,18,235,2270,19031,8,3,2024
237,2023-07-15,Bookshelf,Furniture,East,5,42814,15,495,3168,214070,7,3,2023
238,2024-07-08,Dining Table,Furniture,South,10,25509,14,250,5001,255090,7,3,2024
239,2025-07-23,Wardrobe,Furniture,South,11,5042,1,292,9158,55462,7,3,2025
240,2022-07-16,Wardrobe,Furniture,West,10,24394,12,342,9122,243940,7,3,2022
241,2023-05-11,Coffee Table,Furniture,South,20,45884,2,258,8185,917680,5,2,2023
242,2025-12-25,Office Chair,Furniture,West,9,45456,16,271,8251,409104,12,4,2025
243,2024-09-12,Bed,Furniture,East,13,32006,14,386,7231,416078,9,3,2024
244,2024-08-22,Sofa,Furniture,North,13,48332,20,373,3572,628316,8,3,2024
245,2022-12-19,Dining Table,Furniture,North,3,46141,19,124,4160,138423,12,4,2022
246,2022-08-07,Dining Table,Furniture,North,6,7427,9,134,6638,44562,8,3,2022
247,2025-10-28,Wardrobe,Furniture,South,13,7241,5,287,7189,94133,10,4,2025
248,2024-07-03,Coffee Table,Furniture,East,3,16743,16,281,4718,50229,7,3,2024
249,2022-08-05,Sofa,Furniture,East,7,8640,0,323,7504,60480,8,3,2022
250,2024-04-15,Study Table,Furniture,West,13,43494,3,273,3016,565422,4,2,2024
251,2023-09-26,Bed,Furniture,South,3,48650,11,215,9396,145950,9,3,2023
252,2025-11-21,Office Chair,Furniture,West,2,25303,11,383,3197,50606,11,4,2025
253,2025-07-14,Bookshelf,Furniture,East,18,10691,16,367,6199,192438,7,3,2025
254,2023-09-08,Coffee Table,Furniture,North,6,47939,18,113,9503,287634,9,3,2023
255,2025-03-07,Sofa,Furniture,East,3,27323,1,340,4799,81969,3,1,2025
256,2022-06-07,Sofa,Furniture,East,15,27218,2,304,6400,408270,6,2,2022
257,2024-10-19,Study Table,Furniture,North,5,9092,7,157,9037,45460,10,4,2024
258,2024-03-29,Bed,Furniture,West,3,20933,15,405,1410,62799,3,1,2024
259,2025-11-12,Bookshelf,Furniture,West,17,8226,15,331,4726,139842,11,4,2025
260,2025-02-17,Coffee Table,Furniture,South,13,31601,5,394,4805,410813,2,1,2025
261,2022-09-14,Study Table,Furniture,North,12,10738,10,215,6368,128856,9,3,2022
262,2022-08-12,Wardrobe,Furniture,West,4,40684,17,171,4981,162736,8,3,2022
263,2024-12-19,Bookshelf,Furniture,North,12,40288,17,420,6994,483456,12,4,2024
264,2022-08-29,Wardrobe,Furniture,North,11,40186,3,429,2278,442046,8,3,2022
265,2024-04-17,Bed,Furniture,East,2,36394,5,446,2018,72788,4,2,2024
266,2023-09-05,Bed,Furniture,West,13,31429,5,342,3764,408577,9,3,2023
267,2023-10-17,Coffee Table,Furniture,East,7,48618,0,135,3827,340326,10,4,2023
268,2025-10-15,Bed,Furniture,North,16,38611,6,394,7066,617776,10,4,2025
269,2025-11-23,Dining Table,Furniture,South,3,8747,3,316,7578,26241,11,4,2025
270,2025-12-14,Wardrobe,Furniture,West,6,39551,10,111,8095,237306,12,4,2025
271,2024-09-02,Bed,Furniture,East,10,16356,3,103,2280,163560,9,3,2024
272,2025-07-20,Bookshelf,Furniture,North,13,14615,7,370,1551,189995,7,3,2025
273,2025-12-04,Bookshelf,Furniture,South,13,48548,19,206,7510,631124,12,4,2025
274,2024-10-08,Bookshelf,Furniture,North,14,45160,1,439,6448,632240,10,4,2024
275,2025-04-03,Study Table,Furniture,South,17,10721,4,94,2541,182257,4,2,2025
276,2022-09-29,Study Table,Furniture,North,20,38476,14,323,1974,769520,9,3,2022
277,2022-10-21,Sofa,Furniture,South,17,29976,7,352,1698,509592,10,4,2022
278,2023-11-12,Office Chair,Furniture,South,14,26115,15,496,7415,365610,11,4,2023
279,2024-07-07,Office Chair,Furniture,South,13,40694,7,60,5516,529022,7,3,2024
280,2022-06-17,Dining Table,Furniture,South,7,23933,6,368,1972,167531,6,2,2022
281,2023-08-23,Study Table,Furniture,West,6,23373,8,108,1565,140238,8,3,2023
282,2022-09-27,Coffee Table,Furniture,North,20,11667,15,433,7007,233340,9,3,2022
283,2024-05-29,Dining Table,Furniture,North,19,43870,12,378,3382,833530,5,2,2024
284,2024-11-18,Coffee Table,Furniture,South,16,34247,19,380,3175,547952,11,4,2024
285,2024-02-05,Office Chair,Furniture,East,11,10834,8,357,9210,119174,2,1,2024
286,2023-10-18,Wardrobe,Furniture,West,19,28241,9,424,3035,536579,10,4,2023
287,2022-07-23,Sofa,Furniture,South,10,35667,17,145,4352,356670,7,3,2022
288,2024-07-26,Bookshelf,Furniture,South,8,33090,11,140,3278,264720,7,3,2024
289,2022-04-10,Study Table,Furniture,East,2,18932,6,375,7458,37864,4,2,2022
290,2024-10-05,Dining Table,Furniture,West,1,9349,15,54,9341,9349,10,4,2024
291,2023-04-20,Office Chair,Furniture,East,1,10726,6,393,1408,10726,4,2,2023
292,2025-01-22,Bed,Furniture,North,3,29544,15,388,1563,88632,1,1,2025
293,2024-08-13,Study Table,Furniture,South,20,11527,16,177,2250,230540,8,3,2024
294,2024-09-03,Office Chair,Furniture,East,17,9328,17,95,7275,158576,9,3,2024
295,2024-03-01,Coffee Table,Furniture,East,9,48007,18,497,6201,432063,3,1,2024
296,2025-09-26,Study Table,Furniture,West,18,9627,20,133,2848,173286,9,3,2025
297,2024-06-20,Coffee Table,Furniture,West,15,48062,5,66,1343,720930,6,2,2024
298,2025-05-01,Dining Table,Furniture,South,7,15271,10,466,5142,106897,5,2,2025
299,2023-02-26,Wardrobe,Furniture,South,5,37384,3,387,9947,186920,2,1,2023
300,2024-05-09,Wardrobe,Furniture,South,1,37091,1,456,8031,37091,5,2,2024
301,2024-12-17,Coffee Table,Furniture,West,18,14873,10,444,6013,267714,12,4,2024
302,2022-01-03,Dining Table,Furniture,South,7,47682,0,141,3034,333774,1,1,2022
303,2025-05-03,Study Table,Furniture,South,20,36670,6,134,6446,733400,5,2,2025
304,2022-03-10,Study Table,Furniture,South,18,27935,9,205,3979,502830,3,1,2022
305,2023-03-18,Office Chair,Furniture,West,2,46565,4,152,2291,93130,3,1,2023
306,2025-08-12,Study Table,Furniture,North,9,34482,11,320,1868,310338,8,3,2025
307,2025-05-24,Bookshelf,Furniture,North,19,19747,10,494,5377,375193,5,2,2025
308,2023-11-14,Study Table,Furniture,North,13,11381,13,278,5047,147953,11,4,2023
309,2025-01-20,Study Table,Furniture,East,16,27141,1,485,2115,434256,1,1,2025
310,2025-11-19,Bookshelf,Furniture,North,7,34961,5,205,6630,244727,11,4,2025
311,2022-12-26,Bed,Furniture,West,2,20198,11,383,2064,40396,12,4,2022
312,2025-10-07,Sofa,Furniture,West,13,22527,19,311,2246,292851,10,4,2025
313,2023-06-27,Office Chair,Furniture,West,13,8464,3,115,6310,110032,6,2,2023
314,2022-05-31,Dining Table,Furniture,East,5,6370,11,183,7173,31850,5,2,2022
315,2024-03-14,Coffee Table,Furniture,North,20,11974,3,59,3827,239480,3,1,2024
316,2024-06-10,Bed,Furniture,South,7,20720,19,201,2701,145040,6,2,2024
317,2024-02-03,Coffee Table,Furniture,West,10,47561,4,244,3599,475610,2,1,2024
318,2024-12-12,Wardrobe,Furniture,North,17,35535,13,296,2412,604095,12,4,2024
319,2025-06-06,Study Table,Furniture,East,7,20473,8,127,5664,143311,6,2,2025
320,2024-04-05,Sofa,Furniture,East,16,40754,16,237,5109,652064,4,2,2024
321,2022-01-17,Coffee Table,Furniture,West,18,46656,1,99,1891,839808,1,1,2022
322,2022-03-26,Study Table,Furniture,North,17,46432,9,270,1251,789344,3,1,2022
323,2023-09-29,Study Table,Furniture,North,9,29269,3,96,7555,263421,9,3,2023
324,2024-04-06,Coffee Table,Furniture,North,9,48188,20,184,3810,433692,4,2,2024
325,2022-09-23,Study Table,Furniture,North,10,7236,8,419,4580,72360,9,3,2022
326,2024-10-07,Bed,Furniture,North,2,27763,16,376,6320,55526,10,4,2024
327,2025-04-16,Sofa,Furniture,North,7,6554,15,436,2425,45878,4,2,2025
328,2023-11-08,Bed,Furniture,South,11,9611,15,452,3777,105721,11,4,2023
329,2022-04-18,Bookshelf,Furniture,North,17,45383,7,341,1227,771511,4,2,2022
330,2024-07-15,Study Table,Furniture,South,20,25806,4,58,6276,516120,7,3,2024
331,2022-07-01,Office Chair,Furniture,East,11,20531,4,333,3164,225841,7,3,2022
332,2024-01-03,Study Table,Furniture,East,1,44580,7,352,3990,44580,1,1,2024
333,2023-08-08,Dining Table,Furniture,South,4,16814,8,146,2073,67256,8,3,2023
334,2024-10-31,Bookshelf,Furniture,South,6,40782,17,356,4982,244692,10,4,2024
335,2024-04-21,Wardrobe,Furniture,West,16,22513,9,403,1565,360208,4,2,2024
336,2023-10-15,Dining Table,Furniture,West,16,25196,3,73,9978,403136,10,4,2023
337,2025-03-15,Study Table,Furniture,South,3,11534,1,136,7352,34602,3,1,2025
338,2023-10-21,Study Table,Furniture,East,12,33218,7,264,8573,398616,10,4,2023
339,2023-10-19,Wardrobe,Furniture,East,4,25846,11,453,3644,103384,10,4,2023
340,2023-01-12,Sofa,Furniture,East,2,43751,13,298,2178,87502,1,1,2023
341,2025-01-26,Coffee Table,Furniture,East,11,46283,11,461,4213,509113,1,1,2025
342,2025-06-06,Bed,Furniture,West,5,39815,14,54,3637,199075,6,2,2025
343,2024-05-07,Coffee Table,Furniture,North,8,45441,2,111,7092,363528,5,2,2024
344,2024-08-13,Coffee Table,Furniture,North,2,12393,13,53,7522,24786,8,3,2024
345,2024-12-22,Coffee Table,Furniture,West,2,14493,6,248,4227,28986,12,4,2024
346,2023-07-28,Bed,Furniture,South,18,14657,1,211,3183,263826,7,3,2023
347,2025-08-30,Dining Table,Furniture,West,16,49153,3,328,8097,786448,8,3,2025
348,2023-12-06,Office Chair,Furniture,West,15,47272,11,183,6987,709080,12,4,2023
349,2025-08-24,Sofa,Furniture,East,1,47222,8,465,3798,47222,8,3,2025
350,2023-11-24,Bed,Furniture,West,15,5194,12,409,4988,77910,11,4,2023
351,2024-03-20,Study Table,Furniture,East,1,21159,2,157,7449,21159,3,1,2024
352,2022-10-29,Bed,Furniture,East,18,14277,14,116,8083,256986,10,4,2022
353,2022-02-21,Wardrobe,Furniture,East,8,3839,5,416,2281,30712,2,1,2022
354,2024-04-02,Coffee Table,Furniture,North,18,38470,0,348,4591,692460,4,2,2024
355,2025-07-15,Bookshelf,Furniture,East,9,40954,15,236,9382,368586,7,3,2025
356,2023-09-25,Wardrobe,Furniture,East,8,12501,15,163,7817,100008,9,3,2023
357,2025-02-07,Office Chair,Furniture,South,14,11225,19,98,9781,157150,2,1,2025
358,2023-09-07,Sofa,Furniture,East,4,10449,19,395,9253,41796,9,3,2023
359,2023-05-09,Sofa,Furniture,North,3,28731,15,160,3142,86193,5,2,2023
360,2023-05-26,Office Chair,Furniture,West,9,7068,9,110,5375,63612,5,2,2023
361,2022-12-07,Bed,Furniture,South,19,21900,7,251,8039,416100,12,4,2022
362,2023-08-30,Bookshelf,Furniture,North,12,6235,13,465,1703,74820,8,3,2023
363,2024-10-23,Bed,Furniture,West,3,8765,19,242,3026,26295,10,4,2024
364,2024-06-24,Wardrobe,Furniture,South,17,35321,19,61,8603,600457,6,2,2024
365,2022-02-12,Study Table,Furniture,South,7,41743,19,61,9267,292201,2,1,2022
366,2024-05-29,Sofa,Furniture,North,12,34376,14,199,3480,412512,5,2,2024
367,2024-08-11,Coffee Table,Furniture,West,20,19207,10,314,9361,384140,8,3,2024
368,2022-10-31,Dining Table,Furniture,South,15,15782,19,426,7553,236730,10,4,2022
369,2023-10-30,Bookshelf,Furniture,South,20,48961,0,363,4926,979220,10,4,2023
370,2023-04-06,Bookshelf,Furniture,West,13,7370,4,370,9449,95810,4,2,2023
371,2024-03-12,Office Chair,Furniture,South,14,28054,16,477,3893,392756,3,1,2024
372,2023-03-06,Dining Table,Furniture,East,3,45044,0,246,5013,135132,3,1,2023
373,2023-09-01,Coffee Table,Furniture,West,17,28397,4,308,3908,482749,9,3,2023
374,2024-12-31,Wardrobe,Furniture,East,18,42166,17,109,6683,758988,12,4,2024
375,2024-02-01,Dining Table,Furniture,North,6,11732,0,112,5816,70392,2,1,2024
376,2025-10-12,Bed,Furniture,North,15,14829,14,247,7416,222435,10,4,2025
377,2023-02-07,Office Chair,Furniture,West,18,44418,5,452,4320,799524,2,1,2023
378,2023-01-30,Bookshelf,Furniture,South,15,27009,11,183,1641,405135,1,1,2023
379,2023-10-31,Sofa,Furniture,West,12,5087,16,499,8262,61044,10,4,2023
380,2024-05-01,Wardrobe,Furniture,West,14,18024,17,153,8349,252336,5,2,2024
381,2022-01-23,Wardrobe,Furniture,North,7,12311,0,157,8857,86177,1,1,2022
382,2024-08-16,Study Table,Furniture,North,5,44170,17,458,9364,220850,8,3,2024
383,2024-04-20,Dining Table,Furniture,North,7,4954,11,84,2397,34678,4,2,2024
384,2024-07-08,Study Table,Furniture,West,10,26123,3,253,9923,261230,7,3,2024
385,2024-07-11,Bookshelf,Furniture,West,1,36502,1,314,3579,36502,7,3,2024
386,2022-02-07,Office Chair,Furniture,East,10,16823,19,124,6976,168230,2,1,2022
387,2023-08-14,Coffee Table,Furniture,South,15,31589,19,73,2484,473835,8,3,2023
388,2023-07-31,Sofa,Furniture,East,9,43218,19,65,7181,388962,7,3,2023
389,2022-07-07,Wardrobe,Furniture,East,12,28815,20,227,5502,345780,7,3,2022
390,2024-06-04,Office Chair,Furniture,South,18,27251,15,455,4613,490518,6,2,2024
391,2024-07-16,Bed,Furniture,North,15,13230,8,317,9976,198450,7,3,2024
392,2025-06-12,Bookshelf,Furniture,South,9,28657,12,163,9640,257913,6,2,2025
393,2025-08-19,Office Chair,Furniture,West,19,11632,13,355,7418,221008,8,3,2025
394,2025-10-30,Sofa,Furniture,West,14,23004,6,412,1005,322056,10,4,2025
395,2022-11-29,Study Table,Furniture,East,8,6348,17,486,4502,50784,11,4,2022
396,2025-01-24,Dining Table,Furniture,East,9,16178,15,481,9679,145602,1,1,2025
397,2025-03-13,Office Chair,Furniture,North,16,2590,12,217,1459,41440,3,1,2025
398,2025-12-13,Bed,Furniture,East,18,27239,18,72,9260,490302,12,4,2025
399,2025-08-15,Dining Table,Furniture,West,20,24607,14,241,6493,492140,8,3,2025
400,2023-04-28,Wardrobe,Furniture,North,14,40533,6,51,5330,567462,4,2,2023
401,2024-06-29,Bookshelf,Furniture,West,18,46785,14,331,2900,842130,6,2,2024
402,2025-09-01,Wardrobe,Furniture,West,8,44493,10,452,5735,355944,9,3,2025
403,2022-10-21,Coffee Table,Furniture,West,7,32820,10,446,8042,229740,10,4,2022
404,2023-11-28,Wardrobe,Furniture,South,8,49609,19,140,7042,396872,11,4,2023
405,2023-11-04,Office Chair,Furniture,East,18,17121,6,304,9435,308178,11,4,2023
406,2023-09-03,Wardrobe,Furniture,East,17,13664,2,302,6621,232288,9,3,2023
407,2025-02-13,Office Chair,Furniture,East,12,43597,10,132,1687,523164,2,1,2025
408,2024-11-22,Dining Table,Furniture,South,15,10153,11,169,9901,152295,11,4,2024
409,2022-07-17,Wardrobe,Furniture,South,20,26655,15,306,7631,533100,7,3,2022
410,2024-07-02,Bookshelf,Furniture,East,16,21137,14,71,8807,338192,7,3,2024
411,2025-07-07,Dining Table,Furniture,North,10,2518,2,91,8177,25180,7,3,2025
412,2022-05-02,Sofa,Furniture,South,5,14142,16,229,6758,70710,5,2,2022
413,2024-02-17,Study Table,Furniture,West,7,22955,12,310,1472,160685,2,1,2024
414,2023-11-15,Dining Table,Furniture,East,8,35744,6,130,8157,285952,11,4,2023
415,2022-11-29,Bookshelf,Furniture,East,17,23486,9,77,1893,399262,11,4,2022
416,2024-12-07,Study Table,Furniture,East,9,41454,12,423,1481,373086,12,4,2024
417,2025-04-08,Wardrobe,Furniture,South,8,37377,19,313,6515,299016,4,2,2025
418,2023-12-23,Sofa,Furniture,South,7,15597,0,328,8445,109179,12,4,2023
419,2022-03-22,Dining Table,Furniture,North,18,46515,1,201,4658,837270,3,1,2022
420,2025-05-04,Study Table,Furniture,North,14,38817,9,396,5620,543438,5,2,2025
421,2024-09-28,Study Table,Furniture,South,4,46397,8,357,1920,185588,9,3,2024
422,2023-05-24,Dining Table,Furniture,North,14,32638,3,438,7636,456932,5,2,2023
423,2025-08-04,Dining Table,Furniture,East,17,27607,8,98,6528,469319,8,3,2025
424,2025-04-10,Study Table,Furniture,West,4,20556,20,434,9540,82224,4,2,2025
425,2023-04-08,Wardrobe,Furniture,East,8,17771,16,56,1827,142168,4,2,2023
426,2022-06-20,Coffee Table,Furniture,West,4,41038,9,409,9164,164152,6,2,2022
427,2022-09-08,Office Chair,Furniture,North,1,12490,10,313,4621,12490,9,3,2022
428,2022-06-06,Office Chair,Furniture,North,6,27280,16,182,3933,163680,6,2,2022
429,2023-12-26,Bed,Furniture,East,20,20782,4,202,5520,415640,12,4,2023
430,2024-04-05,Bed,Furniture,West,15,37420,9,411,3084,561300,4,2,2024
431,2022-07-11,Coffee Table,Furniture,East,11,25043,14,408,6048,275473,7,3,2022
432,2022-08-01,Wardrobe,Furniture,West,17,44651,6,322,2168,759067,8,3,2022
433,2024-08-07,Office Chair,Furniture,South,14,42488,18,277,6052,594832,8,3,2024
434,2024-04-15,Study Table,Furniture,West,1,3411,1,182,3459,3411,4,2,2024
435,2025-02-03,Coffee Table,Furniture,East,8,29704,13,412,5119,237632,2,1,2025
436,2024-06-07,Bed,Furniture,South,8,15479,12,179,9598,123832,6,2,2024
437,2023-10-25,Sofa,Furniture,West,9,17927,2,91,3540,161343,10,4,2023
438,2025-06-08,Bed,Furniture,North,20,14018,14,99,2997,280360,6,2,2025
439,2023-03-20,Study Table,Furniture,North,13,11493,0,209,1162,149409,3,1,2023
440,2025-01-09,Dining Table,Furniture,South,8,5458,14,485,6828,43664,1,1,2025
441,2022-11-27,Coffee Table,Furniture,East,6,49530,20,176,3473,297180,11,4,2022
442,2025-05-04,Bed,Furniture,West,7,28388,16,119,3354,198716,5,2,2025
443,2022-09-27,Coffee Table,Furniture,East,15,20689,5,405,3960,310335,9,3,2022
444,2023-10-11,Dining Table,Furniture,East,5,38889,10,307,1631,194445,10,4,2023
445,2025-09-07,Bookshelf,Furniture,West,15,39597,19,406,6255,593955,9,3,2025
446,2022-07-30,Coffee Table,Furniture,West,13,33997,0,426,6956,441961,7,3,2022
447,2024-07-19,Wardrobe,Furniture,West,14,5602,6,396,9385,78428,7,3,2024
448,2023-08-05,Dining Table,Furniture,East,6,15139,2,484,1129,90834,8,3,2023
449,2023-02-27,Sofa,Furniture,South,11,41813,15,333,2875,459943,2,1,2023
450,2025-09-27,Study Table,Furniture,North,17,47031,8,382,3031,799527,9,3,2025
451,2023-09-29,Coffee Table,Furniture,North,4,35886,0,181,6676,143544,9,3,2023
452,2025-08-25,Dining Table,Furniture,West,10,26474,16,279,4018,264740,8,3,2025
453,2023-12-28,Dining Table,Furniture,West,15,30797,11,147,3212,461955,12,4,2023
454,2024-11-19,Sofa,Furniture,West,3,13586,1,310,2606,40758,11,4,2024
455,2025-06-25,Sofa,Furniture,East,4,3886,7,159,8687,15544,6,2,2025
456,2025-03-29,Wardrobe,Furniture,East,1,31320,18,447,9482,31320,3,1,2025
457,2025-04-10,Study Table,Furniture,North,4,29358,4,205,8516,117432,4,2,2025
458,2022-08-25,Bookshelf,Furniture,West,1,30804,9,352,4352,30804,8,3,2022
459,2022-03-12,Dining Table,Furniture,East,12,34718,19,75,2642,416616,3,1,2022
460,2024-02-16,Bookshelf,Furniture,East,10,15318,1,302,5037,153180,2,1,2024
461,2022-02-01,Study Table,Furniture,North,5,47459,15,100,6438,237295,2,1,2022
462,2023-07-13,Bookshelf,Furniture,North,17,32657,2,87,6980,555169,7,3,2023
463,2025-05-17,Office Chair,Furniture,West,6,27183,15,334,3280,163098,5,2,2025
464,2022-02-16,Bed,Furniture,East,17,2506,15,463,4693,42602,2,1,2022
465,2022-01-09,Study Table,Furniture,East,19,5234,9,333,4072,99446,1,1,2022
466,2023-12-14,Bed,Furniture,East,13,29846,2,88,9808,387998,12,4,2023
467,2025-07-20,Dining Table,Furniture,West,18,26162,6,243,3093,470916,7,3,2025
468,2025-07-29,Coffee Table,Furniture,South,5,41884,2,355,2113,209420,7,3,2025
469,2022-07-02,Bed,Furniture,North,4,25715,20,422,9103,102860,7,3,2022
470,2024-04-13,Office Chair,Furniture,West,1,38063,2,357,7194,38063,4,2,2024
471,2022-01-25,Bed,Furniture,South,11,26223,4,257,4783,288453,1,1,2022
472,2022-01-29,Sofa,Furniture,East,8,36804,15,381,4634,294432,1,1,2022
473,2024-01-05,Coffee Table,Furniture,West,19,35190,12,384,6337,668610,1,1,2024
474,2025-01-12,Bed,Furniture,North,12,9743,10,50,3952,116916,1,1,2025
475,2024-09-20,Dining Table,Furniture,South,10,37043,0,183,8118,370430,9,3,2024
476,2022-06-15,Dining Table,Furniture,East,7,31561,1,356,2500,220927,6,2,2022
477,2023-12-20,Study Table,Furniture,North,16,3396,9,373,6307,54336,12,4,2023
478,2022-02-14,Bookshelf,Furniture,East,4,8245,20,407,1913,32980,2,1,2022
479,2024-08-08,Study Table,Furniture,North,19,9086,4,493,1189,172634,8,3,2024
480,2023-04-18,Wardrobe,Furniture,East,2,41150,9,213,6522,82300,4,2,2023
481,2023-02-20,Study Table,Furniture,East,5,14658,1,132,8168,73290,2,1,2023
482,2025-05-30,Bookshelf,Furniture,South,2,3406,19,411,2065,6812,5,2,2025
483,2022-12-10,Coffee Table,Furniture,West,19,34433,7,176,5000,654227,12,4,2022
484,2025-10-07,Office Chair,Furniture,South,10,20998,13,94,5875,209980,10,4,2025
485,2023-04-10,Coffee Table,Furniture,East,1,24916,8,147,5984,24916,4,2,2023
486,2025-03-01,Office Chair,Furniture,West,11,25110,2,247,8043,276210,3,1,2025
487,2025-03-20,Study Table,Furniture,West,20,3256,20,321,7253,65120,3,1,2025
488,2024-02-23,Bookshelf,Furniture,North,20,46538,2,64,8939,930760,2,1,2024
489,2024-12-16,Study Table,Furniture,North,7,33894,1,392,4876,237258,12,4,2024
490,2023-07-17,Study Table,Furniture,South,2,34853,6,211,4865,69706,7,3,2023
491,2023-08-04,Dining Table,Furniture,South,10,10901,9,100,4838,109010,8,3,2023
492,2022-01-05,Dining Table,Furniture,West,15,45702,11,448,7474,685530,1,1,2022
493,2024-10-22,Study Table,Furniture,East,1,34342,12,476,5062,34342,10,4,2024
494,2025-07-15,Dining Table,Furniture,South,20,46719,19,84,8866,934380,7,3,2025
495,2024-11-09,Study Table,Furniture,North,7,8972,7,356,3906,62804,11,4,2024
496,2022-05-30,Office Chair,Furniture,North,7,38911,7,429,5441,272377,5,2,2022
497,2024-09-09,Dining Table,Furniture,North,4,7932,13,216,7986,31728,9,3,2024
498,2022-04-03,Bed,Furniture,South,16,6529,10,372,7806,104464,4,2,2022
499,2024-01-14,Wardrobe,Furniture,East,8,22802,4,285,3307,182416,1,1,2024
500,2025-09-21,Bed,Furniture,East,16,18249,12,461,5009,291984,9,3,2025
501,2024-12-05,Wardrobe,Furniture,West,18,15416,10,237,1843,277488,12,4,2024
502,2024-07-01,Sofa,Furniture,East,7,47073,17,134,9539,329511,7,3,2024
503,2023-07-29,Office Chair,Furniture,East,7,45989,9,412,8020,321923,7,3,2023
504,2023-09-29,Study Table,Furniture,West,19,17623,9,208,9838,334837,9,3,2023
505,2025-07-03,Dining Table,Furniture,East,20,21752,1,93,9413,435040,7,3,2025
506,2024-03-15,Bed,Furniture,South,11,25329,4,307,5004,278619,3,1,2024
507,2022-04-20,Wardrobe,Furniture,North,14,7468,14,423,7809,104552,4,2,2022
508,2025-12-06,Coffee Table,Furniture,West,13,45833,12,350,6795,595829,12,4,2025
509,2023-08-11,Sofa,Furniture,East,9,42391,3,77,1152,381519,8,3,2023
510,2024-06-30,Office Chair,Furniture,North,1,9696,14,224,6533,9696,6,2,2024
511,2023-02-20,Bookshelf,Furniture,West,18,14301,3,303,4950,257418,2,1,2023
512,2022-11-20,Coffee Table,Furniture,North,9,12877,8,330,9215,115893,11,4,2022
513,2022-04-05,Wardrobe,Furniture,East,14,43575,10,379,8075,610050,4,2,2022
514,2024-06-26,Bookshelf,Furniture,South,1,29381,12,459,6345,29381,6,2,2024
515,2025-08-31,Coffee Table,Furniture,South,17,49123,10,454,4928,835091,8,3,2025
516,2023-10-21,Sofa,Furniture,South,15,10734,1,351,1761,161010,10,4,2023
517,2022-10-23,Coffee Table,Furniture,West,14,47339,14,471,8693,662746,10,4,2022
518,2025-04-08,Wardrobe,Furniture,West,9,21757,17,386,9841,195813,4,2,2025
519,2024-11-14,Wardrobe,Furniture,East,11,12491,14,130,1840,137401,11,4,2024
520,2024-11-19,Office Chair,Furniture,East,15,33373,8,262,9847,500595,11,4,2024
521,2025-11-08,Wardrobe,Furniture,West,19,10489,17,332,1807,199291,11,4,2025
522,2023-03-31,Dining Table,Furniture,South,17,35602,18,275,9135,605234,3,1,2023
523,2024-01-16,Study Table,Furniture,West,19,19460,9,156,7413,369740,1,1,2024
524,2025-05-30,Wardrobe,Furniture,North,10,21615,6,113,8737,216150,5,2,2025
525,2025-01-03,Coffee Table,Furniture,West,10,37290,10,359,4804,372900,1,1,2025
526,2023-05-01,Coffee Table,Furniture,South,20,47196,16,106,3618,943920,5,2,2023
527,2022-08-03,Coffee Table,Furniture,North,16,19225,1,103,3353,307600,8,3,2022
528,2025-08-03,Coffee Table,Furniture,North,15,30161,1,367,3562,452415,8,3,2025
529,2022-05-08,Bed,Furniture,South,3,4410,15,497,9311,13230,5,2,2022
530,2025-09-22,Sofa,Furniture,West,9,26529,2,419,5106,238761,9,3,2025
531,2022-01-05,Office Chair,Furniture,West,14,18094,20,481,6411,253316,1,1,2022
532,2023-04-23,Coffee Table,Furniture,West,9,15789,12,156,9244,142101,4,2,2023
533,2023-02-06,Coffee Table,Furniture,South,2,24667,1,245,5274,49334,2,1,2023
534,2024-07-31,Study Table,Furniture,West,16,37797,15,475,7677,604752,7,3,2024
535,2024-12-14,Coffee Table,Furniture,East,5,28109,17,122,5076,140545,12,4,2024
536,2022-01-20,Wardrobe,Furniture,West,7,7252,3,277,7768,50764,1,1,2022
537,2025-11-27,Sofa,Furniture,South,10,5828,6,409,8299,58280,11,4,2025
538,2025-04-29,Office Chair,Furniture,West,15,43435,20,441,4958,651525,4,2,2025
539,2023-12-31,Wardrobe,Furniture,West,17,17961,20,479,6925,305337,12,4,2023
540,2022-12-28,Bookshelf,Furniture,North,19,48900,16,401,7656,929100,12,4,2022
541,2024-12-21,Sofa,Furniture,East,4,3281,11,89,1197,13124,12,4,2024
542,2023-05-12,Sofa,Furniture,East,1,28057,20,395,7063,28057,5,2,2023
543,2022-03-19,Wardrobe,Furniture,South,14,47777,3,211,7102,668878,3,1,2022
544,2025-05-18,Wardrobe,Furniture,North,13,40647,13,292,7318,528411,5,2,2025
545,2025-01-25,Office Chair,Furniture,South,9,3339,20,254,8902,30051,1,1,2025
546,2023-11-25,Bookshelf,Furniture,East,2,16576,11,417,8686,33152,11,4,2023
547,2024-05-18,Coffee Table,Furniture,South,5,18027,13,440,3207,90135,5,2,2024
548,2023-05-19,Study Table,Furniture,East,6,44910,10,212,2624,269460,5,2,2023
549,2022-05-29,Dining Table,Furniture,East,12,44964,8,351,3709,539568,5,2,2022
550,2022-04-22,Office Chair,Furniture,North,3,47340,14,76,3274,142020,4,2,2022
551,2024-06-29,Wardrobe,Furniture,North,12,23047,14,162,3987,276564,6,2,2024
552,2023-05-03,Coffee Table,Furniture,West,19,30857,4,62,5684,586283,5,2,2023
553,2025-05-01,Dining Table,Furniture,North,19,17295,17,312,5878,328605,5,2,2025
554,2025-11-19,Wardrobe,Furniture,North,5,25557,20,307,1116,127785,11,4,2025
555,2023-07-13,Study Table,Furniture,North,20,28964,13,421,4816,579280,7,3,2023
556,2022-05-09,Bed,Furniture,North,8,9865,0,66,8883,78920,5,2,2022
557,2025-06-24,Bed,Furniture,East,3,13727,14,66,7853,41181,6,2,2025
558,2023-06-19,Bookshelf,Furniture,East,18,14408,0,277,5785,259344,6,2,2023
559,2024-02-29,Bookshelf,Furniture,West,2,9265,13,73,7873,18530,2,1,2024
560,2022-11-21,Wardrobe,Furniture,West,15,7578,0,463,4893,113670,11,4,2022
561,2023-08-30,Office Chair,Furniture,North,5,49875,0,387,3260,249375,8,3,2023
562,2022-01-10,Sofa,Furniture,South,10,47636,16,196,1420,476360,1,1,2022
563,2025-09-27,Study Table,Furniture,South,20,37859,2,233,7999,757180,9,3,2025
564,2023-11-18,Bookshelf,Furniture,East,10,45158,14,488,6650,451580,11,4,2023
565,2022-10-02,Bookshelf,Furniture,West,19,43798,13,260,1019,832162,10,4,2022
566,2023-04-08,Wardrobe,Furniture,West,8,16238,14,151,4529,129904,4,2,2023
567,2024-09-08,Study Table,Furniture,North,5,2113,14,336,9109,10565,9,3,2024
568,2022-09-15,Office Chair,Furniture,East,11,31296,15,471,3638,344256,9,3,2022
569,2025-09-13,Coffee Table,Furniture,West,2,45752,8,327,2341,91504,9,3,2025
570,2025-05-19,Office Chair,Furniture,South,10,16522,3,370,3671,165220,5,2,2025
571,2022-06-22,Office Chair,Furniture,East,6,15058,8,232,6437,90348,6,2,2022
572,2025-03-28,Coffee Table,Furniture,North,14,10904,19,141,4328,152656,3,1,2025
573,2022-08-29,Sofa,Furniture,South,13,14581,8,441,1274,189553,8,3,2022
574,2025-09-18,Wardrobe,Furniture,South,7,35731,12,200,5677,250117,9,3,2025
575,2022-06-27,Study Table,Furniture,West,12,48975,18,258,7322,587700,6,2,2022
576,2024-09-05,Wardrobe,Furniture,South,1,38351,16,172,8215,38351,9,3,2024
577,2022-10-25,Dining Table,Furniture,North,7,4028,20,290,2228,28196,10,4,2022
578,2025-06-03,Bed,Furniture,North,16,11493,11,158,4407,183888,6,2,2025
579,2025-12-09,Coffee Table,Furniture,East,16,18617,5,68,3563,297872,12,4,2025
580,2024-07-30,Bookshelf,Furniture,West,9,25670,4,438,8890,231030,7,3,2024
581,2024-05-07,Study Table,Furniture,East,17,13899,16,84,3532,236283,5,2,2024
582,2025-10-11,Coffee Table,Furniture,South,12,47406,8,381,8882,568872,10,4,2025
583,2025-12-14,Coffee Table,Furniture,South,9,32122,1,59,7401,289098,12,4,2025
584,2022-12-21,Bookshelf,Furniture,West,16,14439,11,195,5733,231024,12,4,2022
585,2023-01-20,Office Chair,Furniture,South,20,3107,2,324,5818,62140,1,1,2023
586,2025-05-21,Sofa,Furniture,South,12,10745,9,225,4196,128940,5,2,2025
587,2024-01-12,Coffee Table,Furniture,South,7,29065,13,448,8324,203455,1,1,2024
588,2023-05-03,Dining Table,Furniture,West,10,3284,10,438,9727,32840,5,2,2023
589,2025-08-08,Bookshelf,Furniture,West,5,4488,13,181,2438,22440,8,3,2025
590,2022-06-25,Sofa,Furniture,East,19,21243,12,184,6687,403617,6,2,2022
591,2025-01-08,Study Table,Furniture,North,3,39491,19,374,6864,118473,1,1,2025
592,2025-12-24,Dining Table,Furniture,West,17,8702,1,403,2530,147934,12,4,2025
593,2025-02-23,Bookshelf,Furniture,North,20,49165,9,454,9721,983300,2,1,2025
594,2023-03-25,Office Chair,Furniture,South,17,21555,0,434,7009,366435,3,1,2023
595,2023-03-23,Wardrobe,Furniture,East,10,13215,13,229,6713,132150,3,1,2023
596,2024-03-05,Coffee Table,Furniture,North,17,41105,5,474,4759,698785,3,1,2024
597,2025-10-02,Bookshelf,Furniture,East,18,12181,7,340,1714,219258,10,4,2025
598,2023-02-11,Dining Table,Furniture,East,20,47491,10,445,3790,949820,2,1,2023
599,2023-09-08,Study Table,Furniture,North,1,31172,14,309,1029,31172,9,3,2023
600,2022-12-07,Wardrobe,Furniture,West,3,32072,2,152,8680,96216,12,4,2022
601,2024-11-05,Office Chair,Furniture,North,3,27614,13,167,9292,82842,11,4,2024
602,2023-10-12,Coffee Table,Furniture,North,12,35534,14,313,1175,426408,10,4,2023
603,2025-08-31,Bed,Furniture,East,5,33356,17,385,4911,166780,8,3,2025
604,2023-01-23,Sofa,Furniture,South,5,13170,10,349,3501,65850,1,1,2023
605,2023-03-05,Coffee Table,Furniture,East,10,47152,14,155,4491,471520,3,1,2023
606,2025-04-24,Office Chair,Furniture,West,15,5547,15,271,9612,83205,4,2,2025
607,2022-05-27,Study Table,Furniture,East,13,42465,12,492,6356,552045,5,2,2022
608,2022-11-11,Bookshelf,Furniture,South,16,18242,13,434,1633,291872,11,4,2022
609,2025-04-18,Dining Table,Furniture,South,1,24697,6,370,5130,24697,4,2,2025
610,2024-10-18,Office Chair,Furniture,West,12,21881,16,146,3717,262572,10,4,2024
611,2024-05-29,Sofa,Furniture,West,20,3971,0,78,9357,79420,5,2,2024
612,2023-02-17,Bed,Furniture,North,5,5969,7,146,1397,29845,2,1,2023
613,2022-05-31,Bookshelf,Furniture,East,10,46234,1,441,7267,462340,5,2,2022
614,2025-09-24,Wardrobe,Furniture,North,5,11878,7,52,8204,59390,9,3,2025
615,2022-09-12,Bed,Furniture,South,14,28413,16,217,9780,397782,9,3,2022
616,2023-01-05,Study Table,Furniture,North,9,16908,17,53,2609,152172,1,1,2023
617,2024-05-13,Coffee Table,Furniture,North,3,19242,15,266,3887,57726,5,2,2024
618,2022-01-26,Bed,Furniture,South,20,34578,19,292,2147,691560,1,1,2022
619,2024-07-28,Office Chair,Furniture,South,18,41583,13,53,4692,748494,7,3,2024
620,2024-10-07,Wardrobe,Furniture,West,11,32443,14,452,1202,356873,10,4,2024
621,2025-08-31,Wardrobe,Furniture,North,5,49774,12,73,3157,248870,8,3,2025
622,2022-04-14,Wardrobe,Furniture,South,3,9818,19,143,3905,29454,4,2,2022
623,2025-01-16,Sofa,Furniture,North,4,15473,20,300,2379,61892,1,1,2025
624,2022-04-28,Wardrobe,Furniture,South,9,38043,12,61,3495,342387,4,2,2022
625,2023-10-31,Office Chair,Furniture,North,7,49912,13,339,1622,349384,10,4,2023
626,2024-12-05,Wardrobe,Furniture,East,2,35809,8,190,1603,71618,12,4,2024
627,2022-03-25,Sofa,Furniture,North,6,33235,10,449,3354,199410,3,1,2022
628,2024-08-13,Coffee Table,Furniture,East,17,16188,12,104,2635,275196,8,3,2024
629,2022-11-05,Bookshelf,Furniture,West,8,44954,11,261,2811,359632,11,4,2022
630,2024-02-21,Sofa,Furniture,South,1,29016,16,233,2935,29016,2,1,2024
631,2025-06-23,Sofa,Furniture,West,10,29324,4,186,6143,293240,6,2,2025
632,2025-03-30,Dining Table,Furniture,East,14,22358,20,272,5128,313012,3,1,2025
633,2023-07-21,Bed,Furniture,West,5,47207,1,182,4432,236035,7,3,2023
634,2022-04-12,Sofa,Furniture,West,11,23293,11,81,1111,256223,4,2,2022
635,2024-04-03,Dining Table,Furniture,West,2,16334,13,324,3169,32668,4,2,2024
636,2025-12-11,Bookshelf,Furniture,East,6,18810,11,137,3728,112860,12,4,2025
637,2025-01-28,Office Chair,Furniture,East,3,15802,11,420,3635,47406,1,1,2025
638,2024-08-04,Coffee Table,Furniture,South,15,24716,2,427,3294,370740,8,3,2024
639,2023-01-10,Study Table,Furniture,South,15,19483,6,152,6956,292245,1,1,2023
640,2025-04-19,Bed,Furniture,East,12,26516,9,440,3065,318192,4,2,2025
641,2024-06-04,Sofa,Furniture,West,11,4413,1,441,4007,48543,6,2,2024
642,2022-10-25,Office Chair,Furniture,South,9,19021,7,147,8098,171189,10,4,2022
643,2022-01-17,Coffee Table,Furniture,North,14,28719,1,226,7627,402066,1,1,2022
644,2025-06-06,Coffee Table,Furniture,West,14,13889,4,156,9420,194446,6,2,2025
645,2022-02-15,Bookshelf,Furniture,South,10,18504,9,410,5730,185040,2,1,2022
646,2023-12-08,Sofa,Furniture,West,6,18375,19,329,6017,110250,12,4,2023
647,2023-12-10,Wardrobe,Furniture,South,9,32651,12,230,9737,293859,12,4,2023
648,2022-05-02,Office Chair,Furniture,West,18,48790,17,359,1287,878220,5,2,2022
649,2025-07-04,Bookshelf,Furniture,North,8,10870,3,222,4953,86960,7,3,2025
650,2024-07-09,Study Table,Furniture,South,9,17688,16,489,5272,159192,7,3,2024
651,2024-05-29,Study Table,Furniture,West,2,17363,15,210,6713,34726,5,2,2024
652,2023-01-18,Office Chair,Furniture,North,10,12834,4,331,9086,128340,1,1,2023
653,2025-10-22,Coffee Table,Furniture,North,15,22442,3,203,4063,336630,10,4,2025
654,2024-04-17,Bed,Furniture,East,11,7869,11,212,1193,86559,4,2,2024
655,2024-06-08,Office Chair,Furniture,North,2,33113,1,326,5926,66226,6,2,2024
656,2023-05-03,Sofa,Furniture,South,7,30446,1,262,9747,213122,5,2,2023
657,2024-12-04,Dining Table,Furniture,South,5,21726,18,248,4434,108630,12,4,2024
658,2024-11-11,Wardrobe,Furniture,North,16,36225,19,371,3902,579600,11,4,2024
659,2022-02-13,Wardrobe,Furniture,North,1,43394,1,97,6424,43394,2,1,2022
660,2023-09-10,Bookshelf,Furniture,East,2,48016,5,96,5426,96032,9,3,2023
661,2025-10-12,Coffee Table,Furniture,West,6,26092,10,250,5689,156552,10,4,2025
662,2025-10-13,Office Chair,Furniture,North,12,11851,0,208,5302,142212,10,4,2025
663,2024-03-01,Study Table,Furniture,North,3,9728,17,370,5135,29184,3,1,2024
664,2025-04-20,Study Table,Furniture,South,13,34170,11,431,9463,444210,4,2,2025
665,2025-04-17,Bed,Furniture,West,16,10476,1,222,1160,167616,4,2,2025
666,2023-08-08,Bookshelf,Furniture,South,5,22758,13,194,3253,113790,8,3,2023
667,2022-01-25,Bed,Furniture,South,15,35918,1,300,5119,538770,1,1,2022
668,2025-03-03,Office Chair,Furniture,North,10,29178,12,464,6741,291780,3,1,2025
669,2025-07-19,Bookshelf,Furniture,South,15,9826,19,370,5510,147390,7,3,2025
670,2024-08-10,Coffee Table,Furniture,East,16,5383,5,122,5823,86128,8,3,2024
671,2025-09-05,Bookshelf,Furniture,West,3,25724,15,453,1786,77172,9,3,2025
672,2024-07-09,Sofa,Furniture,West,8,26280,19,340,9370,210240,7,3,2024
673,2025-07-25,Study Table,Furniture,North,7,9878,5,62,8621,69146,7,3,2025
674,2024-01-22,Wardrobe,Furniture,North,9,39158,9,167,8839,352422,1,1,2024
675,2025-02-27,Office Chair,Furniture,East,12,27128,8,283,3607,325536,2,1,2025
676,2025-11-17,Sofa,Furniture,North,17,13384,15,366,9267,227528,11,4,2025
677,2023-11-22,Sofa,Furniture,South,12,30930,0,75,5342,371160,11,4,2023
678,2024-10-04,Wardrobe,Furniture,East,6,7591,10,77,9530,45546,10,4,2024
679,2022-01-26,Wardrobe,Furniture,West,1,43883,12,136,1096,43883,1,1,2022
680,2022-11-06,Sofa,Furniture,North,19,48896,19,161,7585,929024,11,4,2022
681,2022-12-14,Office Chair,Furniture,South,3,30782,15,271,2408,92346,12,4,2022
682,2024-02-23,Bookshelf,Furniture,North,15,42150,17,364,6137,632250,2,1,2024
683,2022-07-01,Office Chair,Furniture,North,16,19851,0,491,8424,317616,7,3,2022
684,2024-06-25,Coffee Table,Furniture,North,5,46816,3,362,4627,234080,6,2,2024
685,2022-01-04,Bookshelf,Furniture,North,10,40423,18,367,5464,404230,1,1,2022
686,2023-06-18,Coffee Table,Furniture,West,16,33275,14,448,3859,532400,6,2,2023
687,2025-02-06,Wardrobe,Furniture,South,19,8011,17,104,9442,152209,2,1,2025
688,2023-09-25,Dining Table,Furniture,East,6,17920,11,371,5757,107520,9,3,2023
689,2025-05-27,Dining Table,Furniture,East,19,39870,4,456,1763,757530,5,2,2025
690,2024-09-28,Coffee Table,Furniture,South,5,19492,6,425,9541,97460,9,3,2024
691,2023-02-24,Dining Table,Furniture,West,6,32357,4,166,5116,194142,2,1,2023
692,2022-09-19,Coffee Table,Furniture,South,12,25204,5,143,1889,302448,9,3,2022
693,2025-11-12,Dining Table,Furniture,East,16,39174,6,311,5155,626784,11,4,2025
694,2022-08-30,Office Chair,Furniture,South,1,42536,7,162,4122,42536,8,3,2022
695,2025-09-22,Sofa,Furniture,North,7,30731,12,274,2853,215117,9,3,2025
696,2024-01-01,Coffee Table,Furniture,South,4,14937,0,140,3276,59748,1,1,2024
697,2022-06-23,Dining Table,Furniture,East,6,15373,5,455,2252,92238,6,2,2022
698,2025-07-01,Bed,Furniture,West,17,16392,8,194,4863,278664,7,3,2025
699,2025-11-24,Office Chair,Furniture,North,19,7362,13,208,4635,139878,11,4,2025
700,2025-05-24,Office Chair,Furniture,East,8,20949,16,436,6948,167592,5,2,2025
701,2022-01-17,Study Table,Furniture,East,11,34773,12,436,6339,382503,1,1,2022
702,2024-01-07,Sofa,Furniture,North,15,48063,2,470,8054,720945,1,1,2024
703,2023-10-31,Dining Table,Furniture,South,7,14630,18,440,9955,102410,10,4,2023
704,2023-10-29,Study Table,Furniture,South,19,46962,13,461,1289,892278,10,4,2023
705,2025-08-11,Bookshelf,Furniture,North,4,26737,14,299,9855,106948,8,3,2025
706,2025-03-22,Study Table,Furniture,East,15,16230,15,184,2701,243450,3,1,2025
707,2023-04-22,Study Table,Furniture,North,3,49759,2,89,5558,149277,4,2,2023
708,2025-08-21,Study Table,Furniture,West,16,27785,16,467,5465,444560,8,3,2025
709,2025-05-22,Bed,Furniture,South,6,39907,3,350,4738,239442,5,2,2025
710,2024-07-04,Dining Table,Furniture,East,6,29978,7,468,7923,179868,7,3,2024
711,2022-12-11,Coffee Table,Furniture,West,8,26335,4,285,5469,210680,12,4,2022
712,2022-04-25,Bookshelf,Furniture,West,14,2210,12,284,3876,30940,4,2,2022
713,2022-12-25,Study Table,Furniture,West,4,48451,19,413,8104,193804,12,4,2022
714,2023-02-01,Coffee Table,Furniture,West,12,24362,15,55,1825,292344,2,1,2023
715,2025-03-14,Office Chair,Furniture,South,16,21648,18,93,2136,346368,3,1,2025
716,2022-10-06,Wardrobe,Furniture,West,2,11291,1,321,1860,22582,10,4,2022
717,2023-06-23,Dining Table,Furniture,West,10,43283,10,327,2744,432830,6,2,2023
718,2023-12-29,Coffee Table,Furniture,West,13,33976,1,369,9040,441688,12,4,2023
719,2022-05-26,Coffee Table,Furniture,North,8,49557,15,107,2601,396456,5,2,2022
720,2023-03-30,Coffee Table,Furniture,East,8,18499,9,334,8857,147992,3,1,2023
721,2022-07-16,Study Table,Furniture,East,17,9914,2,315,8996,168538,7,3,2022
722,2023-08-05,Bookshelf,Furniture,West,15,6173,1,243,6692,92595,8,3,2023
723,2024-12-06,Study Table,Furniture,West,14,2054,5,153,9331,28756,12,4,2024
724,2024-02-16,Coffee Table,Furniture,North,18,2789,5,468,6865,50202,2,1,2024
725,2023-04-30,Study Table,Furniture,South,12,36656,5,395,9675,439872,4,2,2023
726,2022-02-11,Bookshelf,Furniture,West,9,43474,11,58,4057,391266,2,1,2022
727,2023-02-17,Dining Table,Furniture,North,4,36699,13,386,1322,146796,2,1,2023
728,2023-01-23,Wardrobe,Furniture,East,10,43958,12,470,9940,439580,1,1,2023
729,2025-02-20,Study Table,Furniture,North,1,18576,11,500,7520,18576,2,1,2025
730,2025-01-12,Bed,Furniture,West,16,19254,15,339,1818,308064,1,1,2025
731,2024-10-23,Dining Table,Furniture,North,6,3453,9,189,9588,20718,10,4,2024
732,2025-12-19,Bookshelf,Furniture,South,3,8945,1,456,8573,26835,12,4,2025
733,2022-01-05,Sofa,Furniture,East,5,38698,19,267,2606,193490,1,1,2022
734,2023-07-31,Office Chair,Furniture,East,8,20550,11,280,7002,164400,7,3,2023
735,2024-01-15,Bookshelf,Furniture,East,19,30176,3,390,3067,573344,1,1,2024
736,2025-12-06,Dining Table,Furniture,South,12,21756,17,237,1245,261072,12,4,2025
737,2022-12-25,Sofa,Furniture,East,7,30200,2,309,1930,211400,12,4,2022
738,2022-03-11,Study Table,Furniture,South,12,20905,4,177,2625,250860,3,1,2022
739,2024-05-08,Sofa,Furniture,North,11,47905,20,184,8112,526955,5,2,2024
740,2023-08-23,Office Chair,Furniture,South,16,8887,15,241,1744,142192,8,3,2023
741,2025-02-04,Coffee Table,Furniture,East,19,13492,1,180,4597,256348,2,1,2025
742,2023-02-20,Study Table,Furniture,East,19,38500,3,54,3243,731500,2,1,2023
743,2024-08-09,Study Table,Furniture,West,4,25920,6,250,3351,103680,8,3,2024
744,2022-11-04,Bed,Furniture,North,20,49189,6,121,6517,983780,11,4,2022
745,2023-01-25,Sofa,Furniture,North,16,5621,1,358,8079,89936,1,1,2023
746,2025-07-16,Bed,Furniture,West,18,25086,14,414,5829,451548,7,3,2025
747,2023-07-19,Bed,Furniture,West,2,34147,13,334,9362,68294,7,3,2023
748,2023-03-15,Office Chair,Furniture,South,14,32015,19,267,8792,448210,3,1,2023
749,2022-02-03,Dining Table,Furniture,East,4,41096,19,182,8297,164384,2,1,2022
750,2025-04-17,Wardrobe,Furniture,South,7,12648,12,306,5715,88536,4,2,2025
751,2024-11-14,Wardrobe,Furniture,North,2,36065,16,487,9474,72130,11,4,2024
752,2025-08-22,Bed,Furniture,West,18,40634,3,274,5156,731412,8,3,2025
753,2022-02-01,Wardrobe,Furniture,West,19,4539,3,322,7174,86241,2,1,2022
754,2023-07-22,Office Chair,Furniture,West,17,11552,10,330,5938,196384,7,3,2023
755,2023-05-30,Wardrobe,Furniture,West,12,44805,17,438,8066,537660,5,2,2023
756,2025-12-25,Office Chair,Furniture,South,11,32121,2,124,5836,353331,12,4,2025
757,2025-01-14,Wardrobe,Furniture,West,1,10783,11,62,2428,10783,1,1,2025
758,2025-03-15,Study Table,Furniture,East,10,23779,12,413,8510,237790,3,1,2025
759,2023-12-07,Bed,Furniture,North,2,38205,6,89,1468,76410,12,4,2023
760,2025-04-25,Bookshelf,Furniture,East,3,26578,10,76,1433,79734,4,2,2025
761,2025-11-27,Wardrobe,Furniture,North,2,24162,10,334,1053,48324,11,4,2025
762,2024-11-03,Coffee Table,Furniture,East,15,4207,2,73,7782,63105,11,4,2024
763,2024-05-07,Sofa,Furniture,East,5,41309,1,247,5558,206545,5,2,2024
764,2024-06-08,Coffee Table,Furniture,East,13,38999,4,172,7422,506987,6,2,2024
765,2025-05-03,Sofa,Furniture,South,19,11582,6,63,3057,220058,5,2,2025
766,2024-07-07,Bed,Furniture,West,3,32361,10,443,3141,97083,7,3,2024
767,2025-10-03,Bookshelf,Furniture,North,14,3626,1,235,3204,50764,10,4,2025
768,2022-05-27,Sofa,Furniture,East,19,21127,13,202,4353,401413,5,2,2022
769,2022-05-16,Dining Table,Furniture,South,1,45068,17,142,8859,45068,5,2,2022
770,2024-04-13,Wardrobe,Furniture,East,6,12915,10,392,5999,77490,4,2,2024
771,2024-09-15,Bookshelf,Furniture,South,14,36979,2,362,1461,517706,9,3,2024
772,2025-10-05,Bookshelf,Furniture,North,9,5265,0,197,1580,47385,10,4,2025
773,2023-02-12,Bed,Furniture,North,2,10791,15,427,9852,21582,2,1,2023
774,2025-05-27,Study Table,Furniture,West,13,9343,0,99,7487,121459,5,2,2025
775,2022-03-03,Study Table,Furniture,West,20,12142,9,417,3279,242840,3,1,2022
776,2024-03-30,Bookshelf,Furniture,North,9,29773,19,397,7904,267957,3,1,2024
777,2025-08-13,Bookshelf,Furniture,South,10,8730,6,160,7121,87300,8,3,2025
778,2025-02-13,Bookshelf,Furniture,West,5,41984,15,271,3921,209920,2,1,2025
779,2025-03-30,Coffee Table,Furniture,West,6,36166,15,442,1108,216996,3,1,2025
780,2025-01-28,Bed,Furniture,East,6,49088,10,80,1561,294528,1,1,2025
781,2025-07-18,Sofa,Furniture,East,3,31623,1,294,3126,94869,7,3,2025
782,2025-11-09,Dining Table,Furniture,South,18,49726,11,164,3029,895068,11,4,2025
783,2025-09-09,Dining Table,Furniture,South,5,40162,0,388,2480,200810,9,3,2025
784,2024-10-17,Study Table,Furniture,East,1,30361,6,380,4865,30361,10,4,2024
785,2022-10-15,Bed,Furniture,West,13,8718,17,311,1247,113334,10,4,2022
786,2024-05-03,Bookshelf,Furniture,West,19,43465,11,224,6189,825835,5,2,2024
787,2022-06-27,Wardrobe,Furniture,West,15,46191,12,471,4836,692865,6,2,2022
788,2023-05-27,Office Chair,Furniture,North,4,31670,10,365,3918,126680,5,2,2023
789,2024-01-11,Wardrobe,Furniture,East,2,29553,14,476,1318,59106,1,1,2024
790,2024-08-11,Office Chair,Furniture,North,14,27758,16,336,3677,388612,8,3,2024
791,2024-02-28,Coffee Table,Furniture,North,5,18809,14,275,4711,94045,2,1,2024
792,2023-01-13,Office Chair,Furniture,North,1,6401,6,384,7289,6401,1,1,2023
793,2022-04-21,Dining Table,Furniture,South,9,18500,15,413,2779,166500,4,2,2022
794,2023-09-30,Office Chair,Furniture,West,16,12485,18,493,6264,199760,9,3,2023
795,2024-04-14,Sofa,Furniture,North,17,35614,10,430,6775,605438,4,2,2024
796,2025-08-24,Dining Table,Furniture,North,11,46070,10,235,8385,506770,8,3,2025
797,2024-07-04,Coffee Table,Furniture,East,16,32850,12,101,4542,525600,7,3,2024
798,2023-05-13,Bookshelf,Furniture,West,7,27042,15,289,4642,189294,5,2,2023
799,2024-05-05,Dining Table,Furniture,South,17,12674,4,151,6857,215458,5,2,2024
800,2024-09-20,Sofa,Furniture,West,5,34623,11,278,4189,173115,9,3,2024
801,2022-12-05,Dining Table,Furniture,East,6,23103,20,186,2645,138618,12,4,2022
802,2024-11-01,Wardrobe,Furniture,East,5,16255,10,111,4947,81275,11,4,2024
803,2025-10-21,Coffee Table,Furniture,West,8,19700,5,222,7711,157600,10,4,2025
804,2024-03-18,Study Table,Furniture,West,16,33958,8,87,3646,543328,3,1,2024
805,2022-04-25,Bed,Furniture,West,19,40295,3,403,1404,765605,4,2,2022
806,2025-03-15,Bed,Furniture,North,1,19417,13,489,3573,19417,3,1,2025
807,2025-05-29,Bookshelf,Furniture,East,12,35370,13,134,1530,424440,5,2,2025
808,2023-10-07,Study Table,Furniture,North,2,37613,15,492,7272,75226,10,4,2023
809,2022-06-23,Sofa,Furniture,South,4,8032,16,414,2392,32128,6,2,2022
810,2023-12-17,Wardrobe,Furniture,West,4,6716,10,124,8907,26864,12,4,2023
811,2025-08-13,Dining Table,Furniture,East,6,37850,6,222,7199,227100,8,3,2025
812,2024-07-07,Bookshelf,Furniture,East,14,32082,8,481,5611,449148,7,3,2024
813,2023-05-09,Bed,Furniture,East,10,7332,18,132,2480,73320,5,2,2023
814,2025-03-09,Sofa,Furniture,West,11,17737,12,227,7034,195107,3,1,2025
815,2025-12-07,Bookshelf,Furniture,West,5,25841,20,358,5415,129205,12,4,2025
816,2023-02-07,Office Chair,Furniture,South,11,28014,13,451,9308,308154,2,1,2023
817,2024-05-07,Office Chair,Furniture,South,19,44061,17,458,4912,837159,5,2,2024
818,2023-04-16,Sofa,Furniture,East,2,27624,7,84,1110,55248,4,2,2023
819,2023-02-19,Sofa,Furniture,East,10,12005,14,363,5881,120050,2,1,2023
820,2025-08-29,Coffee Table,Furniture,North,13,48708,13,89,7239,633204,8,3,2025
821,2022-04-04,Office Chair,Furniture,East,1,32985,11,72,2849,32985,4,2,2022
822,2025-12-15,Bed,Furniture,North,12,34410,11,462,3140,412920,12,4,2025
823,2023-03-04,Sofa,Furniture,East,10,48141,0,209,4504,481410,3,1,2023
824,2025-03-23,Sofa,Furniture,East,17,6745,3,378,3272,114665,3,1,2025
825,2023-11-27,Bookshelf,Furniture,South,3,33360,5,446,4291,100080,11,4,2023
826,2025-04-12,Dining Table,Furniture,East,2,27422,0,476,1974,54844,4,2,2025
827,2022-03-02,Study Table,Furniture,West,13,11904,9,150,5551,154752,3,1,2022
828,2023-11-30,Bookshelf,Furniture,North,8,31946,19,107,6347,255568,11,4,2023
829,2024-01-29,Sofa,Furniture,West,10,49845,5,360,1891,498450,1,1,2024
830,2024-09-29,Dining Table,Furniture,South,19,43726,9,97,5796,830794,9,3,2024
831,2024-06-19,Sofa,Furniture,South,16,11628,9,433,6174,186048,6,2,2024
832,2024-07-15,Sofa,Furniture,North,3,26108,8,229,1066,78324,7,3,2024
833,2023-10-05,Coffee Table,Furniture,West,14,49835,18,396,8549,697690,10,4,2023
834,2023-05-31,Wardrobe,Furniture,North,20,9319,5,440,7523,186380,5,2,2023
835,2022-06-22,Office Chair,Furniture,North,15,21581,7,155,8991,323715,6,2,2022
836,2025-10-26,Bed,Furniture,West,16,10331,2,297,2311,165296,10,4,2025
837,2025-08-22,Study Table,Furniture,South,1,38762,4,118,4803,38762,8,3,2025
838,2025-10-09,Office Chair,Furniture,North,11,3628,20,462,8155,39908,10,4,2025
839,2023-03-12,Wardrobe,Furniture,East,13,44551,15,217,1487,579163,3,1,2023
840,2022-07-21,Coffee Table,Furniture,East,15,18305,6,111,9980,274575,7,3,2022
841,2024-10-09,Wardrobe,Furniture,East,16,14595,11,429,9380,233520,10,4,2024
842,2022-06-01,Study Table,Furniture,North,14,45060,19,410,5584,630840,6,2,2022
843,2022-10-24,Wardrobe,Furniture,East,11,42037,18,239,7072,462407,10,4,2022
844,2025-11-28,Bookshelf,Furniture,South,8,38401,15,155,3284,307208,11,4,2025
845,2025-09-14,Dining Table,Furniture,South,7,20373,10,122,5682,142611,9,3,2025
846,2023-05-19,Coffee Table,Furniture,North,15,40960,19,221,2252,614400,5,2,2023
847,2025-08-15,Study Table,Furniture,West,10,35533,17,310,2038,355330,8,3,2025
848,2022-03-20,Bed,Furniture,South,7,47770,16,308,8654,334390,3,1,2022
849,2025-04-06,Coffee Table,Furniture,East,13,27614,17,343,2751,358982,4,2,2025
850,2023-04-15,Bed,Furniture,North,1,18128,16,456,9897,18128,4,2,2023
851,2022-04-27,Sofa,Furniture,North,1,7427,14,330,3848,7427,4,2,2022
852,2025-02-09,Coffee Table,Furniture,South,12,6385,13,240,3307,76620,2,1,2025
853,2022-12-12,Bookshelf,Furniture,North,15,25642,6,381,7815,384630,12,4,2022
854,2022-05-07,Wardrobe,Furniture,South,5,44327,2,320,6942,221635,5,2,2022
855,2025-07-05,Wardrobe,Furniture,East,19,3397,10,394,9782,64543,7,3,2025
856,2023-09-20,Sofa,Furniture,North,11,27233,12,257,6775,299563,9,3,2023
857,2025-04-12,Study Table,Furniture,East,12,38518,2,332,5569,462216,4,2,2025
858,2023-08-11,Sofa,Furniture,North,13,24376,9,279,9936,316888,8,3,2023
859,2022-05-12,Office Chair,Furniture,North,10,28528,11,453,9781,285280,5,2,2022
860,2023-05-13,Dining Table,Furniture,West,9,24316,20,110,7040,218844,5,2,2023
861,2024-02-03,Coffee Table,Furniture,South,3,28470,5,57,2851,85410,2,1,2024
862,2023-12-14,Bed,Furniture,West,20,9394,10,76,8494,187880,12,4,2023
863,2024-11-24,Office Chair,Furniture,West,2,46770,2,324,7297,93540,11,4,2024
864,2025-09-04,Sofa,Furniture,West,17,40894,6,264,2338,695198,9,3,2025
865,2023-09-21,Coffee Table,Furniture,South,2,36773,4,238,9848,73546,9,3,2023
866,2022-03-01,Office Chair,Furniture,North,12,22488,20,211,7630,269856,3,1,2022
867,2024-06-03,Office Chair,Furniture,East,16,49545,11,347,8916,792720,6,2,2024
868,2022-08-01,Coffee Table,Furniture,South,14,39209,1,147,2084,548926,8,3,2022
869,2025-07-18,Dining Table,Furniture,West,9,2596,18,54,4811,23364,7,3,2025
870,2025-07-20,Sofa,Furniture,North,9,35335,18,283,3621,318015,7,3,2025
871,2023-03-17,Bed,Furniture,East,8,34092,5,393,3514,272736,3,1,2023
872,2023-04-24,Sofa,Furniture,South,8,5967,17,154,1754,47736,4,2,2023
873,2023-01-06,Bookshelf,Furniture,South,2,38278,6,157,3550,76556,1,1,2023
874,2025-02-15,Dining Table,Furniture,West,13,49484,2,60,5536,643292,2,1,2025
875,2022-09-13,Wardrobe,Furniture,West,8,27900,7,238,8377,223200,9,3,2022
876,2024-03-03,Dining Table,Furniture,South,9,38608,11,423,6329,347472,3,1,2024
877,2022-06-22,Coffee Table,Furniture,East,9,38794,7,157,3306,349146,6,2,2022
878,2022-10-03,Sofa,Furniture,South,2,10202,17,162,1335,20404,10,4,2022
879,2023-08-15,Bed,Furniture,South,19,12307,11,303,4840,233833,8,3,2023
880,2024-10-08,Dining Table,Furniture,North,10,49608,2,349,6285,496080,10,4,2024
881,2022-10-22,Dining Table,Furniture,East,9,43944,3,191,1345,395496,10,4,2022
882,2025-04-11,Bed,Furniture,South,12,15965,18,94,9163,191580,4,2,2025
883,2024-11-08,Study Table,Furniture,East,9,5046,4,268,2067,45414,11,4,2024
884,2025-11-13,Bed,Furniture,West,10,17968,19,131,7822,179680,11,4,2025
885,2025-04-10,Sofa,Furniture,East,1,33717,1,299,9044,33717,4,2,2025
886,2025-03-24,Study Table,Furniture,East,1,33024,12,468,5905,33024,3,1,2025
887,2024-05-04,Bed,Furniture,North,2,32535,7,378,1243,65070,5,2,2024
888,2025-09-21,Study Table,Furniture,South,2,20457,9,232,3059,40914,9,3,2025
889,2023-05-12,Office Chair,Furniture,South,3,31737,3,395,7633,95211,5,2,2023
890,2022-01-17,Office Chair,Furniture,East,1,18308,19,112,1869,18308,1,1,2022
891,2025-11-07,Bed,Furniture,South,12,21759,7,75,4088,261108,11,4,2025
892,2023-01-25,Dining Table,Furniture,South,15,43076,3,200,1279,646140,1,1,2023
893,2023-06-08,Office Chair,Furniture,North,13,17077,15,386,8239,222001,6,2,2023
894,2025-02-19,Dining Table,Furniture,East,10,30095,18,397,4711,300950,2,1,2025
895,2023-11-21,Office Chair,Furniture,North,9,11381,4,350,1073,102429,11,4,2023
896,2025-03-23,Wardrobe,Furniture,West,6,10947,3,282,6789,65682,3,1,2025
897,2025-03-15,Bookshelf,Furniture,East,18,47596,10,261,8079,856728,3,1,2025
898,2022-01-23,Office Chair,Furniture,East,7,40932,15,116,7332,286524,1,1,2022
899,2025-04-22,Study Table,Furniture,West,2,21843,5,204,6578,43686,4,2,2025
900,2025-07-18,Office Chair,Furniture,West,1,8972,14,488,1407,8972,7,3,2025
901,2025-02-14,Study Table,Furniture,East,16,3029,6,60,7551,48464,2,1,2025
902,2022-09-15,Dining Table,Furniture,West,6,32933,5,479,3210,197598,9,3,2022
903,2023-12-06,Dining Table,Furniture,West,16,35630,20,300,5957,570080,12,4,2023
904,2023-10-31,Bookshelf,Furniture,West,6,5324,16,121,4724,31944,10,4,2023
905,2024-10-01,Bookshelf,Furniture,North,7,45675,13,120,6418,319725,10,4,2024
906,2022-05-08,Dining Table,Furniture,North,5,40278,6,353,9275,201390,5,2,2022
907,2023-11-15,Sofa,Furniture,North,19,3473,17,304,7662,65987,11,4,2023
908,2023-10-19,Dining Table,Furniture,East,14,41325,8,186,8625,578550,10,4,2023
909,2025-05-21,Study Table,Furniture,North,1,16695,8,148,6124,16695,5,2,2025
910,2024-11-30,Sofa,Furniture,North,8,40219,8,100,2680,321752,11,4,2024
911,2024-04-18,Wardrobe,Furniture,West,4,45159,9,450,8884,180636,4,2,2024
912,2022-09-12,Study Table,Furniture,South,3,7878,7,403,7050,23634,9,3,2022
913,2023-10-06,Sofa,Furniture,East,5,37064,20,484,6401,185320,10,4,2023
914,2025-09-25,Bookshelf,Furniture,East,10,5830,4,215,3982,58300,9,3,2025
915,2024-01-06,Bed,Furniture,North,9,31361,9,453,3523,282249,1,1,2024
916,2024-03-02,Office Chair,Furniture,East,3,28638,4,62,3698,85914,3,1,2024
917,2025-09-07,Office Chair,Furniture,West,14,48729,19,473,2390,682206,9,3,2025
918,2023-10-21,Dining Table,Furniture,West,7,7257,6,73,7512,50799,10,4,2023
919,2023-06-07,Coffee Table,Furniture,South,11,49611,4,373,6031,545721,6,2,2023
920,2022-02-13,Dining Table,Furniture,South,12,35163,6,315,9394,421956,2,1,2022
921,2024-06-08,Bookshelf,Furniture,West,20,44117,17,180,7279,882340,6,2,2024
922,2024-11-05,Sofa,Furniture,West,18,45402,8,132,8391,817236,11,4,2024
923,2025-12-01,Coffee Table,Furniture,South,15,15253,7,442,2319,228795,12,4,2025
924,2022-07-19,Bookshelf,Furniture,South,18,41315,8,374,4906,743670,7,3,2022
925,2022-06-04,Bed,Furniture,West,9,42023,1,479,9215,378207,6,2,2022
926,2025-11-16,Office Chair,Furniture,East,10,26444,4,442,8883,264440,11,4,2025
927,2024-04-05,Wardrobe,Furniture,South,9,39724,11,119,2948,357516,4,2,2024
928,2025-08-03,Dining Table,Furniture,North,13,31152,7,188,9748,404976,8,3,2025
929,2025-07-23,Office Chair,Furniture,East,13,23908,2,427,5933,310804,7,3,2025
930,2025-09-11,Bookshelf,Furniture,North,12,7424,2,267,9655,89088,9,3,2025
931,2022-01-11,Office Chair,Furniture,North,10,4393,6,359,8079,43930,1,1,2022
932,2023-03-13,Bookshelf,Furniture,East,17,30565,20,387,7653,519605,3,1,2023
933,2024-11-11,Dining Table,Furniture,West,16,44687,8,387,2768,714992,11,4,2024
934,2025-04-12,Sofa,Furniture,East,9,15534,19,72,1798,139806,4,2,2025
935,2025-02-17,Bookshelf,Furniture,East,19,39834,15,225,3908,756846,2,1,2025
936,2025-09-07,Wardrobe,Furniture,South,5,5720,5,152,1458,28600,9,3,2025
937,2023-09-17,Dining Table,Furniture,North,16,47746,8,207,8829,763936,9,3,2023
938,2023-01-05,Bed,Furniture,South,19,45710,3,175,9742,868490,1,1,2023
939,2024-07-11,Office Chair,Furniture,South,13,32049,2,355,3717,416637,7,3,2024
940,2023-12-25,Bookshelf,Furniture,East,19,3106,8,367,9247,59014,12,4,2023
941,2023-02-15,Office Chair,Furniture,East,20,5407,17,230,7976,108140,2,1,2023
942,2023-10-28,Wardrobe,Furniture,West,5,26902,4,198,9845,134510,10,4,2023
943,2022-07-12,Study Table,Furniture,West,13,16323,2,128,1061,212199,7,3,2022
944,2022-09-07,Coffee Table,Furniture,East,2,28941,12,55,1638,57882,9,3,2022
945,2022-01-08,Bed,Furniture,North,12,24174,0,115,4400,290088,1,1,2022
946,2022-06-16,Bed,Furniture,North,12,37169,13,317,3826,446028,6,2,2022
947,2025-07-27,Wardrobe,Furniture,North,13,42053,11,496,3162,546689,7,3,2025
948,2025-09-30,Coffee Table,Furniture,East,2,19742,8,67,7853,39484,9,3,2025
949,2022-02-19,Wardrobe,Furniture,East,8,32288,3,98,4304,258304,2,1,2022
950,2025-02-10,Bed,Furniture,West,12,11395,19,148,2468,136740,2,1,2025
951,2022-12-10,Study Table,Furniture,East,8,2681,17,417,3022,21448,12,4,2022
952,2022-07-05,Bookshelf,Furniture,North,11,29962,20,206,6214,329582,7,3,2022
953,2025-12-19,Office Chair,Furniture,South,15,7681,10,295,2771,115215,12,4,2025
954,2024-10-02,Office Chair,Furniture,North,8,21408,4,434,4595,171264,10,4,2024
955,2024-01-05,Wardrobe,Furniture,South,19,20078,10,288,1261,381482,1,1,2024
956,2024-01-23,Coffee Table,Furniture,North,2,39480,20,414,9237,78960,1,1,2024
957,2024-01-23,Wardrobe,Furniture,East,14,46417,20,365,1178,649838,1,1,2024
958,2022-09-22,Dining Table,Furniture,North,19,8415,11,360,5798,159885,9,3,2022
959,2023-01-19,Coffee Table,Furniture,South,3,31930,16,145,2311,95790,1,1,2023
960,2025-10-09,Wardrobe,Furniture,South,17,3192,15,423,2770,54264,10,4,2025
961,2025-02-23,Study Table,Furniture,North,19,24461,14,58,8672,464759,2,1,2025
962,2023-04-03,Coffee Table,Furniture,South,20,43079,3,67,7840,861580,4,2,2023
963,2023-01-26,Coffee Table,Furniture,West,4,32103,2,99,6572,128412,1,1,2023
964,2025-08-02,Dining Table,Furniture,South,1,27903,10,377,9925,27903,8,3,2025
965,2025-07-21,Wardrobe,Furniture,East,14,35811,6,181,5583,501354,7,3,2025
966,2025-04-14,Sofa,Furniture,South,16,37865,7,179,7792,605840,4,2,2025
967,2023-02-28,Bookshelf,Furniture,East,15,8842,0,341,6198,132630,2,1,2023
968,2023-03-28,Study Table,Furniture,South,8,16369,16,132,4892,130952,3,1,2023
969,2024-05-21,Study Table,Furniture,South,18,8640,9,64,7049,155520,5,2,2024
970,2022-02-15,Sofa,Furniture,North,2,21717,8,487,6979,43434,2,1,2022
971,2022-05-28,Coffee Table,Furniture,South,16,14575,3,83,5301,233200,5,2,2022
972,2024-06-13,Sofa,Furniture,East,8,43887,7,494,5301,351096,6,2,2024
973,2023-05-23,Bookshelf,Furniture,North,7,24781,17,318,7336,173467,5,2,2023
974,2022-09-24,Wardrobe,Furniture,West,7,34644,19,419,5559,242508,9,3,2022
975,2025-01-20,Bookshelf,Furniture,West,5,19580,20,445,8929,97900,1,1,2025
976,2025-07-31,Dining Table,Furniture,West,2,37644,18,317,2913,75288,7,3,2025
977,2024-12-12,Office Chair,Furniture,East,17,41042,1,328,4116,697714,12,4,2024
978,2022-05-19,Coffee Table,Furniture,West,19,10435,3,291,5751,198265,5,2,2022
979,2025-01-07,Dining Table,Furniture,South,12,28662,1,188,3004,343944,1,1,2025
980,2022-08-24,Dining Table,Furniture,South,19,49880,2,57,9607,947720,8,3,2022
981,2022-11-15,Bed,Furniture,West,2,11780,8,182,8841,23560,11,4,2022
982,2023-08-30,Bookshelf,Furniture,West,17,48282,16,409,5743,820794,8,3,2023
983,2022-01-04,Bed,Furniture,West,4,12147,9,247,8321,48588,1,1,2022
984,2023-09-10,Coffee Table,Furniture,South,18,30750,12,205,3598,553500,9,3,2023
985,2025-04-22,Wardrobe,Furniture,West,5,38705,5,179,2215,193525,4,2,2025
986,2022-09-13,Coffee Table,Furniture,West,7,21610,10,419,7745,151270,9,3,2022
987,2022-11-12,Bed,Furniture,North,3,2601,2,193,5723,7803,11,4,2022
988,2024-11-27,Office Chair,Furniture,South,6,14082,8,277,8233,84492,11,4,2024
989,2025-03-31,Study Table,Furniture,West,1,29623,9,153,7348,29623,3,1,2025
990,2022-03-08,Bed,Furniture,East,18,3732,4,100,2739,67176,3,1,2022
991,2023-11-26,Wardrobe,Furniture,North,10,10234,0,323,5536,102340,11,4,2023
992,2022-08-06,Coffee Table,Furniture,North,11,47225,12,167,6317,519475,8,3,2022
993,2023-05-28,Dining Table,Furniture,North,3,49347,9,333,2581,148041,5,2,2023
994,2022-11-16,Bookshelf,Furniture,West,16,6678,17,368,3374,106848,11,4,2022
995,2022-10-30,Wardrobe,Furniture,North,16,14779,4,406,7076,236464,10,4,2022
996,2025-01-07,Sofa,Furniture,South,16,31805,15,181,7188,508880,1,1,2025
997,2023-11-10,Sofa,Furniture,South,6,17278,7,107,3281,103668,11,4,2023
998,2024-06-02,Wardrobe,Furniture,West,10,47527,4,362,7961,475270,6,2,2024
999,2023-05-07,Dining Table,Furniture,West,4,29237,6,241,7345,116948,5,2,2023
1000,2023-04-03,Bookshelf,Furniture,East,3,20544,20,443,1495,61632,4,2,2023
1001,2022-12-19,Coffee Table,Furniture,South,15,37016,0,215,3448,555240,12,4,2022
1002,2023-09-04,Office Chair,Furniture,North,19,33193,12,164,4084,630667,9,3,2023
1003,2022-05-21,Bed,Furniture,North,5,15759,9,159,4211,78795,5,2,2022
1004,2022-09-10,Bed,Furniture,West,16,4524,2,152,6371,72384,9,3,2022
1005,2022-06-17,Bed,Furniture,West,8,45456,14,347,3390,363648,6,2,2022
1006,2025-07-04,Coffee Table,Furniture,South,16,48729,17,418,9322,779664,7,3,2025
1007,2022-03-01,Sofa,Furniture,South,10,38091,9,384,9439,380910,3,1,2022
1008,2025-11-12,Coffee Table,Furniture,North,15,38704,18,294,1831,580560,11,4,2025
1009,2022-06-13,Bed,Furniture,West,17,18864,4,356,1861,320688,6,2,2022
1010,2022-10-22,Dining Table,Furniture,North,4,22990,18,449,8441,91960,10,4,2022
1011,2025-03-28,Sofa,Furniture,North,13,12244,11,247,2478,159172,3,1,2025
1012,2022-07-31,Dining Table,Furniture,East,2,23650,16,489,5752,47300,7,3,2022
1013,2024-05-13,Sofa,Furniture,South,13,3582,3,354,1307,46566,5,2,2024
1014,2023-06-19,Coffee Table,Furniture,East,20,9285,16,393,2761,185700,6,2,2023
1015,2024-12-08,Office Chair,Furniture,West,16,43886,14,187,3680,702176,12,4,2024
1016,2025-03-02,Bed,Furniture,North,14,35692,3,300,2757,499688,3,1,2025
1017,2022-09-21,Dining Table,Furniture,North,13,19200,12,171,7503,249600,9,3,2022
1018,2025-12-02,Sofa,Furniture,South,8,12278,16,440,8196,98224,12,4,2025
1019,2023-09-12,Wardrobe,Furniture,North,6,32461,0,497,7580,194766,9,3,2023
1020,2024-04-25,Study Table,Furniture,East,19,26044,14,180,4520,494836,4,2,2024
1021,2025-12-21,Study Table,Furniture,North,17,10141,17,302,2150,172397,12,4,2025
1022,2025-11-24,Bookshelf,Furniture,South,14,9138,9,165,2495,127932,11,4,2025
1023,2024-04-15,Bed,Furniture,South,4,8966,2,477,2261,35864,4,2,2024
1024,2022-06-25,Office Chair,Furniture,East,5,22348,1,252,2256,111740,6,2,2022
1025,2024-12-24,Dining Table,Furniture,West,18,47779,9,240,5018,860022,12,4,2024
1026,2025-03-13,Study Table,Furniture,West,3,41814,11,214,9962,125442,3,1,2025
1027,2025-05-01,Study Table,Furniture,South,5,5949,10,262,4002,29745,5,2,2025
1028,2022-07-22,Dining Table,Furniture,South,20,27393,0,209,7640,547860,7,3,2022
1029,2022-12-09,Wardrobe,Furniture,North,14,43664,8,393,5138,611296,12,4,2022
1030,2025-05-19,Wardrobe,Furniture,South,17,37081,4,103,4864,630377,5,2,2025
1031,2022-11-23,Dining Table,Furniture,South,16,29031,17,255,3622,464496,11,4,2022
1032,2025-08-05,Wardrobe,Furniture,West,17,17860,10,259,4369,303620,8,3,2025
1033,2024-05-27,Bookshelf,Furniture,North,14,39642,9,162,4819,554988,5,2,2024
1034,2023-03-25,Study Table,Furniture,South,1,13415,7,473,1174,13415,3,1,2023
1035,2024-06-22,Coffee Table,Furniture,South,18,3263,16,297,5245,58734,6,2,2024
1036,2024-02-07,Sofa,Furniture,East,2,32691,8,126,1764,65382,2,1,2024
1037,2024-12-29,Coffee Table,Furniture,North,16,48818,6,359,7058,781088,12,4,2024
1038,2025-08-07,Bed,Furniture,West,2,21093,0,108,2638,42186,8,3,2025
1039,2023-12-01,Study Table,Furniture,South,2,10703,14,88,4594,21406,12,4,2023
1040,2023-07-26,Bed,Furniture,North,1,41690,17,86,6784,41690,7,3,2023
1041,2022-02-02,Dining Table,Furniture,West,2,36290,11,379,5698,72580,2,1,2022
1042,2025-02-17,Bookshelf,Furniture,West,14,32822,2,141,9900,459508,2,1,2025
1043,2024-10-28,Dining Table,Furniture,West,11,15616,9,444,6558,171776,10,4,2024
1044,2025-08-24,Dining Table,Furniture,South,14,29803,1,294,7244,417242,8,3,2025
1045,2023-05-23,Office Chair,Furniture,North,12,17100,9,417,2250,205200,5,2,2023
1046,2025-07-31,Office Chair,Furniture,East,17,38160,20,475,7022,648720,7,3,2025
1047,2024-06-26,Office Chair,Furniture,South,10,8654,6,487,3304,86540,6,2,2024
1048,2022-03-11,Study Table,Furniture,South,12,30650,3,294,6740,367800,3,1,2022
1049,2023-12-23,Sofa,Furniture,East,1,12203,7,416,4342,12203,12,4,2023
1050,2025-11-02,Bed,Furniture,West,15,27234,1,391,3249,408510,11,4,2025
1051,2024-10-13,Study Table,Furniture,East,9,13329,18,195,1635,119961,10,4,2024
1052,2022-04-09,Wardrobe,Furniture,South,14,17295,19,120,3563,242130,4,2,2022
1053,2022-09-01,Bed,Furniture,East,20,44339,20,153,9466,886780,9,3,2022
1054,2022-02-18,Bookshelf,Furniture,West,3,38965,17,138,4302,116895,2,1,2022
1055,2023-01-24,Bed,Furniture,West,11,49643,18,88,8772,546073,1,1,2023
1056,2025-02-02,Wardrobe,Furniture,North,17,11850,13,497,5032,201450,2,1,2025
1057,2025-08-10,Bed,Furniture,South,15,3887,0,302,6160,58305,8,3,2025
1058,2025-04-14,Dining Table,Furniture,West,7,18778,0,260,3405,131446,4,2,2025
1059,2023-09-02,Wardrobe,Furniture,North,3,4597,5,208,9894,13791,9,3,2023
1060,2025-09-14,Office Chair,Furniture,East,14,33435,9,344,4951,468090,9,3,2025
1061,2025-05-02,Bookshelf,Furniture,West,14,31598,17,299,3770,442372,5,2,2025
1062,2024-05-09,Wardrobe,Furniture,East,9,28168,3,319,9400,253512,5,2,2024
1063,2025-12-20,Sofa,Furniture,East,2,42768,20,61,9476,85536,12,4,2025
1064,2023-04-26,Wardrobe,Furniture,West,15,41353,12,245,2005,620295,4,2,2023
1065,2025-04-26,Coffee Table,Furniture,South,2,40301,3,112,9269,80602,4,2,2025
1066,2023-11-29,Bookshelf,Furniture,South,10,46398,16,346,6904,463980,11,4,2023
1067,2025-06-07,Bookshelf,Furniture,South,15,28697,9,481,3379,430455,6,2,2025
1068,2024-10-18,Study Table,Furniture,East,18,24969,13,69,8340,449442,10,4,2024
1069,2023-09-09,Study Table,Furniture,East,13,34517,6,263,7938,448721,9,3,2023
1070,2022-02-10,Coffee Table,Furniture,West,5,36527,1,400,7905,182635,2,1,2022
1071,2023-06-04,Sofa,Furniture,South,5,19319,17,355,8441,96595,6,2,2023
1072,2023-05-05,Wardrobe,Furniture,West,3,27850,7,218,8130,83550,5,2,2023
1073,2022-12-18,Sofa,Furniture,West,9,27438,18,427,8275,246942,12,4,2022
1074,2024-10-16,Coffee Table,Furniture,North,9,18384,1,481,1791,165456,10,4,2024
1075,2024-05-10,Coffee Table,Furniture,East,6,18014,9,372,8868,108084,5,2,2024
1076,2023-05-26,Bookshelf,Furniture,West,6,33438,7,352,5301,200628,5,2,2023
1077,2025-09-19,Sofa,Furniture,East,16,25586,14,473,2703,409376,9,3,2025
1078,2024-12-15,Dining Table,Furniture,North,14,9865,2,105,7856,138110,12,4,2024
1079,2023-08-25,Bed,Furniture,North,12,33998,0,494,5295,407976,8,3,2023
1080,2022-06-24,Sofa,Furniture,East,8,2618,11,345,6955,20944,6,2,2022
1081,2025-04-08,Bookshelf,Furniture,South,10,40723,12,434,3391,407230,4,2,2025
1082,2022-03-06,Study Table,Furniture,East,2,29316,1,411,7902,58632,3,1,2022
1083,2023-09-14,Office Chair,Furniture,East,15,43340,15,276,9409,650100,9,3,2023
1084,2023-08-18,Bookshelf,Furniture,East,18,28450,0,424,1680,512100,8,3,2023
1085,2023-04-19,Study Table,Furniture,South,15,13447,9,332,2971,201705,4,2,2023
1086,2022-03-31,Bed,Furniture,East,8,13684,18,67,8516,109472,3,1,2022
1087,2023-11-06,Study Table,Furniture,South,8,10350,20,324,7153,82800,11,4,2023
1088,2022-05-13,Bed,Furniture,North,15,24632,5,419,6904,369480,5,2,2022
1089,2025-05-24,Dining Table,Furniture,South,18,40730,17,95,8205,733140,5,2,2025
1090,2022-08-24,Wardrobe,Furniture,West,18,27212,5,308,9950,489816,8,3,2022
1091,2024-05-28,Dining Table,Furniture,North,9,11260,17,271,3108,101340,5,2,2024
1092,2024-11-20,Coffee Table,Furniture,West,19,30492,15,238,5209,579348,11,4,2024
1093,2025-02-22,Bed,Furniture,West,3,43867,13,303,7609,131601,2,1,2025
1094,2023-05-12,Dining Table,Furniture,North,7,29599,10,276,8591,207193,5,2,2023
1095,2025-03-01,Study Table,Furniture,West,5,11053,12,263,4128,55265,3,1,2025
1096,2024-07-08,Dining Table,Furniture,North,20,16065,2,225,8928,321300,7,3,2024
1097,2024-10-28,Coffee Table,Furniture,North,18,37390,3,159,9991,673020,10,4,2024
1098,2025-09-23,Sofa,Furniture,East,6,14387,18,102,5913,86322,9,3,2025
1099,2024-04-05,Wardrobe,Furniture,West,3,20230,14,372,2059,60690,4,2,2024
1100,2022-12-08,Study Table,Furniture,South,11,40295,20,386,9710,443245,12,4,2022
1101,2025-03-12,Dining Table,Furniture,East,13,6429,14,173,6276,83577,3,1,2025
1102,2025-11-06,Bed,Furniture,South,18,40636,13,123,3051,731448,11,4,2025
1103,2022-11-09,Study Table,Furniture,North,3,44146,2,229,3052,132438,11,4,2022
1104,2025-11-16,Coffee Table,Furniture,West,3,19162,13,350,6455,57486,11,4,2025
1105,2022-07-12,Wardrobe,Furniture,North,8,30342,8,219,8223,242736,7,3,2022
1106,2025-10-24,Office Chair,Furniture,West,7,16392,16,156,9380,114744,10,4,2025
1107,2023-02-15,Bed,Furniture,East,18,9513,6,334,7428,171234,2,1,2023
1108,2025-05-25,Study Table,Furniture,North,3,3839,11,306,9712,11517,5,2,2025
1109,2022-08-07,Bed,Furniture,South,18,49257,13,322,7617,886626,8,3,2022
1110,2022-01-05,Wardrobe,Furniture,West,4,17081,9,65,7361,68324,1,1,2022
1111,2023-09-25,Study Table,Furniture,South,4,49453,16,141,3224,197812,9,3,2023
1112,2022-11-27,Coffee Table,Furniture,East,9,16458,2,149,7783,148122,11,4,2022
1113,2025-12-03,Sofa,Furniture,South,19,49851,16,374,6283,947169,12,4,2025
1114,2022-09-19,Dining Table,Furniture,South,9,39141,19,286,6854,352269,9,3,2022
1115,2024-04-09,Bed,Furniture,South,13,13526,5,202,7695,175838,4,2,2024
1116,2023-02-05,Study Table,Furniture,North,10,37394,7,181,1956,373940,2,1,2023
1117,2023-03-22,Study Table,Furniture,West,20,33883,8,443,3783,677660,3,1,2023
1118,2022-11-25,Office Chair,Furniture,West,17,42655,13,496,4152,725135,11,4,2022
1119,2023-11-07,Dining Table,Furniture,North,9,38376,20,471,2848,345384,11,4,2023
1120,2022-05-10,Bed,Furniture,North,8,25853,15,129,8253,206824,5,2,2022
1121,2022-10-10,Bookshelf,Furniture,North,15,41993,20,69,8780,629895,10,4,2022
1122,2024-09-25,Wardrobe,Furniture,East,7,20268,2,167,4936,141876,9,3,2024
1123,2024-07-27,Study Table,Furniture,South,13,42007,16,165,6444,546091,7,3,2024
1124,2024-05-16,Bed,Furniture,South,9,31114,7,358,4181,280026,5,2,2024
1125,2023-10-15,Dining Table,Furniture,East,11,2439,10,142,7906,26829,10,4,2023
1126,2025-10-31,Bed,Furniture,South,16,20666,5,311,1857,330656,10,4,2025
1127,2024-10-05,Bookshelf,Furniture,South,6,16207,1,215,3305,97242,10,4,2024
1128,2025-08-26,Wardrobe,Furniture,East,16,16907,17,349,3457,270512,8,3,2025
1129,2024-09-30,Sofa,Furniture,North,7,8329,13,450,9532,58303,9,3,2024
1130,2022-02-12,Sofa,Furniture,West,2,4682,8,155,9944,9364,2,1,2022
1131,2023-01-02,Bookshelf,Furniture,South,12,33653,16,192,7274,403836,1,1,2023
1132,2022-07-25,Study Table,Furniture,East,6,9793,19,256,1613,58758,7,3,2022
1133,2022-01-15,Study Table,Furniture,North,6,6383,9,213,8891,38298,1,1,2022
1134,2023-06-16,Coffee Table,Furniture,East,4,25564,19,366,5971,102256,6,2,2023
1135,2025-08-12,Bed,Furniture,East,11,11783,3,227,3695,129613,8,3,2025
1136,2023-02-26,Bookshelf,Furniture,East,8,44400,2,384,5457,355200,2,1,2023
1137,2022-04-29,Coffee Table,Furniture,East,7,27284,3,130,7546,190988,4,2,2022
1138,2025-12-12,Wardrobe,Furniture,North,1,48357,14,362,7210,48357,12,4,2025
1139,2024-07-04,Dining Table,Furniture,South,8,22123,14,129,8065,176984,7,3,2024
1140,2023-03-05,Wardrobe,Furniture,East,1,42887,17,402,5383,42887,3,1,2023
1141,2023-08-19,Wardrobe,Furniture,North,2,31161,17,443,8620,62322,8,3,2023
1142,2024-03-07,Wardrobe,Furniture,North,3,46053,4,97,6215,138159,3,1,2024
1143,2023-10-30,Bookshelf,Furniture,South,4,25967,12,171,2261,103868,10,4,2023
1144,2022-04-30,Wardrobe,Furniture,North,19,19244,13,202,2346,365636,4,2,2022
1145,2025-09-18,Bed,Furniture,North,11,11275,1,335,5848,124025,9,3,2025
1146,2025-11-09,Bed,Furniture,South,1,8564,6,377,3896,8564,11,4,2025
1147,2025-08-15,Wardrobe,Furniture,East,1,34492,10,103,8150,34492,8,3,2025
1148,2022-12-05,Study Table,Furniture,North,5,45630,1,468,5611,228150,12,4,2022
1149,2025-09-01,Bookshelf,Furniture,South,13,48605,12,424,1740,631865,9,3,2025
1150,2024-10-17,Dining Table,Furniture,South,17,47437,8,353,9976,806429,10,4,2024
1151,2025-07-13,Bed,Furniture,South,14,30137,11,190,7324,421918,7,3,2025
1152,2022-10-16,Bed,Furniture,North,8,31064,10,59,1576,248512,10,4,2022
1153,2025-07-03,Study Table,Furniture,East,11,41608,12,163,9407,457688,7,3,2025
1154,2025-09-26,Office Chair,Furniture,North,7,17858,4,421,4458,125006,9,3,2025
1155,2025-07-22,Dining Table,Furniture,North,12,14911,10,415,6204,178932,7,3,2025
1156,2023-05-03,Bookshelf,Furniture,South,12,6082,14,434,9529,72984,5,2,2023
1157,2025-12-01,Coffee Table,Furniture,West,17,31544,5,143,3365,536248,12,4,2025
1158,2024-03-22,Bookshelf,Furniture,West,1,44777,15,168,9381,44777,3,1,2024
1159,2022-02-16,Study Table,Furniture,North,11,18681,5,86,2951,205491,2,1,2022
1160,2022-02-05,Wardrobe,Furniture,West,7,41452,3,437,5939,290164,2,1,2022
1161,2025-05-14,Sofa,Furniture,West,20,29882,18,411,6153,597640,5,2,2025
1162,2025-01-17,Coffee Table,Furniture,East,15,33225,9,90,5632,498375,1,1,2025
1163,2025-03-31,Sofa,Furniture,West,10,35513,12,406,5351,355130,3,1,2025
1164,2024-09-07,Office Chair,Furniture,East,1,24086,14,96,4603,24086,9,3,2024
1165,2022-07-01,Sofa,Furniture,West,17,7178,7,478,4173,122026,7,3,2022
1166,2022-07-31,Bookshelf,Furniture,South,7,39549,15,201,4356,276843,7,3,2022
1167,2023-09-05,Wardrobe,Furniture,West,15,21697,2,488,9227,325455,9,3,2023
1168,2025-02-03,Sofa,Furniture,West,5,24132,13,416,2635,120660,2,1,2025
1169,2023-03-31,Wardrobe,Furniture,North,2,43541,3,71,5461,87082,3,1,2023
1170,2022-04-26,Sofa,Furniture,North,20,3787,2,201,6924,75740,4,2,2022
1171,2023-11-10,Office Chair,Furniture,East,17,41933,1,176,5304,712861,11,4,2023
1172,2023-04-07,Sofa,Furniture,North,2,8570,11,357,1915,17140,4,2,2023
1173,2025-10-06,Office Chair,Furniture,West,18,26986,10,119,8603,485748,10,4,2025
1174,2025-07-13,Study Table,Furniture,North,19,44207,13,497,1047,839933,7,3,2025
1175,2022-07-07,Study Table,Furniture,North,7,26516,16,249,3437,185612,7,3,2022
1176,2024-01-19,Dining Table,Furniture,North,18,16299,2,298,1956,293382,1,1,2024
1177,2024-11-23,Office Chair,Furniture,West,7,10059,2,477,7980,70413,11,4,2024
1178,2024-12-21,Coffee Table,Furniture,North,5,38834,4,139,7903,194170,12,4,2024
1179,2024-05-26,Coffee Table,Furniture,North,4,26632,16,275,7913,106528,5,2,2024
1180,2023-10-04,Dining Table,Furniture,East,9,8038,14,310,6897,72342,10,4,2023
1181,2023-12-17,Coffee Table,Furniture,North,16,19675,2,228,1880,314800,12,4,2023
1182,2024-10-29,Wardrobe,Furniture,North,14,22799,9,290,3609,319186,10,4,2024
1183,2024-11-02,Study Table,Furniture,West,19,44200,7,89,9922,839800,11,4,2024
1184,2024-08-13,Bed,Furniture,South,20,37513,0,326,1146,750260,8,3,2024
1185,2023-09-23,Office Chair,Furniture,West,10,21563,15,184,9886,215630,9,3,2023
1186,2024-04-28,Wardrobe,Furniture,West,5,48091,1,98,1960,240455,4,2,2024
1187,2024-06-28,Dining Table,Furniture,West,1,41437,20,460,5459,41437,6,2,2024
1188,2023-08-14,Coffee Table,Furniture,North,20,38526,8,198,7821,770520,8,3,2023
1189,2025-04-22,Bed,Furniture,North,20,18661,14,251,7565,373220,4,2,2025
1190,2023-06-02,Office Chair,Furniture,South,9,22999,4,191,6438,206991,6,2,2023
1191,2025-11-05,Wardrobe,Furniture,South,10,46199,5,428,8438,461990,11,4,2025
1192,2025-03-13,Study Table,Furniture,West,15,40805,16,496,8871,612075,3,1,2025
1193,2023-11-14,Dining Table,Furniture,West,4,44026,2,166,9159,176104,11,4,2023
1194,2024-05-23,Sofa,Furniture,North,12,40239,4,81,6020,482868,5,2,2024
1195,2024-03-07,Sofa,Furniture,East,2,15119,2,441,7890,30238,3,1,2024
1196,2023-07-15,Bed,Furniture,South,5,7938,15,382,6851,39690,7,3,2023
1197,2024-03-27,Office Chair,Furniture,East,9,12496,16,79,4594,112464,3,1,2024
1198,2022-09-02,Dining Table,Furniture,North,3,11248,8,218,4892,33744,9,3,2022
1199,2022-11-26,Study Table,Furniture,South,10,45055,12,117,6396,450550,11,4,2022
1200,2023-04-29,Coffee Table,Furniture,West,6,35148,20,320,9280,210888,4,2,2023
1201,2025-09-11,Dining Table,Furniture,South,12,20857,5,86,8517,250284,9,3,2025
1202,2025-07-05,Sofa,Furniture,North,13,11503,13,416,3065,149539,7,3,2025
1203,2025-09-15,Bed,Furniture,South,8,5947,18,283,1923,47576,9,3,2025
1204,2023-05-12,Wardrobe,Furniture,North,4,11255,8,285,1613,45020,5,2,2023
1205,2024-11-20,Study Table,Furniture,East,18,36727,10,432,2162,661086,11,4,2024
1206,2023-11-01,Bookshelf,Furniture,South,13,4795,7,436,4183,62335,11,4,2023
1207,2023-12-10,Bed,Furniture,East,19,43227,7,157,3591,821313,12,4,2023
1208,2024-09-12,Wardrobe,Furniture,West,8,39970,7,234,3982,319760,9,3,2024
1209,2022-07-29,Bed,Furniture,East,2,48952,18,343,4639,97904,7,3,2022
1210,2024-10-09,Sofa,Furniture,South,1,19650,6,444,9187,19650,10,4,2024
1211,2023-01-14,Bed,Furniture,North,7,46749,11,416,2526,327243,1,1,2023
1212,2023-06-19,Bed,Furniture,West,3,9481,2,72,3128,28443,6,2,2023
1213,2025-09-06,Bookshelf,Furniture,East,2,29648,18,415,6395,59296,9,3,2025
1214,2022-08-02,Office Chair,Furniture,West,13,35034,3,461,3356,455442,8,3,2022
1215,2022-05-01,Bookshelf,Furniture,East,4,40799,19,163,3890,163196,5,2,2022
1216,2024-08-25,Bookshelf,Furniture,East,9,7803,4,135,5464,70227,8,3,2024
1217,2023-01-22,Sofa,Furniture,South,9,31060,10,66,3439,279540,1,1,2023
1218,2023-02-09,Office Chair,Furniture,North,18,30373,7,271,7418,546714,2,1,2023
1219,2022-11-14,Sofa,Furniture,South,14,49756,4,450,7675,696584,11,4,2022
1220,2024-01-15,Study Table,Furniture,West,20,40160,0,344,4907,803200,1,1,2024
1221,2024-04-22,Dining Table,Furniture,West,18,37715,19,470,4200,678870,4,2,2024
1222,2023-10-09,Coffee Table,Furniture,South,9,37607,4,91,5821,338463,10,4,2023
1223,2025-05-09,Wardrobe,Furniture,North,17,45110,7,211,2000,766870,5,2,2025
1224,2025-04-26,Dining Table,Furniture,North,9,45773,18,490,5503,411957,4,2,2025
1225,2023-02-17,Wardrobe,Furniture,West,16,9720,19,356,3910,155520,2,1,2023
1226,2023-12-02,Bookshelf,Furniture,East,6,12816,18,256,7446,76896,12,4,2023
1227,2024-04-03,Dining Table,Furniture,West,19,9832,5,172,5935,186808,4,2,2024
1228,2023-06-08,Wardrobe,Furniture,North,13,41312,2,218,1246,537056,6,2,2023
1229,2025-10-21,Wardrobe,Furniture,West,5,37788,8,390,4036,188940,10,4,2025
1230,2023-09-19,Dining Table,Furniture,North,3,13963,5,408,7745,41889,9,3,2023
1231,2023-07-03,Dining Table,Furniture,West,8,42728,15,110,7885,341824,7,3,2023
1232,2023-08-23,Wardrobe,Furniture,South,5,17182,8,50,5228,85910,8,3,2023
1233,2022-12-11,Bed,Furniture,West,11,17861,4,126,1833,196471,12,4,2022
1234,2023-08-27,Study Table,Furniture,North,13,5541,5,402,5807,72033,8,3,2023
1235,2025-02-01,Study Table,Furniture,East,14,42795,7,266,3566,599130,2,1,2025
1236,2025-07-12,Wardrobe,Furniture,East,15,24174,8,206,4250,362610,7,3,2025
1237,2025-11-05,Wardrobe,Furniture,East,19,10000,20,133,3307,190000,11,4,2025
1238,2025-01-01,Bed,Furniture,West,13,24289,5,318,2729,315757,1,1,2025
1239,2024-11-30,Sofa,Furniture,South,12,39536,15,361,1038,474432,11,4,2024
1240,2025-06-16,Sofa,Furniture,North,13,26884,6,260,4186,349492,6,2,2025
1241,2025-08-20,Dining Table,Furniture,East,11,42512,7,97,8311,467632,8,3,2025
1242,2025-04-30,Sofa,Furniture,North,4,3773,3,189,5421,15092,4,2,2025
1243,2023-03-12,Coffee Table,Furniture,North,14,22291,0,434,8139,312074,3,1,2023
1244,2025-07-20,Bed,Furniture,West,1,9980,2,143,4427,9980,7,3,2025
1245,2022-10-15,Study Table,Furniture,North,18,10668,6,228,7843,192024,10,4,2022
1246,2025-10-26,Bookshelf,Furniture,East,9,12630,10,136,4839,113670,10,4,2025
1247,2022-04-23,Dining Table,Furniture,South,5,20789,19,239,9321,103945,4,2,2022
1248,2022-09-29,Bed,Furniture,North,9,8102,17,108,6807,72918,9,3,2022
1249,2024-01-25,Bookshelf,Furniture,West,8,45313,19,127,5429,362504,1,1,2024
1250,2022-08-14,Study Table,Furniture,South,13,29325,20,158,2023,381225,8,3,2022
1251,2025-12-17,Dining Table,Furniture,East,8,32462,15,145,7917,259696,12,4,2025
1252,2022-04-22,Wardrobe,Furniture,South,9,49180,14,277,9950,442620,4,2,2022
1253,2022-08-23,Wardrobe,Furniture,North,6,5776,16,398,4762,34656,8,3,2022
1254,2022-06-23,Wardrobe,Furniture,East,11,37876,20,305,9142,416636,6,2,2022
1255,2024-09-30,Bed,Furniture,East,9,39118,4,299,5442,352062,9,3,2024
1256,2023-04-30,Study Table,Furniture,East,3,7023,9,364,5086,21069,4,2,2023
1257,2022-10-11,Bed,Furniture,East,12,49756,13,213,6463,597072,10,4,2022
1258,2025-04-01,Dining Table,Furniture,North,1,25540,19,415,9757,25540,4,2,2025
1259,2022-10-07,Coffee Table,Furniture,West,7,38580,17,392,9448,270060,10,4,2022
1260,2024-11-17,Bookshelf,Furniture,North,3,29357,2,429,5991,88071,11,4,2024
1261,2023-08-11,Coffee Table,Furniture,North,7,3078,14,138,7172,21546,8,3,2023
1262,2024-03-21,Wardrobe,Furniture,East,1,40416,14,391,9631,40416,3,1,2024
1263,2024-12-11,Bed,Furniture,North,3,23775,9,498,3447,71325,12,4,2024
1264,2022-12-21,Study Table,Furniture,North,14,12333,13,461,6035,172662,12,4,2022
1265,2022-04-12,Dining Table,Furniture,South,15,24119,9,415,4812,361785,4,2,2022
1266,2024-03-26,Coffee Table,Furniture,East,15,21585,4,378,4578,323775,3,1,2024
1267,2024-06-11,Office Chair,Furniture,West,14,47392,19,243,7951,663488,6,2,2024
1268,2024-10-23,Wardrobe,Furniture,East,19,23962,15,219,4244,455278,10,4,2024
1269,2023-12-12,Office Chair,Furniture,North,18,3752,9,496,8274,67536,12,4,2023
1270,2023-02-27,Wardrobe,Furniture,East,7,48291,10,258,6370,338037,2,1,2023
1271,2023-04-07,Office Chair,Furniture,East,15,35052,9,243,9482,525780,4,2,2023
1272,2022-09-06,Dining Table,Furniture,West,2,17937,9,454,6056,35874,9,3,2022
1273,2024-09-30,Dining Table,Furniture,South,1,12534,20,395,7235,12534,9,3,2024
1274,2025-12-22,Bed,Furniture,West,13,36147,8,352,5829,469911,12,4,2025
1275,2025-05-04,Bed,Furniture,South,6,27502,7,69,6326,165012,5,2,2025
1276,2025-11-09,Study Table,Furniture,West,18,11782,1,74,6878,212076,11,4,2025
1277,2024-04-17,Wardrobe,Furniture,North,6,20430,6,221,8645,122580,4,2,2024
1278,2024-09-14,Bookshelf,Furniture,West,1,17507,16,118,5435,17507,9,3,2024
1279,2022-12-25,Sofa,Furniture,West,20,11093,16,426,8276,221860,12,4,2022
1280,2024-05-24,Bookshelf,Furniture,West,4,24298,17,447,9532,97192,5,2,2024
1281,2024-09-01,Dining Table,Furniture,West,6,6506,19,128,4859,39036,9,3,2024
1282,2022-02-27,Study Table,Furniture,North,19,13729,18,340,8556,260851,2,1,2022
1283,2024-05-17,Bed,Furniture,East,19,44060,20,155,1790,837140,5,2,2024
1284,2023-05-19,Study Table,Furniture,South,17,48889,19,413,7545,831113,5,2,2023
1285,2023-04-16,Coffee Table,Furniture,East,7,21336,20,316,4427,149352,4,2,2023
1286,2024-03-20,Coffee Table,Furniture,West,8,8833,15,482,9034,70664,3,1,2024
1287,2022-12-18,Sofa,Furniture,East,1,33193,8,349,1492,33193,12,4,2022
1288,2024-12-06,Sofa,Furniture,East,5,38314,19,451,3139,191570,12,4,2024
1289,2022-04-02,Office Chair,Furniture,East,20,17074,10,381,5818,341480,4,2,2022
1290,2024-02-14,Study Table,Furniture,North,5,13192,6,132,1058,65960,2,1,2024
1291,2022-02-22,Coffee Table,Furniture,South,19,12865,11,330,4240,244435,2,1,2022
1292,2024-09-16,Wardrobe,Furniture,South,13,22168,4,317,2687,288184,9,3,2024
1293,2025-06-25,Wardrobe,Furniture,South,6,14973,10,167,8813,89838,6,2,2025
1294,2024-11-25,Study Table,Furniture,West,3,38243,0,360,1397,114729,11,4,2024
1295,2024-06-16,Office Chair,Furniture,South,9,30477,16,111,3678,274293,6,2,2024
1296,2024-12-24,Coffee Table,Furniture,East,1,38765,16,446,8751,38765,12,4,2024
1297,2022-11-02,Study Table,Furniture,North,16,9316,8,388,5347,149056,11,4,2022
1298,2022-01-31,Study Table,Furniture,North,19,25004,3,164,1587,475076,1,1,2022
1299,2025-07-02,Wardrobe,Furniture,West,2,8632,20,275,2509,17264,7,3,2025
1300,2025-10-12,Study Table,Furniture,North,14,9905,13,119,4349,138670,10,4,2025
1301,2025-02-12,Bookshelf,Furniture,North,1,36976,14,256,3468,36976,2,1,2025
1302,2025-08-18,Dining Table,Furniture,North,15,4144,7,107,8040,62160,8,3,2025
1303,2025-12-29,Bed,Furniture,South,9,43719,10,475,8439,393471,12,4,2025
1304,2023-01-23,Sofa,Furniture,East,11,19544,11,203,9702,214984,1,1,2023
1305,2024-09-16,Bed,Furniture,East,9,28189,20,233,1630,253701,9,3,2024
1306,2023-01-16,Study Table,Furniture,East,16,43122,0,80,1868,689952,1,1,2023
1307,2024-08-09,Bookshelf,Furniture,North,9,25443,1,482,5583,228987,8,3,2024
1308,2024-03-01,Study Table,Furniture,West,10,8575,12,401,8027,85750,3,1,2024
1309,2024-12-13,Dining Table,Furniture,North,20,39954,11,169,1062,799080,12,4,2024
1310,2023-10-08,Dining Table,Furniture,North,7,19357,11,107,4035,135499,10,4,2023
1311,2022-02-06,Coffee Table,Furniture,North,1,40941,2,171,5049,40941,2,1,2022
1312,2024-10-29,Study Table,Furniture,South,17,39246,0,223,8492,667182,10,4,2024
1313,2024-01-11,Bookshelf,Furniture,North,17,27711,4,246,8201,471087,1,1,2024
1314,2025-08-02,Dining Table,Furniture,West,14,21780,1,51,4624,304920,8,3,2025
1315,2024-04-08,Study Table,Furniture,West,2,41699,15,379,3797,83398,4,2,2024
1316,2022-10-04,Bed,Furniture,East,8,5494,8,75,7008,43952,10,4,2022
1317,2025-05-12,Study Table,Furniture,East,7,8553,13,238,5317,59871,5,2,2025
1318,2025-02-20,Bookshelf,Furniture,East,1,35989,2,115,8842,35989,2,1,2025
1319,2023-07-17,Sofa,Furniture,South,12,48239,10,362,9717,578868,7,3,2023
1320,2023-08-09,Bed,Furniture,West,1,23555,1,278,6259,23555,8,3,2023
1321,2022-07-22,Dining Table,Furniture,South,13,34250,1,133,6341,445250,7,3,2022
1322,2023-05-03,Dining Table,Furniture,North,16,32119,17,491,1353,513904,5,2,2023
1323,2024-06-02,Office Chair,Furniture,North,6,9262,10,89,3135,55572,6,2,2024
1324,2024-11-21,Sofa,Furniture,South,18,13129,13,359,2195,236322,11,4,2024
1325,2022-12-13,Bed,Furniture,East,9,42380,6,151,7652,381420,12,4,2022
1326,2025-06-07,Coffee Table,Furniture,East,2,30992,0,346,9060,61984,6,2,2025
1327,2025-11-19,Bed,Furniture,North,11,8245,12,61,8283,90695,11,4,2025
1328,2023-01-24,Sofa,Furniture,North,6,49412,17,216,7338,296472,1,1,2023
1329,2022-08-26,Coffee Table,Furniture,North,19,18922,14,438,8926,359518,8,3,2022
1330,2024-06-20,Coffee Table,Furniture,South,17,29718,6,162,6918,505206,6,2,2024
1331,2022-11-28,Office Chair,Furniture,South,15,39841,11,355,8663,597615,11,4,2022
1332,2024-02-26,Bookshelf,Furniture,East,10,8016,17,220,4372,80160,2,1,2024
1333,2023-01-16,Dining Table,Furniture,East,10,37855,1,223,8889,378550,1,1,2023
1334,2025-07-19,Office Chair,Furniture,West,20,7371,4,469,5685,147420,7,3,2025
1335,2025-05-27,Office Chair,Furniture,East,10,16240,3,114,1185,162400,5,2,2025
1336,2024-12-08,Dining Table,Furniture,West,11,32156,18,383,9736,353716,12,4,2024
1337,2022-08-30,Bookshelf,Furniture,West,5,26497,1,272,4729,132485,8,3,2022
1338,2025-09-16,Study Table,Furniture,East,14,14458,11,236,2930,202412,9,3,2025
1339,2022-08-12,Sofa,Furniture,East,15,9287,3,256,3040,139305,8,3,2022
1340,2024-05-03,Bookshelf,Furniture,South,9,3476,4,110,9048,31284,5,2,2024
1341,2024-08-29,Wardrobe,Furniture,East,3,39615,4,325,2305,118845,8,3,2024
1342,2022-12-10,Bookshelf,Furniture,East,7,7116,17,308,7172,49812,12,4,2022
1343,2024-06-07,Sofa,Furniture,South,16,37513,9,137,6632,600208,6,2,2024
1344,2024-08-06,Office Chair,Furniture,West,16,3728,7,376,2695,59648,8,3,2024
1345,2022-10-22,Office Chair,Furniture,South,20,25330,7,471,4790,506600,10,4,2022
1346,2025-02-01,Dining Table,Furniture,South,12,16080,10,452,5534,192960,2,1,2025
1347,2024-06-01,Sofa,Furniture,West,12,34423,2,65,1639,413076,6,2,2024
1348,2023-02-15,Dining Table,Furniture,South,15,5302,1,170,8289,79530,2,1,2023
1349,2025-05-16,Bed,Furniture,West,7,48596,2,152,6955,340172,5,2,2025
1350,2025-12-01,Dining Table,Furniture,North,16,20905,0,200,1998,334480,12,4,2025
1351,2025-06-11,Wardrobe,Furniture,North,16,39766,12,64,7985,636256,6,2,2025
1352,2023-05-23,Sofa,Furniture,North,3,18053,20,392,5600,54159,5,2,2023
1353,2023-01-02,Office Chair,Furniture,East,10,27368,16,363,5952,273680,1,1,2023
1354,2023-07-07,Dining Table,Furniture,North,7,22181,11,390,9386,155267,7,3,2023
1355,2023-02-03,Office Chair,Furniture,North,4,47782,0,371,4616,191128,2,1,2023
1356,2025-07-20,Bed,Furniture,South,12,31243,20,467,1908,374916,7,3,2025
1357,2022-08-29,Sofa,Furniture,South,18,20868,9,394,7612,375624,8,3,2022
1358,2024-12-29,Study Table,Furniture,West,9,7100,18,286,7569,63900,12,4,2024
1359,2023-11-28,Study Table,Furniture,East,5,28649,19,92,1659,143245,11,4,2023
1360,2022-04-30,Dining Table,Furniture,South,16,48443,15,118,6948,775088,4,2,2022
1361,2024-07-13,Bookshelf,Furniture,East,1,16176,3,294,6743,16176,7,3,2024
1362,2022-04-29,Bed,Furniture,North,9,14238,18,323,7028,128142,4,2,2022
1363,2024-11-14,Wardrobe,Furniture,North,18,33675,10,301,8446,606150,11,4,2024
1364,2025-05-27,Sofa,Furniture,East,1,37159,17,191,1845,37159,5,2,2025
1365,2025-09-19,Study Table,Furniture,South,16,10188,17,113,8573,163008,9,3,2025
1366,2023-12-10,Office Chair,Furniture,North,7,42928,17,179,2728,300496,12,4,2023
1367,2025-09-04,Wardrobe,Furniture,East,4,26798,1,270,1081,107192,9,3,2025
1368,2023-03-08,Bed,Furniture,South,14,40702,14,461,6760,569828,3,1,2023
1369,2023-07-31,Coffee Table,Furniture,South,7,32947,5,142,6835,230629,7,3,2023
1370,2024-12-09,Bed,Furniture,North,15,41356,18,325,2720,620340,12,4,2024
1371,2023-04-10,Sofa,Furniture,East,10,5636,12,226,2049,56360,4,2,2023
1372,2025-12-03,Bookshelf,Furniture,South,3,10771,16,123,4475,32313,12,4,2025
1373,2024-12-31,Sofa,Furniture,South,10,26340,18,253,6924,263400,12,4,2024
1374,2024-11-01,Sofa,Furniture,North,3,2367,10,241,2583,7101,11,4,2024
1375,2022-02-28,Bed,Furniture,East,16,6876,12,255,5040,110016,2,1,2022
1376,2023-09-22,Sofa,Furniture,South,20,14181,11,86,7264,283620,9,3,2023
1377,2023-10-03,Coffee Table,Furniture,West,5,27992,16,230,5049,139960,10,4,2023
1378,2024-08-11,Sofa,Furniture,West,4,27823,0,389,5906,111292,8,3,2024
1379,2024-04-06,Bed,Furniture,North,7,11941,3,154,2133,83587,4,2,2024
1380,2024-01-13,Bookshelf,Furniture,West,19,42735,8,223,4638,811965,1,1,2024
1381,2022-05-30,Wardrobe,Furniture,South,6,28507,9,362,6211,171042,5,2,2022
1382,2022-01-24,Bookshelf,Furniture,West,18,25611,15,168,1267,460998,1,1,2022
1383,2022-02-01,Bed,Furniture,South,9,12070,5,259,2212,108630,2,1,2022
1384,2024-03-22,Office Chair,Furniture,East,12,15560,5,192,5831,186720,3,1,2024
1385,2022-07-15,Bed,Furniture,West,17,15090,20,281,2068,256530,7,3,2022
1386,2025-06-25,Bookshelf,Furniture,South,1,18390,4,438,5202,18390,6,2,2025
1387,2025-01-09,Coffee Table,Furniture,West,16,11609,0,365,7050,185744,1,1,2025
1388,2024-04-20,Wardrobe,Furniture,West,15,40918,13,107,3981,613770,4,2,2024
1389,2024-12-10,Bookshelf,Furniture,North,13,11738,17,346,2585,152594,12,4,2024
1390,2025-12-17,Bed,Furniture,West,16,25371,4,456,5877,405936,12,4,2025
1391,2024-06-11,Study Table,Furniture,North,18,8013,19,325,6903,144234,6,2,2024
1392,2022-12-28,Bed,Furniture,West,8,30539,17,357,4257,244312,12,4,2022
1393,2024-11-07,Bed,Furniture,North,12,36539,2,276,5713,438468,11,4,2024
1394,2023-08-08,Dining Table,Furniture,South,9,13546,5,251,9165,121914,8,3,2023
1395,2022-12-13,Study Table,Furniture,East,3,29284,11,417,3714,87852,12,4,2022
1396,2024-09-22,Sofa,Furniture,South,17,38582,17,88,5259,655894,9,3,2024
1397,2023-06-01,Dining Table,Furniture,East,13,43724,7,355,1297,568412,6,2,2023
1398,2025-11-28,Bed,Furniture,South,14,35669,1,104,8845,499366,11,4,2025
1399,2024-07-11,Study Table,Furniture,West,3,37764,4,339,9971,113292,7,3,2024
1400,2022-03-30,Dining Table,Furniture,West,5,46366,16,475,2799,231830,3,1,2022
1401,2025-05-25,Office Chair,Furniture,South,19,18063,16,322,2162,343197,5,2,2025
1402,2022-01-03,Office Chair,Furniture,South,2,13507,16,383,7859,27014,1,1,2022
1403,2023-03-28,Office Chair,Furniture,West,12,45215,13,126,2815,542580,3,1,2023
1404,2024-01-07,Bookshelf,Furniture,North,17,45684,5,484,8984,776628,1,1,2024
1405,2024-05-27,Coffee Table,Furniture,East,4,19346,4,452,6717,77384,5,2,2024
1406,2023-01-26,Bookshelf,Furniture,South,8,23950,1,170,7419,191600,1,1,2023
1407,2025-04-26,Bed,Furniture,East,7,16663,18,406,4020,116641,4,2,2025
1408,2023-01-10,Dining Table,Furniture,West,2,7323,11,491,6022,14646,1,1,2023
1409,2024-11-21,Office Chair,Furniture,South,1,43130,14,458,8517,43130,11,4,2024
1410,2023-11-16,Coffee Table,Furniture,South,14,39976,5,317,1450,559664,11,4,2023
1411,2022-09-06,Wardrobe,Furniture,South,9,43348,18,197,8655,390132,9,3,2022
1412,2024-09-14,Study Table,Furniture,North,12,13405,20,59,1013,160860,9,3,2024
1413,2023-07-05,Bed,Furniture,North,18,15654,2,117,4624,281772,7,3,2023
1414,2025-05-02,Bookshelf,Furniture,East,1,46776,6,160,4085,46776,5,2,2025
1415,2023-11-06,Wardrobe,Furniture,East,8,2668,10,453,6566,21344,11,4,2023
1416,2025-10-23,Study Table,Furniture,East,6,40321,6,294,6185,241926,10,4,2025
1417,2023-02-04,Study Table,Furniture,North,20,2223,7,305,3806,44460,2,1,2023
1418,2022-01-01,Coffee Table,Furniture,South,7,46670,12,169,9744,326690,1,1,2022
1419,2025-07-29,Bookshelf,Furniture,North,8,6711,2,479,2803,53688,7,3,2025
1420,2024-01-03,Sofa,Furniture,West,18,27346,0,306,6964,492228,1,1,2024
1421,2022-03-22,Bookshelf,Furniture,East,4,48623,6,431,7593,194492,3,1,2022
1422,2022-01-04,Office Chair,Furniture,West,7,30378,5,214,7010,212646,1,1,2022
1423,2022-12-30,Coffee Table,Furniture,West,13,4227,7,343,6233,54951,12,4,2022
1424,2024-10-30,Coffee Table,Furniture,South,13,39764,7,258,6119,516932,10,4,2024
1425,2024-11-12,Dining Table,Furniture,South,9,28362,1,177,5198,255258,11,4,2024
1426,2022-08-01,Bed,Furniture,South,5,38945,14,153,4352,194725,8,3,2022
1427,2023-01-08,Bed,Furniture,North,16,10692,9,188,3029,171072,1,1,2023
1428,2025-05-25,Wardrobe,Furniture,North,13,10754,17,298,1284,139802,5,2,2025
1429,2024-03-10,Sofa,Furniture,West,9,8077,1,128,1320,72693,3,1,2024
1430,2025-05-22,Sofa,Furniture,North,3,2117,3,500,6546,6351,5,2,2025
1431,2025-11-15,Bookshelf,Furniture,South,14,18340,0,421,8271,256760,11,4,2025
1432,2025-07-31,Wardrobe,Furniture,North,6,7012,1,159,6013,42072,7,3,2025
1433,2023-04-09,Wardrobe,Furniture,South,6,10817,5,146,6456,64902,4,2,2023
1434,2025-06-02,Sofa,Furniture,East,3,40403,20,418,6292,121209,6,2,2025
1435,2025-03-30,Dining Table,Furniture,East,15,23913,19,219,5036,358695,3,1,2025
1436,2023-02-18,Coffee Table,Furniture,North,13,19002,5,435,5050,247026,2,1,2023
1437,2023-10-28,Dining Table,Furniture,East,3,32083,1,340,8960,96249,10,4,2023
1438,2022-05-27,Wardrobe,Furniture,North,3,43838,9,404,6015,131514,5,2,2022
1439,2024-01-18,Study Table,Furniture,North,2,44439,15,396,7043,88878,1,1,2024
1440,2022-06-11,Sofa,Furniture,South,11,48232,15,466,1746,530552,6,2,2022
1441,2022-07-26,Coffee Table,Furniture,West,7,12550,4,264,4731,87850,7,3,2022
1442,2024-01-24,Office Chair,Furniture,West,15,7618,5,407,8344,114270,1,1,2024
1443,2022-02-09,Dining Table,Furniture,North,5,48281,6,114,1637,241405,2,1,2022
1444,2024-03-06,Bed,Furniture,South,2,7925,10,244,3204,15850,3,1,2024
1445,2023-05-29,Wardrobe,Furniture,West,1,11614,18,331,5336,11614,5,2,2023
1446,2023-09-28,Bed,Furniture,South,11,42563,4,196,4915,468193,9,3,2023
1447,2025-07-03,Wardrobe,Furniture,East,4,47716,13,141,8938,190864,7,3,2025
1448,2023-01-14,Office Chair,Furniture,East,9,29401,19,232,1171,264609,1,1,2023
1449,2022-10-26,Study Table,Furniture,West,19,24948,4,115,2159,474012,10,4,2022
1450,2023-10-01,Bookshelf,Furniture,South,15,43109,8,275,7288,646635,10,4,2023
1451,2025-01-23,Bookshelf,Furniture,East,3,49052,4,161,4415,147156,1,1,2025
1452,2022-11-23,Dining Table,Furniture,South,5,23625,11,424,2402,118125,11,4,2022
1453,2025-08-08,Office Chair,Furniture,East,9,22791,10,201,8622,205119,8,3,2025
1454,2025-08-25,Wardrobe,Furniture,West,12,11952,7,433,5431,143424,8,3,2025
1455,2023-04-11,Bookshelf,Furniture,North,16,49731,9,397,1685,795696,4,2,2023
1456,2022-04-17,Coffee Table,Furniture,South,16,22345,12,100,2585,357520,4,2,2022
1457,2022-01-20,Coffee Table,Furniture,East,12,4304,14,355,4724,51648,1,1,2022
1458,2022-10-09,Bed,Furniture,North,2,19187,0,340,8947,38374,10,4,2022
1459,2025-11-10,Bookshelf,Furniture,West,7,3243,2,290,8163,22701,11,4,2025
1460,2024-09-28,Office Chair,Furniture,North,15,13989,16,416,4579,209835,9,3,2024
1461,2023-04-05,Study Table,Furniture,West,14,42173,7,497,4847,590422,4,2,2023
1462,2022-11-12,Dining Table,Furniture,East,4,44764,5,184,3013,179056,11,4,2022
1463,2025-11-20,Dining Table,Furniture,West,4,7277,9,399,8289,29108,11,4,2025
1464,2025-05-06,Wardrobe,Furniture,West,18,26841,16,238,3492,483138,5,2,2025
1465,2024-08-24,Dining Table,Furniture,West,15,49331,3,460,3035,739965,8,3,2024
1466,2023-05-16,Bookshelf,Furniture,South,2,5099,16,185,6001,10198,5,2,2023
1467,2024-07-31,Office Chair,Furniture,South,14,38253,1,353,4788,535542,7,3,2024
1468,2022-01-24,Coffee Table,Furniture,North,10,37851,0,331,8893,378510,1,1,2022
1469,2022-01-08,Dining Table,Furniture,South,11,28791,12,329,5604,316701,1,1,2022
1470,2024-08-07,Office Chair,Furniture,South,13,9502,8,179,8937,123526,8,3,2024
1471,2023-04-06,Bed,Furniture,South,13,40129,2,466,9986,521677,4,2,2023
1472,2025-09-27,Dining Table,Furniture,South,4,36844,4,174,6718,147376,9,3,2025
1473,2022-11-24,Sofa,Furniture,West,1,5149,2,260,7107,5149,11,4,2022
1474,2022-06-07,Bed,Furniture,East,17,7640,17,312,2210,129880,6,2,2022
1475,2022-08-17,Bed,Furniture,West,8,6442,10,312,5793,51536,8,3,2022
1476,2022-12-25,Study Table,Furniture,South,11,11169,2,309,7726,122859,12,4,2022
1477,2025-07-21,Sofa,Furniture,South,20,8357,13,169,4918,167140,7,3,2025
1478,2023-12-29,Bed,Furniture,West,1,46086,7,161,4779,46086,12,4,2023
1479,2023-08-08,Bed,Furniture,West,19,44907,1,188,7206,853233,8,3,2023
1480,2024-09-02,Office Chair,Furniture,South,3,34506,6,343,4749,103518,9,3,2024
1481,2025-11-09,Bookshelf,Furniture,South,11,15416,7,288,3695,169576,11,4,2025
1482,2024-01-20,Wardrobe,Furniture,North,3,32570,1,66,5450,97710,1,1,2024
1483,2025-03-08,Sofa,Furniture,West,11,20122,12,376,3585,221342,3,1,2025
1484,2024-12-25,Sofa,Furniture,South,7,27971,4,150,7292,195797,12,4,2024
1485,2024-04-14,Coffee Table,Furniture,West,15,26806,16,237,7771,402090,4,2,2024
1486,2023-11-14,Wardrobe,Furniture,East,20,8003,4,337,4797,160060,11,4,2023
1487,2024-06-24,Study Table,Furniture,East,8,42131,18,328,9036,337048,6,2,2024
1488,2025-01-22,Sofa,Furniture,South,9,27094,15,152,4017,243846,1,1,2025
1489,2024-12-14,Sofa,Furniture,East,10,27901,10,146,2791,279010,12,4,2024
1490,2025-03-15,Sofa,Furniture,West,4,19027,9,203,4496,76108,3,1,2025
1491,2025-10-29,Study Table,Furniture,West,9,35583,1,268,5290,320247,10,4,2025
1492,2024-03-02,Dining Table,Furniture,East,13,25039,14,164,3585,325507,3,1,2024
1493,2023-06-25,Sofa,Furniture,North,12,31751,3,372,9809,381012,6,2,2023
1494,2025-03-22,Wardrobe,Furniture,South,20,16967,17,74,9829,339340,3,1,2025
1495,2023-07-10,Coffee Table,Furniture,North,17,49482,4,384,5352,841194,7,3,2023
1496,2025-10-24,Bed,Furniture,South,16,23270,5,282,4933,372320,10,4,2025
1497,2024-11-12,Bed,Furniture,North,13,47740,15,183,6225,620620,11,4,2024
1498,2022-02-07,Coffee Table,Furniture,East,13,33408,16,99,7619,434304,2,1,2022
1499,2022-11-21,Dining Table,Furniture,West,10,4269,19,210,1428,42690,11,4,2022
1500,2022-01-31,Wardrobe,Furniture,North,10,47148,2,179,4499,471480,1,1,2022
1501,2025-12-06,Bookshelf,Furniture,North,3,11676,3,249,6343,35028,12,4,2025
1502,2023-12-25,Dining Table,Furniture,South,16,46409,11,290,8280,742544,12,4,2023
1503,2025-08-30,Office Chair,Furniture,East,14,20577,15,240,9079,288078,8,3,2025
1504,2025-03-06,Office Chair,Furniture,North,1,25594,6,168,7583,25594,3,1,2025
1505,2022-02-01,Sofa,Furniture,East,16,14542,13,281,2474,232672,2,1,2022
1506,2023-06-04,Coffee Table,Furniture,East,16,22049,5,463,4821,352784,6,2,2023
1507,2023-03-21,Bed,Furniture,North,9,31232,16,491,3422,281088,3,1,2023
1508,2024-05-08,Wardrobe,Furniture,West,6,46103,20,356,7169,276618,5,2,2024
1509,2022-03-08,Study Table,Furniture,East,18,4579,0,374,5179,82422,3,1,2022
1510,2023-09-23,Study Table,Furniture,West,10,2581,6,50,8774,25810,9,3,2023
1511,2023-08-02,Bookshelf,Furniture,West,19,32594,3,462,4080,619286,8,3,2023
1512,2023-12-12,Dining Table,Furniture,North,8,41570,10,227,5599,332560,12,4,2023
1513,2024-06-27,Bookshelf,Furniture,East,7,7509,15,209,9263,52563,6,2,2024
1514,2025-09-19,Bed,Furniture,West,7,46504,11,184,9780,325528,9,3,2025
1515,2024-03-24,Bed,Furniture,West,17,18594,13,99,7252,316098,3,1,2024
1516,2023-02-07,Wardrobe,Furniture,West,15,43014,6,292,2385,645210,2,1,2023
1517,2022-12-29,Sofa,Furniture,East,14,18633,9,269,8681,260862,12,4,2022
1518,2024-05-03,Wardrobe,Furniture,North,17,9950,16,69,4153,169150,5,2,2024
1519,2024-05-11,Coffee Table,Furniture,South,16,31259,18,233,9698,500144,5,2,2024
1520,2023-10-23,Bed,Furniture,East,7,17011,12,95,3492,119077,10,4,2023
1521,2022-07-31,Bed,Furniture,West,6,42948,3,489,1452,257688,7,3,2022
1522,2023-09-01,Bed,Furniture,West,16,36086,20,370,2458,577376,9,3,2023
1523,2024-01-09,Study Table,Furniture,West,2,15258,3,425,5355,30516,1,1,2024
1524,2022-07-17,Sofa,Furniture,North,13,43747,4,177,2126,568711,7,3,2022
1525,2023-03-22,Coffee Table,Furniture,North,6,19300,20,322,7998,115800,3,1,2023
1526,2023-05-19,Coffee Table,Furniture,West,9,48635,0,428,9689,437715,5,2,2023
1527,2025-11-05,Wardrobe,Furniture,North,20,40346,19,122,5041,806920,11,4,2025
1528,2023-04-16,Wardrobe,Furniture,South,20,3695,0,68,8991,73900,4,2,2023
1529,2022-03-03,Study Table,Furniture,North,7,46548,13,189,6158,325836,3,1,2022
1530,2024-10-03,Study Table,Furniture,West,20,41603,18,352,3569,832060,10,4,2024
1531,2024-07-13,Study Table,Furniture,West,1,22672,11,264,2446,22672,7,3,2024
1532,2024-06-21,Coffee Table,Furniture,South,12,15197,9,356,2200,182364,6,2,2024
1533,2022-09-02,Study Table,Furniture,North,2,36597,18,64,6615,73194,9,3,2022
1534,2023-01-07,Study Table,Furniture,West,8,14923,4,226,4328,119384,1,1,2023
1535,2025-04-10,Study Table,Furniture,North,18,6789,18,412,1331,122202,4,2,2025
1536,2025-01-09,Bookshelf,Furniture,North,2,31985,15,136,6735,63970,1,1,2025
1537,2022-03-16,Bed,Furniture,North,7,10417,10,407,5222,72919,3,1,2022
1538,2022-01-14,Coffee Table,Furniture,South,11,5383,2,403,8261,59213,1,1,2022
1539,2022-04-16,Bed,Furniture,North,13,44106,11,200,5667,573378,4,2,2022
1540,2023-02-13,Sofa,Furniture,West,6,40852,10,332,5669,245112,2,1,2023
1541,2022-05-21,Dining Table,Furniture,South,1,23961,6,346,3941,23961,5,2,2022
1542,2025-04-30,Bed,Furniture,South,6,8167,16,370,6787,49002,4,2,2025
1543,2024-06-14,Sofa,Furniture,East,13,29938,10,232,8318,389194,6,2,2024
1544,2024-08-27,Bed,Furniture,South,5,10402,1,409,2451,52010,8,3,2024
1545,2024-03-07,Coffee Table,Furniture,South,16,27486,15,480,6919,439776,3,1,2024
1546,2023-02-17,Coffee Table,Furniture,West,20,19417,2,236,5643,388340,2,1,2023
1547,2023-03-15,Bed,Furniture,East,20,46674,2,222,6555,933480,3,1,2023
1548,2025-01-04,Wardrobe,Furniture,East,14,27865,1,117,2688,390110,1,1,2025
1549,2023-06-07,Sofa,Furniture,West,14,3439,9,429,1508,48146,6,2,2023
1550,2023-12-26,Dining Table,Furniture,East,3,22697,3,466,7155,68091,12,4,2023
1551,2024-07-13,Study Table,Furniture,West,8,8001,19,141,8619,64008,7,3,2024
1552,2022-01-01,Office Chair,Furniture,West,11,42699,6,464,1602,469689,1,1,2022
1553,2025-02-13,Study Table,Furniture,North,15,16959,18,226,5801,254385,2,1,2025
1554,2025-04-06,Office Chair,Furniture,South,15,43417,14,212,4138,651255,4,2,2025
1555,2023-01-05,Sofa,Furniture,North,5,2460,0,154,8816,12300,1,1,2023
1556,2023-12-29,Office Chair,Furniture,East,4,7468,11,64,8061,29872,12,4,2023
1557,2024-05-05,Wardrobe,Furniture,South,2,26205,11,59,4096,52410,5,2,2024
1558,2025-02-16,Wardrobe,Furniture,North,5,45768,15,301,8933,228840,2,1,2025
1559,2022-02-19,Dining Table,Furniture,West,3,21791,16,460,9580,65373,2,1,2022
1560,2023-03-26,Office Chair,Furniture,East,2,39268,17,150,1190,78536,3,1,2023
1561,2025-10-27,Sofa,Furniture,South,5,18122,16,348,6181,90610,10,4,2025
1562,2024-01-17,Dining Table,Furniture,West,1,41555,19,114,7504,41555,1,1,2024
1563,2022-04-15,Wardrobe,Furniture,North,15,44262,20,142,8453,663930,4,2,2022
1564,2022-04-23,Wardrobe,Furniture,North,12,31986,6,491,4615,383832,4,2,2022
1565,2022-01-10,Bookshelf,Furniture,East,20,33534,15,308,7832,670680,1,1,2022
1566,2025-05-07,Dining Table,Furniture,South,15,13289,9,74,4844,199335,5,2,2025
1567,2023-09-16,Dining Table,Furniture,North,5,5551,1,324,1066,27755,9,3,2023
1568,2025-05-08,Sofa,Furniture,North,6,8106,10,331,7251,48636,5,2,2025
1569,2023-06-16,Wardrobe,Furniture,East,2,15955,10,276,4291,31910,6,2,2023
1570,2023-07-03,Sofa,Furniture,East,7,22313,12,266,5188,156191,7,3,2023
1571,2024-07-04,Bed,Furniture,North,11,18981,13,74,5464,208791,7,3,2024
1572,2023-02-09,Sofa,Furniture,West,9,29743,14,374,9973,267687,2,1,2023
1573,2025-09-26,Wardrobe,Furniture,East,17,4005,13,340,5526,68085,9,3,2025
1574,2023-03-20,Bed,Furniture,South,8,12335,14,460,5995,98680,3,1,2023
1575,2022-05-28,Bed,Furniture,West,2,38254,12,102,1230,76508,5,2,2022
1576,2022-05-31,Study Table,Furniture,East,17,7285,20,251,5820,123845,5,2,2022
1577,2025-04-15,Sofa,Furniture,North,4,20714,6,294,3743,82856,4,2,2025
1578,2024-11-03,Bed,Furniture,South,1,19606,18,172,6872,19606,11,4,2024
1579,2025-06-25,Coffee Table,Furniture,North,11,38786,18,227,9594,426646,6,2,2025
1580,2025-10-28,Coffee Table,Furniture,East,14,46430,2,240,2306,650020,10,4,2025
1581,2025-05-10,Coffee Table,Furniture,East,8,43377,16,163,8304,347016,5,2,2025
1582,2024-06-12,Study Table,Furniture,West,11,27629,14,349,2329,303919,6,2,2024
1583,2023-06-14,Office Chair,Furniture,West,14,41866,2,481,9484,586124,6,2,2023
1584,2025-11-20,Dining Table,Furniture,South,14,7668,14,313,7177,107352,11,4,2025
1585,2025-06-20,Coffee Table,Furniture,East,4,14495,13,161,7752,57980,6,2,2025
1586,2023-06-23,Bed,Furniture,South,1,25114,18,352,4123,25114,6,2,2023
1587,2025-08-06,Study Table,Furniture,East,3,23855,6,442,8869,71565,8,3,2025
1588,2024-07-10,Bookshelf,Furniture,East,20,32683,15,315,5074,653660,7,3,2024
1589,2025-05-02,Sofa,Furniture,West,10,17158,15,361,8436,171580,5,2,2025
1590,2024-06-03,Coffee Table,Furniture,West,15,22464,5,229,9428,336960,6,2,2024
1591,2023-07-19,Wardrobe,Furniture,North,12,12670,9,252,6621,152040,7,3,2023
1592,2024-05-07,Bed,Furniture,South,4,11811,7,470,6948,47244,5,2,2024
1593,2024-03-29,Bed,Furniture,North,1,13321,11,349,4850,13321,3,1,2024
1594,2022-02-28,Bookshelf,Furniture,East,8,5933,17,180,6033,47464,2,1,2022
1595,2023-11-23,Bed,Furniture,South,11,43075,20,206,7292,473825,11,4,2023
1596,2023-03-08,Office Chair,Furniture,West,1,40929,7,152,3146,40929,3,1,2023
1597,2024-01-14,Dining Table,Furniture,West,4,6960,19,85,2671,27840,1,1,2024
1598,2022-11-21,Sofa,Furniture,West,14,30207,2,193,2089,422898,11,4,2022
1599,2023-01-08,Dining Table,Furniture,South,20,31463,19,418,5779,629260,1,1,2023
1600,2025-10-09,Study Table,Furniture,West,18,44846,4,405,1998,807228,10,4,2025
1601,2022-12-27,Bed,Furniture,South,3,40665,12,153,5759,121995,12,4,2022
1602,2025-06-01,Sofa,Furniture,West,8,5237,18,210,4906,41896,6,2,2025
1603,2023-03-10,Study Table,Furniture,North,20,20612,1,99,2085,412240,3,1,2023
1604,2024-09-06,Bookshelf,Furniture,North,10,5137,13,254,4259,51370,9,3,2024
1605,2023-11-11,Wardrobe,Furniture,North,15,6787,1,376,4373,101805,11,4,2023
1606,2023-11-14,Dining Table,Furniture,West,6,9444,0,187,9570,56664,11,4,2023
1607,2022-03-25,Dining Table,Furniture,West,17,41854,12,135,6456,711518,3,1,2022
1608,2023-03-18,Sofa,Furniture,North,8,28934,13,179,9117,231472,3,1,2023
1609,2022-09-28,Bed,Furniture,East,1,16715,19,143,1520,16715,9,3,2022
1610,2025-07-16,Coffee Table,Furniture,East,19,32451,0,142,2319,616569,7,3,2025
1611,2025-10-14,Bookshelf,Furniture,East,7,14746,10,222,2126,103222,10,4,2025
1612,2024-04-18,Sofa,Furniture,East,15,11466,18,464,4582,171990,4,2,2024
1613,2023-01-31,Study Table,Furniture,East,13,45915,16,419,3111,596895,1,1,2023
1614,2025-11-22,Study Table,Furniture,West,7,48412,12,272,6346,338884,11,4,2025
1615,2023-05-03,Coffee Table,Furniture,West,5,47119,4,196,6477,235595,5,2,2023
1616,2023-05-04,Dining Table,Furniture,South,17,3355,12,336,9338,57035,5,2,2023
1617,2025-09-18,Coffee Table,Furniture,North,15,33796,11,173,7229,506940,9,3,2025
1618,2024-12-30,Sofa,Furniture,South,16,19877,14,469,1447,318032,12,4,2024
1619,2024-11-13,Wardrobe,Furniture,South,16,23517,10,420,9054,376272,11,4,2024
1620,2022-06-27,Study Table,Furniture,West,16,28634,6,466,7360,458144,6,2,2022
1621,2023-04-01,Coffee Table,Furniture,South,3,38363,20,260,5124,115089,4,2,2023
1622,2022-09-07,Bed,Furniture,West,16,26117,6,317,7656,417872,9,3,2022
1623,2023-09-22,Wardrobe,Furniture,South,4,28955,10,448,1755,115820,9,3,2023
1624,2023-06-25,Office Chair,Furniture,South,20,3373,20,120,2686,67460,6,2,2023
1625,2023-10-05,Dining Table,Furniture,North,6,4852,20,346,3843,29112,10,4,2023
1626,2025-10-10,Sofa,Furniture,North,5,36419,8,437,5798,182095,10,4,2025
1627,2025-08-03,Wardrobe,Furniture,West,16,29389,11,246,8393,470224,8,3,2025
1628,2025-12-13,Coffee Table,Furniture,East,13,44854,7,495,9252,583102,12,4,2025
1629,2025-06-16,Dining Table,Furniture,West,16,31116,17,288,3555,497856,6,2,2025
1630,2022-08-07,Study Table,Furniture,West,14,27381,0,346,3684,383334,8,3,2022
1631,2025-11-18,Dining Table,Furniture,West,3,5111,19,295,1913,15333,11,4,2025
1632,2022-06-09,Office Chair,Furniture,North,4,25976,8,191,3619,103904,6,2,2022
1633,2022-12-04,Bookshelf,Furniture,North,11,43482,13,105,8672,478302,12,4,2022
1634,2022-01-17,Bookshelf,Furniture,East,9,43245,8,357,1784,389205,1,1,2022
1635,2024-01-22,Wardrobe,Furniture,North,4,15609,15,441,2850,62436,1,1,2024
1636,2022-06-06,Coffee Table,Furniture,East,14,5179,12,353,6136,72506,6,2,2022
1637,2023-12-19,Bed,Furniture,East,10,30077,7,102,2879,300770,12,4,2023
1638,2023-09-02,Bookshelf,Furniture,East,3,9533,11,249,1569,28599,9,3,2023
1639,2023-09-16,Office Chair,Furniture,North,11,37131,17,299,9710,408441,9,3,2023
1640,2022-01-09,Sofa,Furniture,North,18,43920,18,470,6767,790560,1,1,2022
1641,2024-06-10,Wardrobe,Furniture,South,12,48755,11,79,3884,585060,6,2,2024
1642,2025-03-25,Office Chair,Furniture,East,5,39611,14,89,4746,198055,3,1,2025
1643,2025-05-17,Bookshelf,Furniture,West,19,11399,12,98,4942,216581,5,2,2025
1644,2025-02-19,Dining Table,Furniture,West,13,21536,19,191,8101,279968,2,1,2025
1645,2022-05-11,Bed,Furniture,South,13,36325,13,181,6897,472225,5,2,2022
1646,2022-03-04,Wardrobe,Furniture,East,9,5559,18,252,2082,50031,3,1,2022
1647,2022-09-27,Study Table,Furniture,South,19,6326,5,316,6068,120194,9,3,2022
1648,2025-05-02,Bookshelf,Furniture,West,4,38617,14,268,7363,154468,5,2,2025
1649,2023-01-05,Bookshelf,Furniture,South,14,40353,16,293,3501,564942,1,1,2023
1650,2023-07-22,Bed,Furniture,West,8,9239,4,380,8805,73912,7,3,2023
1651,2024-11-29,Study Table,Furniture,East,2,7941,14,296,6472,15882,11,4,2024
1652,2025-02-20,Coffee Table,Furniture,North,3,48340,11,449,1995,145020,2,1,2025
1653,2023-03-22,Sofa,Furniture,West,5,40492,13,157,1591,202460,3,1,2023
1654,2025-10-25,Sofa,Furniture,North,6,21471,2,148,8769,128826,10,4,2025
1655,2024-04-16,Dining Table,Furniture,South,19,10257,14,189,7607,194883,4,2,2024
1656,2022-05-29,Coffee Table,Furniture,North,16,11123,4,310,9620,177968,5,2,2022
1657,2024-05-07,Sofa,Furniture,North,2,13321,14,163,4422,26642,5,2,2024
1658,2025-11-09,Bookshelf,Furniture,East,3,49966,17,237,1940,149898,11,4,2025
1659,2023-11-23,Office Chair,Furniture,East,4,31149,2,166,9485,124596,11,4,2023
1660,2025-03-16,Bed,Furniture,East,16,13427,12,350,9111,214832,3,1,2025
1661,2025-08-02,Coffee Table,Furniture,North,4,46892,5,320,9353,187568,8,3,2025
1662,2024-11-02,Study Table,Furniture,West,8,8964,19,394,6397,71712,11,4,2024
1663,2023-08-14,Study Table,Furniture,North,18,35536,13,104,3232,639648,8,3,2023
1664,2022-06-24,Sofa,Furniture,North,7,35545,17,242,8025,248815,6,2,2022
1665,2023-04-17,Sofa,Furniture,West,15,49616,10,79,3421,744240,4,2,2023
1666,2024-10-04,Bed,Furniture,West,17,7100,8,320,7429,120700,10,4,2024
1667,2023-04-20,Bed,Furniture,West,10,46521,2,279,2746,465210,4,2,2023
1668,2024-02-10,Coffee Table,Furniture,North,14,8467,13,215,8419,118538,2,1,2024
1669,2022-08-08,Dining Table,Furniture,East,20,36979,17,438,5024,739580,8,3,2022
1670,2023-06-27,Bed,Furniture,East,9,32104,4,426,8079,288936,6,2,2023
1671,2024-10-09,Wardrobe,Furniture,West,16,4579,13,337,2922,73264,10,4,2024
1672,2024-03-15,Study Table,Furniture,West,10,26462,18,91,9113,264620,3,1,2024
1673,2025-05-09,Bookshelf,Furniture,East,4,2908,18,62,2341,11632,5,2,2025
1674,2023-08-24,Bed,Furniture,North,15,34770,17,446,5355,521550,8,3,2023
1675,2024-10-19,Wardrobe,Furniture,East,3,34655,2,80,8686,103965,10,4,2024
1676,2024-07-05,Coffee Table,Furniture,North,11,38126,19,302,6150,419386,7,3,2024
1677,2023-08-03,Office Chair,Furniture,East,17,26004,19,54,4623,442068,8,3,2023
1678,2022-09-11,Coffee Table,Furniture,North,3,39015,17,409,3776,117045,9,3,2022
1679,2022-06-11,Bed,Furniture,West,16,6871,20,348,5693,109936,6,2,2022
1680,2022-12-14,Office Chair,Furniture,North,6,28652,15,204,2739,171912,12,4,2022
1681,2022-12-25,Study Table,Furniture,South,17,47797,19,57,6915,812549,12,4,2022
1682,2022-12-22,Coffee Table,Furniture,South,9,2485,2,132,7615,22365,12,4,2022
1683,2025-02-05,Study Table,Furniture,North,17,31672,9,474,4784,538424,2,1,2025
1684,2025-06-29,Office Chair,Furniture,East,5,49370,20,393,9994,246850,6,2,2025
1685,2023-01-17,Office Chair,Furniture,North,9,44545,6,201,8221,400905,1,1,2023
1686,2024-05-09,Sofa,Furniture,East,7,32040,3,486,3795,224280,5,2,2024
1687,2025-01-21,Dining Table,Furniture,West,11,4316,16,131,8907,47476,1,1,2025
1688,2024-04-15,Study Table,Furniture,South,14,38683,15,276,1167,541562,4,2,2024
1689,2025-12-15,Bookshelf,Furniture,West,18,42628,18,366,1104,767304,12,4,2025
1690,2025-09-13,Sofa,Furniture,East,6,43909,11,432,7795,263454,9,3,2025
1691,2025-09-28,Wardrobe,Furniture,West,3,46124,3,437,5040,138372,9,3,2025
1692,2023-01-26,Wardrobe,Furniture,East,18,31087,9,249,3789,559566,1,1,2023
1693,2024-04-07,Coffee Table,Furniture,North,4,5218,10,225,8834,20872,4,2,2024
1694,2025-11-13,Coffee Table,Furniture,East,18,13087,19,446,9773,235566,11,4,2025
1695,2024-03-25,Office Chair,Furniture,North,3,10437,12,386,7465,31311,3,1,2024
1696,2025-07-29,Office Chair,Furniture,East,16,48461,5,326,8288,775376,7,3,2025
1697,2024-02-16,Sofa,Furniture,North,4,36485,9,190,8480,145940,2,1,2024
1698,2023-12-09,Office Chair,Furniture,South,3,46875,9,274,1528,140625,12,4,2023
1699,2022-05-31,Office Chair,Furniture,South,16,17314,9,257,7722,277024,5,2,2022
1700,2023-08-03,Office Chair,Furniture,North,1,48318,2,65,4955,48318,8,3,2023
1701,2025-05-16,Study Table,Furniture,West,6,36548,17,487,2879,219288,5,2,2025
1702,2023-06-18,Bookshelf,Furniture,East,19,11748,18,285,9502,223212,6,2,2023
1703,2022-08-12,Sofa,Furniture,East,16,22592,17,399,8515,361472,8,3,2022
1704,2024-12-07,Bookshelf,Furniture,West,4,48188,3,394,9116,192752,12,4,2024
1705,2022-01-28,Study Table,Furniture,East,17,21104,5,439,5777,358768,1,1,2022
1706,2025-01-20,Wardrobe,Furniture,East,20,8431,18,362,1703,168620,1,1,2025
1707,2024-12-09,Sofa,Furniture,West,16,15882,7,297,9445,254112,12,4,2024
1708,2025-01-23,Bookshelf,Furniture,West,11,23294,1,493,3388,256234,1,1,2025
1709,2025-07-17,Wardrobe,Furniture,South,4,34443,0,67,3855,137772,7,3,2025
1710,2024-12-08,Sofa,Furniture,North,16,3092,10,216,8322,49472,12,4,2024
1711,2024-11-02,Wardrobe,Furniture,East,9,22131,14,226,1661,199179,11,4,2024
1712,2024-05-30,Bookshelf,Furniture,East,1,47962,20,121,9208,47962,5,2,2024
1713,2023-03-06,Office Chair,Furniture,North,2,37419,13,155,3867,74838,3,1,2023
1714,2024-09-06,Dining Table,Furniture,North,5,42462,1,97,5583,212310,9,3,2024
1715,2022-06-19,Dining Table,Furniture,East,12,36772,8,84,2964,441264,6,2,2022
1716,2024-10-23,Coffee Table,Furniture,North,18,7855,7,222,5238,141390,10,4,2024
1717,2022-02-27,Sofa,Furniture,West,5,9944,13,104,8570,49720,2,1,2022
1718,2025-10-02,Bookshelf,Furniture,South,7,27725,10,221,3751,194075,10,4,2025
1719,2022-03-07,Dining Table,Furniture,South,7,8035,8,84,2168,56245,3,1,2022
1720,2022-05-29,Study Table,Furniture,East,9,14080,0,92,2971,126720,5,2,2022
1721,2025-12-07,Dining Table,Furniture,West,5,46618,20,274,8819,233090,12,4,2025
1722,2024-10-10,Sofa,Furniture,East,18,11829,14,119,3374,212922,10,4,2024
1723,2023-01-24,Bookshelf,Furniture,South,20,6437,10,91,8347,128740,1,1,2023
1724,2024-08-18,Study Table,Furniture,South,20,19276,8,66,1609,385520,8,3,2024
1725,2025-06-27,Bookshelf,Furniture,West,13,8602,9,329,8540,111826,6,2,2025
1726,2024-05-30,Dining Table,Furniture,West,11,37128,20,487,5392,408408,5,2,2024
1727,2023-06-27,Wardrobe,Furniture,East,7,46380,11,343,3217,324660,6,2,2023
1728,2022-12-10,Sofa,Furniture,North,14,11180,9,239,2973,156520,12,4,2022
1729,2022-12-01,Office Chair,Furniture,West,11,16496,14,481,9565,181456,12,4,2022
1730,2024-11-05,Coffee Table,Furniture,West,2,36665,15,450,7833,73330,11,4,2024
1731,2025-04-12,Wardrobe,Furniture,North,1,12147,2,75,7051,12147,4,2,2025
1732,2023-05-07,Dining Table,Furniture,North,3,6573,18,187,8651,19719,5,2,2023
1733,2022-06-22,Dining Table,Furniture,North,9,48447,12,383,6230,436023,6,2,2022
1734,2024-06-23,Sofa,Furniture,South,15,35143,10,458,8265,527145,6,2,2024
1735,2023-03-17,Study Table,Furniture,North,12,23210,12,281,9153,278520,3,1,2023
1736,2022-06-22,Office Chair,Furniture,South,9,17348,17,167,1875,156132,6,2,2022
1737,2025-09-18,Wardrobe,Furniture,North,3,9156,6,134,2371,27468,9,3,2025
1738,2022-09-24,Bed,Furniture,East,11,8593,7,411,9988,94523,9,3,2022
1739,2025-10-25,Bed,Furniture,South,5,8181,7,151,6906,40905,10,4,2025
1740,2024-04-01,Study Table,Furniture,West,12,27493,19,475,9940,329916,4,2,2024
1741,2025-04-28,Wardrobe,Furniture,East,17,37608,4,200,6407,639336,4,2,2025
1742,2022-08-15,Bookshelf,Furniture,South,15,10806,13,167,7524,162090,8,3,2022
1743,2023-08-05,Study Table,Furniture,East,17,31176,1,97,6605,529992,8,3,2023
1744,2025-01-30,Study Table,Furniture,East,1,18967,14,116,7991,18967,1,1,2025
1745,2024-01-07,Wardrobe,Furniture,East,19,24362,11,138,9954,462878,1,1,2024
1746,2022-08-02,Dining Table,Furniture,North,15,26395,16,374,5494,395925,8,3,2022
1747,2025-01-28,Bed,Furniture,South,2,29334,20,471,5840,58668,1,1,2025
1748,2024-08-27,Bookshelf,Furniture,North,20,30261,20,182,9414,605220,8,3,2024
1749,2025-08-21,Study Table,Furniture,West,3,22241,17,234,2232,66723,8,3,2025
1750,2024-04-28,Office Chair,Furniture,South,3,8875,14,176,5205,26625,4,2,2024
1751,2024-12-23,Wardrobe,Furniture,West,1,37754,11,291,6387,37754,12,4,2024
1752,2022-05-08,Bookshelf,Furniture,West,17,3573,5,370,9288,60741,5,2,2022
1753,2022-09-21,Coffee Table,Furniture,East,13,23333,5,57,8002,303329,9,3,2022
1754,2022-11-12,Coffee Table,Furniture,East,11,37530,3,92,1069,412830,11,4,2022
1755,2025-05-16,Coffee Table,Furniture,West,9,46925,2,154,8894,422325,5,2,2025
1756,2024-10-17,Wardrobe,Furniture,North,10,23442,7,141,8960,234420,10,4,2024
1757,2024-11-23,Bed,Furniture,North,8,42836,10,368,8710,342688,11,4,2024
1758,2023-07-25,Bed,Furniture,East,12,18311,3,230,9774,219732,7,3,2023
1759,2022-09-27,Dining Table,Furniture,South,6,14627,12,273,2579,87762,9,3,2022
1760,2025-10-01,Study Table,Furniture,West,8,46101,17,269,2787,368808,10,4,2025
1761,2024-12-17,Dining Table,Furniture,West,20,9633,3,408,1749,192660,12,4,2024
1762,2025-11-27,Office Chair,Furniture,North,16,27004,8,305,8521,432064,11,4,2025
1763,2025-10-26,Bookshelf,Furniture,East,19,43755,2,356,7027,831345,10,4,2025
1764,2023-03-18,Study Table,Furniture,West,3,21888,6,412,7438,65664,3,1,2023
1765,2022-09-16,Dining Table,Furniture,West,3,34977,3,137,6878,104931,9,3,2022
1766,2025-06-02,Study Table,Furniture,North,10,11890,10,327,2290,118900,6,2,2025
1767,2024-06-30,Study Table,Furniture,East,10,4366,17,64,1903,43660,6,2,2024
1768,2023-06-04,Dining Table,Furniture,East,15,8690,7,497,8154,130350,6,2,2023
1769,2024-03-04,Sofa,Furniture,South,13,34007,5,244,1788,442091,3,1,2024
1770,2024-02-22,Coffee Table,Furniture,East,5,17661,4,106,7366,88305,2,1,2024
1771,2023-05-04,Office Chair,Furniture,North,7,27454,3,145,2187,192178,5,2,2023
1772,2023-01-14,Bed,Furniture,North,6,32348,20,459,2728,194088,1,1,2023
1773,2025-07-12,Study Table,Furniture,South,12,45334,16,499,7865,544008,7,3,2025
1774,2022-09-21,Sofa,Furniture,North,2,8321,9,362,1243,16642,9,3,2022
1775,2022-04-16,Coffee Table,Furniture,North,9,12241,11,478,6218,110169,4,2,2022
1776,2025-03-24,Coffee Table,Furniture,East,8,27250,16,96,7160,218000,3,1,2025
1777,2022-08-09,Bookshelf,Furniture,East,9,39494,10,163,4415,355446,8,3,2022
1778,2022-07-02,Sofa,Furniture,North,13,43665,1,278,5717,567645,7,3,2022
1779,2025-09-16,Sofa,Furniture,South,3,33055,1,477,6583,99165,9,3,2025
1780,2024-07-04,Dining Table,Furniture,South,3,39971,3,311,1220,119913,7,3,2024
1781,2025-12-20,Study Table,Furniture,East,18,32821,8,188,9650,590778,12,4,2025
1782,2023-06-27,Bed,Furniture,East,8,42992,1,146,1611,343936,6,2,2023
1783,2023-07-29,Bed,Furniture,North,2,18156,5,497,1218,36312,7,3,2023
1784,2023-06-09,Dining Table,Furniture,East,20,44311,0,437,6131,886220,6,2,2023
1785,2022-09-01,Wardrobe,Furniture,North,13,49084,16,163,2146,638092,9,3,2022
1786,2023-10-19,Wardrobe,Furniture,West,12,21224,10,297,5770,254688,10,4,2023
1787,2025-11-18,Office Chair,Furniture,West,11,32485,6,377,3965,357335,11,4,2025
1788,2025-08-07,Office Chair,Furniture,East,13,7808,2,85,5742,101504,8,3,2025
1789,2022-08-30,Coffee Table,Furniture,South,12,44403,12,424,3943,532836,8,3,2022
1790,2022-07-22,Bookshelf,Furniture,West,3,47988,1,248,8363,143964,7,3,2022
1791,2024-04-17,Wardrobe,Furniture,East,4,28804,20,150,5756,115216,4,2,2024
1792,2023-04-23,Study Table,Furniture,South,19,48666,13,101,8988,924654,4,2,2023
1793,2025-01-08,Dining Table,Furniture,West,20,26112,12,167,4397,522240,1,1,2025
1794,2022-12-20,Dining Table,Furniture,North,12,19209,1,104,7807,230508,12,4,2022
1795,2024-08-02,Office Chair,Furniture,West,18,17994,1,173,7497,323892,8,3,2024
1796,2023-09-28,Bookshelf,Furniture,South,8,40570,0,459,7162,324560,9,3,2023
1797,2022-03-06,Study Table,Furniture,West,7,31573,14,486,4711,221011,3,1,2022
1798,2024-11-19,Bookshelf,Furniture,South,17,29602,3,350,5727,503234,11,4,2024
1799,2024-05-21,Study Table,Furniture,West,2,47548,5,243,3120,95096,5,2,2024
1800,2023-09-22,Sofa,Furniture,South,12,6254,3,226,7642,75048,9,3,2023
1801,2023-02-02,Coffee Table,Furniture,North,18,23514,9,135,2224,423252,2,1,2023
1802,2024-09-16,Dining Table,Furniture,South,19,44383,1,265,7548,843277,9,3,2024
1803,2024-12-12,Dining Table,Furniture,West,14,36817,16,233,5551,515438,12,4,2024
1804,2023-05-20,Sofa,Furniture,West,13,16905,9,438,6174,219765,5,2,2023
1805,2022-06-16,Bookshelf,Furniture,North,2,20492,15,144,1563,40984,6,2,2022
1806,2022-04-24,Wardrobe,Furniture,North,17,18650,10,271,2183,317050,4,2,2022
1807,2025-05-13,Wardrobe,Furniture,South,17,32345,12,436,1953,549865,5,2,2025
1808,2022-03-17,Bed,Furniture,West,20,8938,9,485,2890,178760,3,1,2022
1809,2025-10-31,Dining Table,Furniture,East,9,36026,12,379,2998,324234,10,4,2025
1810,2024-06-17,Sofa,Furniture,East,11,37098,13,123,9225,408078,6,2,2024
1811,2025-11-18,Wardrobe,Furniture,North,17,31463,13,117,1062,534871,11,4,2025
1812,2024-05-10,Sofa,Furniture,South,8,47836,19,196,4104,382688,5,2,2024
1813,2023-07-07,Office Chair,Furniture,South,4,10308,8,300,6193,41232,7,3,2023
1814,2022-08-09,Bed,Furniture,East,17,46542,8,188,3725,791214,8,3,2022
1815,2023-06-28,Bed,Furniture,North,9,40681,16,101,4761,366129,6,2,2023
1816,2024-10-04,Wardrobe,Furniture,North,20,2919,15,284,9717,58380,10,4,2024
1817,2022-11-20,Study Table,Furniture,East,19,9310,2,471,5587,176890,11,4,2022
1818,2024-02-26,Bookshelf,Furniture,South,10,18301,6,490,4102,183010,2,1,2024
1819,2022-12-13,Coffee Table,Furniture,West,8,11664,0,293,1076,93312,12,4,2022
1820,2023-05-21,Sofa,Furniture,West,9,34659,20,253,7318,311931,5,2,2023
1821,2022-01-14,Dining Table,Furniture,West,15,28672,15,338,9698,430080,1,1,2022
1822,2022-12-27,Bed,Furniture,East,7,34495,4,297,9012,241465,12,4,2022
1823,2023-03-06,Study Table,Furniture,East,20,2056,18,198,4699,41120,3,1,2023
1824,2025-06-08,Bed,Furniture,North,20,38144,2,258,7848,762880,6,2,2025
1825,2025-03-14,Office Chair,Furniture,North,20,31782,16,90,5219,635640,3,1,2025
1826,2023-05-27,Study Table,Furniture,East,7,33447,14,103,8422,234129,5,2,2023
1827,2023-07-19,Study Table,Furniture,West,6,17283,16,197,2147,103698,7,3,2023
1828,2022-09-12,Coffee Table,Furniture,East,4,16075,0,187,6521,64300,9,3,2022
1829,2022-06-08,Wardrobe,Furniture,North,7,13410,7,138,9953,93870,6,2,2022
1830,2022-05-26,Dining Table,Furniture,West,20,14085,5,266,2514,281700,5,2,2022
1831,2024-07-13,Bookshelf,Furniture,South,19,40605,9,340,3969,771495,7,3,2024
1832,2024-10-26,Office Chair,Furniture,South,8,8903,2,483,2713,71224,10,4,2024
1833,2024-04-02,Bookshelf,Furniture,South,3,39344,17,96,1968,118032,4,2,2024
1834,2024-07-05,Bed,Furniture,North,8,46741,1,310,8923,373928,7,3,2024
1835,2023-05-07,Coffee Table,Furniture,North,11,41025,1,271,5089,451275,5,2,2023
1836,2022-03-29,Office Chair,Furniture,South,2,18314,17,398,4907,36628,3,1,2022
1837,2022-08-22,Coffee Table,Furniture,South,12,45314,0,448,2994,543768,8,3,2022
1838,2022-12-07,Office Chair,Furniture,West,1,38030,9,290,2643,38030,12,4,2022
1839,2024-05-18,Office Chair,Furniture,West,17,25041,15,242,5076,425697,5,2,2024
1840,2022-10-24,Bed,Furniture,North,4,39727,12,341,5702,158908,10,4,2022
1841,2022-08-04,Study Table,Furniture,East,11,29863,9,366,3084,328493,8,3,2022
1842,2023-01-24,Bed,Furniture,East,18,25038,8,328,3496,450684,1,1,2023
1843,2023-05-30,Coffee Table,Furniture,North,16,42002,16,489,5351,672032,5,2,2023
1844,2024-11-06,Bed,Furniture,East,4,3166,3,366,9407,12664,11,4,2024
1845,2024-02-22,Dining Table,Furniture,East,14,42826,3,214,8964,599564,2,1,2024
1846,2023-12-26,Office Chair,Furniture,South,9,20973,4,72,9621,188757,12,4,2023
1847,2022-04-07,Bookshelf,Furniture,West,9,25449,0,189,9659,229041,4,2,2022
1848,2024-10-29,Office Chair,Furniture,East,8,33441,4,337,7089,267528,10,4,2024
1849,2022-01-17,Office Chair,Furniture,West,20,35321,15,157,7557,706420,1,1,2022
1850,2024-09-23,Study Table,Furniture,West,7,12923,10,372,7771,90461,9,3,2024
1851,2023-09-15,Wardrobe,Furniture,West,8,22100,2,118,5203,176800,9,3,2023
1852,2024-05-02,Dining Table,Furniture,North,6,47652,4,462,2233,285912,5,2,2024
1853,2022-06-27,Sofa,Furniture,South,17,23911,14,223,2713,406487,6,2,2022
1854,2022-07-24,Dining Table,Furniture,North,16,21424,12,230,2689,342784,7,3,2022
1855,2024-07-03,Bed,Furniture,West,15,7829,16,257,1346,117435,7,3,2024
1856,2025-05-29,Office Chair,Furniture,South,9,30045,18,114,8988,270405,5,2,2025
1857,2025-10-27,Bookshelf,Furniture,West,9,13557,4,477,2065,122013,10,4,2025
1858,2025-03-23,Office Chair,Furniture,East,20,41535,17,389,3406,830700,3,1,2025
1859,2024-04-20,Bookshelf,Furniture,West,10,47655,6,391,8528,476550,4,2,2024
1860,2023-09-06,Office Chair,Furniture,West,12,10791,13,408,6945,129492,9,3,2023
1861,2024-01-01,Bookshelf,Furniture,West,5,8465,1,250,2439,42325,1,1,2024
1862,2024-04-27,Office Chair,Furniture,South,19,24517,17,191,2924,465823,4,2,2024
1863,2024-06-29,Office Chair,Furniture,North,15,13415,17,479,7862,201225,6,2,2024
1864,2022-07-18,Wardrobe,Furniture,North,12,7977,7,347,4233,95724,7,3,2022
1865,2022-04-22,Coffee Table,Furniture,West,10,33328,4,154,3719,333280,4,2,2022
1866,2024-03-04,Bookshelf,Furniture,East,9,35056,12,459,7430,315504,3,1,2024
1867,2024-12-12,Coffee Table,Furniture,North,20,29082,7,362,7290,581640,12,4,2024
1868,2023-09-09,Wardrobe,Furniture,West,3,29471,16,493,9661,88413,9,3,2023
1869,2024-07-08,Wardrobe,Furniture,West,16,26168,13,70,9996,418688,7,3,2024
1870,2022-10-12,Dining Table,Furniture,West,5,49420,17,473,2208,247100,10,4,2022
1871,2024-02-04,Coffee Table,Furniture,West,6,15389,16,98,9357,92334,2,1,2024
1872,2024-08-06,Bookshelf,Furniture,North,6,41045,7,476,1225,246270,8,3,2024
1873,2022-12-08,Dining Table,Furniture,West,12,9540,3,423,7674,114480,12,4,2022
1874,2024-07-14,Wardrobe,Furniture,East,17,27883,4,496,9161,474011,7,3,2024
1875,2022-09-04,Sofa,Furniture,South,19,14735,11,256,3637,279965,9,3,2022
1876,2022-08-18,Bookshelf,Furniture,West,2,4196,13,325,6995,8392,8,3,2022
1877,2023-12-31,Sofa,Furniture,West,6,48937,3,375,5774,293622,12,4,2023
1878,2025-09-04,Wardrobe,Furniture,East,19,31069,10,242,1954,590311,9,3,2025
1879,2025-07-29,Dining Table,Furniture,West,5,10621,6,396,7200,53105,7,3,2025
1880,2024-07-04,Office Chair,Furniture,North,15,48282,4,102,6339,724230,7,3,2024
1881,2022-12-24,Coffee Table,Furniture,West,1,7655,13,136,9399,7655,12,4,2022
1882,2023-07-09,Study Table,Furniture,East,9,30068,9,217,2344,270612,7,3,2023
1883,2022-06-22,Bookshelf,Furniture,South,16,36973,2,345,3185,591568,6,2,2022
1884,2025-07-14,Wardrobe,Furniture,West,20,30799,4,337,5162,615980,7,3,2025
1885,2024-12-30,Office Chair,Furniture,East,13,21671,16,431,1264,281723,12,4,2024
1886,2025-04-30,Study Table,Furniture,East,19,27336,11,115,2640,519384,4,2,2025
1887,2022-05-25,Bookshelf,Furniture,East,14,41532,17,488,9431,581448,5,2,2022
1888,2023-07-30,Dining Table,Furniture,South,9,3745,7,450,2532,33705,7,3,2023
1889,2022-12-12,Office Chair,Furniture,North,13,42421,16,200,2619,551473,12,4,2022
1890,2023-11-02,Coffee Table,Furniture,East,15,40575,17,412,3005,608625,11,4,2023
1891,2023-09-06,Study Table,Furniture,North,13,49097,15,157,7303,638261,9,3,2023
1892,2022-02-20,Coffee Table,Furniture,North,13,6518,2,370,9496,84734,2,1,2022
1893,2022-10-25,Dining Table,Furniture,North,15,17215,9,164,9982,258225,10,4,2022
1894,2022-09-19,Dining Table,Furniture,East,2,37214,6,106,1996,74428,9,3,2022
1895,2022-09-19,Dining Table,Furniture,North,18,41566,11,222,5734,748188,9,3,2022
1896,2022-03-03,Study Table,Furniture,South,17,32050,8,52,7432,544850,3,1,2022
1897,2023-02-28,Dining Table,Furniture,East,7,48633,17,414,6847,340431,2,1,2023
1898,2022-11-06,Bookshelf,Furniture,West,17,17612,7,384,5521,299404,11,4,2022
1899,2025-01-04,Dining Table,Furniture,West,9,14536,14,151,6945,130824,1,1,2025
1900,2024-06-29,Sofa,Furniture,North,2,26704,20,112,7136,53408,6,2,2024
1901,2023-01-06,Office Chair,Furniture,South,10,45227,0,364,1412,452270,1,1,2023
1902,2023-06-16,Sofa,Furniture,North,6,29550,3,422,6987,177300,6,2,2023
1903,2023-03-31,Bed,Furniture,West,9,33529,8,310,3504,301761,3,1,2023
1904,2023-08-11,Study Table,Furniture,South,11,4002,3,142,5765,44022,8,3,2023
1905,2022-10-06,Bed,Furniture,West,18,36653,20,297,3479,659754,10,4,2022
1906,2022-04-11,Office Chair,Furniture,South,17,33254,20,368,7807,565318,4,2,2022
1907,2025-07-30,Bed,Furniture,East,12,22708,17,490,3955,272496,7,3,2025
1908,2023-12-20,Sofa,Furniture,North,18,7664,19,414,1744,137952,12,4,2023
1909,2025-09-30,Coffee Table,Furniture,North,15,6116,1,335,9432,91740,9,3,2025
1910,2025-11-14,Office Chair,Furniture,South,15,44562,4,496,6182,668430,11,4,2025
1911,2022-05-20,Study Table,Furniture,West,5,37786,2,417,1608,188930,5,2,2022
1912,2022-09-18,Sofa,Furniture,West,15,37123,3,155,2586,556845,9,3,2022
1913,2024-12-25,Sofa,Furniture,West,18,41841,12,415,6694,753138,12,4,2024
1914,2023-12-01,Office Chair,Furniture,East,12,39816,15,206,8431,477792,12,4,2023
1915,2024-11-19,Sofa,Furniture,South,20,8650,4,214,3714,173000,11,4,2024
1916,2022-01-23,Bed,Furniture,South,12,40273,7,438,6066,483276,1,1,2022
1917,2023-04-26,Wardrobe,Furniture,South,15,42497,4,467,2621,637455,4,2,2023
1918,2023-04-03,Wardrobe,Furniture,East,7,39380,16,112,8009,275660,4,2,2023
1919,2025-08-24,Bed,Furniture,North,13,48422,8,465,4650,629486,8,3,2025
1920,2023-05-28,Bed,Furniture,West,2,5549,3,222,3828,11098,5,2,2023
1921,2023-11-23,Office Chair,Furniture,East,15,33947,4,166,5175,509205,11,4,2023
1922,2023-03-31,Bed,Furniture,West,13,4926,14,90,1717,64038,3,1,2023
1923,2023-11-13,Bookshelf,Furniture,South,2,13320,16,464,1453,26640,11,4,2023
1924,2025-08-19,Study Table,Furniture,West,1,18798,9,146,9841,18798,8,3,2025
1925,2022-04-24,Dining Table,Furniture,East,20,22186,15,139,7277,443720,4,2,2022
1926,2024-01-03,Sofa,Furniture,North,20,13737,6,489,7665,274740,1,1,2024
1927,2022-11-27,Office Chair,Furniture,North,19,13656,2,73,2401,259464,11,4,2022
1928,2025-02-21,Dining Table,Furniture,South,13,41886,1,135,4980,544518,2,1,2025
1929,2025-04-03,Office Chair,Furniture,East,7,33155,14,384,3017,232085,4,2,2025
1930,2025-07-04,Bed,Furniture,South,3,37267,4,450,7523,111801,7,3,2025
1931,2025-02-18,Sofa,Furniture,West,5,16060,19,408,2864,80300,2,1,2025
1932,2022-03-02,Dining Table,Furniture,North,17,41970,1,186,9720,713490,3,1,2022
1933,2024-06-11,Office Chair,Furniture,East,13,35543,12,94,2351,462059,6,2,2024
1934,2024-10-26,Coffee Table,Furniture,West,7,37616,1,84,4474,263312,10,4,2024
1935,2025-06-06,Dining Table,Furniture,North,1,32338,9,363,9154,32338,6,2,2025
1936,2023-11-11,Study Table,Furniture,East,16,14854,7,121,6332,237664,11,4,2023
1937,2024-07-28,Bed,Furniture,North,10,31569,12,154,2393,315690,7,3,2024
1938,2022-11-16,Bookshelf,Furniture,North,1,29953,15,52,7712,29953,11,4,2022
1939,2023-02-27,Coffee Table,Furniture,East,9,5612,6,368,1837,50508,2,1,2023
1940,2023-05-14,Dining Table,Furniture,North,6,12322,12,205,4241,73932,5,2,2023
1941,2024-07-03,Study Table,Furniture,North,16,33371,8,238,3213,533936,7,3,2024
1942,2023-09-15,Sofa,Furniture,West,15,41843,20,218,3055,627645,9,3,2023
1943,2024-08-16,Sofa,Furniture,East,1,38002,9,322,4276,38002,8,3,2024
1944,2025-04-08,Dining Table,Furniture,South,12,37237,12,177,2631,446844,4,2,2025
1945,2023-08-17,Wardrobe,Furniture,North,1,11716,3,70,3716,11716,8,3,2023
1946,2022-07-22,Coffee Table,Furniture,East,13,25512,8,373,5193,331656,7,3,2022
1947,2023-10-22,Wardrobe,Furniture,East,15,9352,10,230,2192,140280,10,4,2023
1948,2024-11-01,Study Table,Furniture,West,19,42335,6,287,1413,804365,11,4,2024
1949,2022-12-23,Bed,Furniture,North,1,20119,1,473,5292,20119,12,4,2022
1950,2025-01-23,Office Chair,Furniture,West,3,28562,0,488,7525,85686,1,1,2025
1951,2022-05-09,Wardrobe,Furniture,North,12,10141,17,155,5671,121692,5,2,2022
1952,2022-11-08,Wardrobe,Furniture,East,15,19534,18,323,4946,293010,11,4,2022
1953,2025-12-07,Study Table,Furniture,South,4,12583,7,305,2417,50332,12,4,2025
1954,2024-08-14,Sofa,Furniture,North,7,25502,18,265,9197,178514,8,3,2024
1955,2022-09-01,Wardrobe,Furniture,West,6,4638,7,113,7471,27828,9,3,2022
1956,2023-10-03,Bookshelf,Furniture,North,16,49865,10,274,7925,797840,10,4,2023
1957,2023-06-13,Bed,Furniture,North,3,45331,19,258,5529,135993,6,2,2023
1958,2022-07-30,Sofa,Furniture,North,14,32212,10,116,2690,450968,7,3,2022
1959,2023-08-17,Bed,Furniture,South,9,20411,13,128,9238,183699,8,3,2023
1960,2025-07-17,Study Table,Furniture,North,12,49157,18,183,9966,589884,7,3,2025
1961,2023-08-26,Study Table,Furniture,West,4,35190,13,137,3724,140760,8,3,2023
1962,2022-01-07,Bookshelf,Furniture,South,7,23034,11,61,8416,161238,1,1,2022
1963,2025-01-22,Wardrobe,Furniture,North,7,10390,10,131,6537,72730,1,1,2025
1964,2023-02-03,Coffee Table,Furniture,East,16,49817,6,308,8064,797072,2,1,2023
1965,2024-01-30,Dining Table,Furniture,West,19,13248,10,148,7043,251712,1,1,2024
1966,2022-03-06,Bed,Furniture,South,11,25121,0,420,1394,276331,3,1,2022
1967,2024-12-19,Coffee Table,Furniture,South,15,2494,13,74,9498,37410,12,4,2024
1968,2025-02-23,Wardrobe,Furniture,South,7,28485,2,374,4414,199395,2,1,2025
1969,2025-06-11,Office Chair,Furniture,South,13,45845,14,83,2300,595985,6,2,2025
1970,2023-06-08,Bed,Furniture,East,16,48842,11,75,2001,781472,6,2,2023
1971,2023-10-08,Wardrobe,Furniture,South,4,6895,2,350,5311,27580,10,4,2023
1972,2024-04-08,Bookshelf,Furniture,West,9,18753,7,276,1997,168777,4,2,2024
1973,2023-01-13,Wardrobe,Furniture,South,11,26958,1,258,5829,296538,1,1,2023
1974,2025-05-14,Bed,Furniture,South,4,6585,13,75,3730,26340,5,2,2025
1975,2022-03-08,Study Table,Furniture,West,14,19586,8,192,7269,274204,3,1,2022
1976,2024-11-23,Sofa,Furniture,South,19,15186,6,243,8924,288534,11,4,2024
1977,2025-06-08,Bookshelf,Furniture,East,7,29579,15,265,3969,207053,6,2,2025
1978,2023-08-30,Sofa,Furniture,West,15,16761,9,157,3407,251415,8,3,2023
1979,2025-02-08,Bed,Furniture,South,18,5436,3,253,9511,97848,2,1,2025
1980,2022-04-29,Office Chair,Furniture,East,4,25403,3,359,5987,101612,4,2,2022
1981,2025-09-26,Office Chair,Furniture,West,3,22679,0,196,7193,68037,9,3,2025
1982,2025-06-17,Dining Table,Furniture,West,16,23713,17,482,8010,379408,6,2,2025
1983,2025-05-03,Study Table,Furniture,West,7,43930,9,106,8999,307510,5,2,2025
1984,2022-04-11,Wardrobe,Furniture,West,9,21019,10,344,5800,189171,4,2,2022
1985,2022-03-06,Dining Table,Furniture,West,17,37645,19,260,2849,639965,3,1,2022
1986,2025-05-28,Study Table,Furniture,North,2,4816,12,350,7909,9632,5,2,2025
1987,2025-01-11,Sofa,Furniture,West,4,35712,6,363,1025,142848,1,1,2025
1988,2025-07-12,Sofa,Furniture,North,13,47559,10,425,4113,618267,7,3,2025
1989,2024-02-09,Wardrobe,Furniture,South,11,43211,6,199,3920,475321,2,1,2024
1990,2025-01-11,Sofa,Furniture,South,16,24020,7,191,5333,384320,1,1,2025
1991,2024-05-02,Study Table,Furniture,South,9,35547,12,94,9876,319923,5,2,2024
1992,2023-03-22,Bed,Furniture,South,9,7160,2,356,2756,64440,3,1,2023
1993,2023-08-02,Coffee Table,Furniture,North,13,35222,11,51,7264,457886,8,3,2023
1994,2023-12-01,Coffee Table,Furniture,West,11,10273,12,417,5085,113003,12,4,2023
1995,2023-03-13,Study Table,Furniture,South,16,43453,10,147,1993,695248,3,1,2023
1996,2024-05-30,Sofa,Furniture,East,14,43467,18,481,1832,608538,5,2,2024
1997,2023-10-19,Dining Table,Furniture,West,16,24062,14,401,3009,384992,10,4,2023
1998,2023-09-12,Study Table,Furniture,West,15,11988,16,275,6680,179820,9,3,2023
1999,2025-08-27,Sofa,Furniture,North,11,9225,6,183,7858,101475,8,3,2025
2000,2022-02-03,Study Table,Furniture,East,10,47755,3,395,9492,477550,2,1,2022
2001,2023-01-12,Bookshelf,Furniture,North,10,37639,3,273,7440,376390,1,1,2023
2002,2024-05-08,Sofa,Furniture,South,19,30795,2,262,5008,585105,5,2,2024
2003,2022-03-16,Study Table,Furniture,West,9,25273,2,196,7718,227457,3,1,2022
2004,2023-10-30,Office Chair,Furniture,North,8,49067,16,267,4505,392536,10,4,2023
2005,2022-04-14,Study Table,Furniture,South,4,44939,2,298,1584,179756,4,2,2022
2006,2024-08-05,Dining Table,Furniture,South,13,26709,10,182,1661,347217,8,3,2024
2007,2025-08-01,Sofa,Furniture,West,14,36141,12,237,9171,505974,8,3,2025
2008,2022-03-09,Wardrobe,Furniture,North,3,16600,17,271,1063,49800,3,1,2022
2009,2023-04-07,Office Chair,Furniture,West,9,19589,16,126,5958,176301,4,2,2023
2010,2022-03-02,Office Chair,Furniture,North,6,38704,19,223,3060,232224,3,1,2022
2011,2023-12-17,Study Table,Furniture,North,9,46030,19,299,3196,414270,12,4,2023
2012,2024-04-29,Coffee Table,Furniture,North,1,17166,1,416,4113,17166,4,2,2024
2013,2023-04-10,Bookshelf,Furniture,West,15,18858,4,273,1490,282870,4,2,2023
2014,2022-05-20,Study Table,Furniture,North,6,3655,1,189,1273,21930,5,2,2022
2015,2025-10-19,Dining Table,Furniture,East,7,27807,11,204,3049,194649,10,4,2025
2016,2023-12-18,Dining Table,Furniture,South,18,47944,3,387,9920,862992,12,4,2023
2017,2024-03-13,Study Table,Furniture,North,6,37097,20,140,7180,222582,3,1,2024
2018,2025-08-02,Dining Table,Furniture,East,13,37693,10,294,7288,490009,8,3,2025
2019,2025-02-22,Wardrobe,Furniture,North,17,20129,13,454,4271,342193,2,1,2025
2020,2025-08-31,Dining Table,Furniture,East,15,43395,16,174,5969,650925,8,3,2025
2021,2022-11-10,Bookshelf,Furniture,North,12,30560,6,358,7938,366720,11,4,2022
2022,2024-01-30,Coffee Table,Furniture,North,13,38256,11,302,4228,497328,1,1,2024
2023,2024-09-15,Wardrobe,Furniture,East,17,12043,0,262,9984,204731,9,3,2024
2024,2022-09-19,Bookshelf,Furniture,North,19,19093,11,474,3957,362767,9,3,2022
2025,2022-07-06,Wardrobe,Furniture,West,14,18286,3,392,2194,256004,7,3,2022
2026,2024-02-02,Coffee Table,Furniture,South,15,11280,18,383,8536,169200,2,1,2024
2027,2025-06-02,Office Chair,Furniture,West,13,39662,2,172,5867,515606,6,2,2025
2028,2025-04-22,Bed,Furniture,South,8,6286,18,269,8870,50288,4,2,2025
2029,2024-10-20,Dining Table,Furniture,North,18,18271,11,385,4935,328878,10,4,2024
2030,2022-01-02,Dining Table,Furniture,East,13,40610,1,187,7328,527930,1,1,2022
2031,2024-09-10,Coffee Table,Furniture,East,12,37198,14,498,3509,446376,9,3,2024
2032,2024-04-28,Bookshelf,Furniture,West,8,34946,6,232,2603,279568,4,2,2024
2033,2023-02-17,Coffee Table,Furniture,West,8,36446,19,476,9540,291568,2,1,2023
2034,2025-01-10,Sofa,Furniture,East,19,14104,15,75,7041,267976,1,1,2025
2035,2025-12-19,Bookshelf,Furniture,North,11,32598,14,245,8328,358578,12,4,2025
2036,2022-03-02,Study Table,Furniture,East,10,47749,3,440,5741,477490,3,1,2022
2037,2024-03-28,Dining Table,Furniture,South,17,30381,13,322,3499,516477,3,1,2024
2038,2023-03-24,Study Table,Furniture,South,17,45978,2,116,6087,781626,3,1,2023
2039,2023-05-07,Coffee Table,Furniture,East,8,46424,19,212,8125,371392,5,2,2023
2040,2025-02-17,Wardrobe,Furniture,South,14,42126,13,351,3937,589764,2,1,2025
2041,2025-06-19,Bookshelf,Furniture,North,4,7101,11,481,7466,28404,6,2,2025
2042,2025-01-18,Study Table,Furniture,North,1,19330,10,252,7492,19330,1,1,2025
2043,2023-06-19,Study Table,Furniture,West,1,15590,15,107,5199,15590,6,2,2023
2044,2022-05-18,Office Chair,Furniture,North,10,29364,2,130,1507,293640,5,2,2022
2045,2025-09-02,Wardrobe,Furniture,East,1,23959,17,152,8909,23959,9,3,2025
2046,2025-12-02,Office Chair,Furniture,North,17,47982,8,77,2096,815694,12,4,2025
2047,2025-07-04,Wardrobe,Furniture,East,7,45755,3,403,8609,320285,7,3,2025
2048,2025-01-14,Wardrobe,Furniture,South,6,41235,17,121,6525,247410,1,1,2025
2049,2022-09-16,Office Chair,Furniture,West,17,48771,8,445,8118,829107,9,3,2022
2050,2025-05-03,Dining Table,Furniture,South,10,38102,5,273,3610,381020,5,2,2025
2051,2025-02-27,Coffee Table,Furniture,South,1,26733,0,266,1133,26733,2,1,2025
2052,2024-09-15,Dining Table,Furniture,West,19,32034,19,371,3783,608646,9,3,2024
2053,2024-12-24,Study Table,Furniture,North,7,49398,4,370,2895,345786,12,4,2024
2054,2022-04-26,Bookshelf,Furniture,North,13,11321,18,271,9708,147173,4,2,2022
2055,2024-05-29,Bookshelf,Furniture,South,18,5195,18,83,2180,93510,5,2,2024
2056,2022-04-10,Sofa,Furniture,West,4,2525,10,200,5755,10100,4,2,2022
2057,2024-12-30,Dining Table,Furniture,West,3,44630,16,288,7146,133890,12,4,2024
2058,2024-08-06,Bed,Furniture,East,14,47514,19,252,5430,665196,8,3,2024
2059,2022-04-15,Dining Table,Furniture,East,2,18531,10,334,5639,37062,4,2,2022
2060,2025-01-22,Office Chair,Furniture,North,3,36333,11,457,1754,108999,1,1,2025
2061,2024-10-16,Office Chair,Furniture,East,6,45839,9,72,7103,275034,10,4,2024
2062,2023-05-05,Dining Table,Furniture,South,6,7557,7,189,6927,45342,5,2,2023
2063,2024-05-17,Bed,Furniture,East,6,49395,2,384,2770,296370,5,2,2024
2064,2022-11-30,Office Chair,Furniture,North,7,45111,13,159,4644,315777,11,4,2022
2065,2022-02-02,Wardrobe,Furniture,North,13,32407,0,206,5937,421291,2,1,2022
2066,2022-05-16,Bookshelf,Furniture,West,17,21412,12,73,3273,364004,5,2,2022
2067,2022-10-21,Office Chair,Furniture,West,6,44119,13,455,1315,264714,10,4,2022
2068,2022-04-22,Office Chair,Furniture,West,15,9751,8,219,5897,146265,4,2,2022
2069,2022-04-14,Sofa,Furniture,West,4,18503,18,174,1697,74012,4,2,2022
2070,2025-08-28,Office Chair,Furniture,South,13,15237,1,239,8317,198081,8,3,2025
2071,2025-03-21,Dining Table,Furniture,West,5,40317,17,112,7758,201585,3,1,2025
2072,2025-03-15,Office Chair,Furniture,South,13,10314,10,425,4782,134082,3,1,2025
2073,2023-12-05,Bookshelf,Furniture,South,10,7078,16,244,7101,70780,12,4,2023
2074,2024-12-12,Coffee Table,Furniture,North,6,24705,5,370,6227,148230,12,4,2024
2075,2024-04-15,Office Chair,Furniture,South,16,18094,1,59,9336,289504,4,2,2024
2076,2025-02-27,Office Chair,Furniture,South,3,26061,3,416,8562,78183,2,1,2025
2077,2025-12-17,Sofa,Furniture,West,20,38719,11,200,9535,774380,12,4,2025
2078,2022-07-02,Wardrobe,Furniture,West,9,3890,14,371,8069,35010,7,3,2022
2079,2022-07-15,Sofa,Furniture,South,3,38644,10,225,7553,115932,7,3,2022
2080,2023-08-04,Wardrobe,Furniture,East,9,36415,7,336,5350,327735,8,3,2023
2081,2025-04-08,Study Table,Furniture,East,5,39625,15,190,1924,198125,4,2,2025
2082,2024-12-20,Office Chair,Furniture,West,3,5429,1,448,2463,16287,12,4,2024
2083,2023-04-22,Office Chair,Furniture,North,6,6747,9,491,1586,40482,4,2,2023
2084,2025-12-26,Bookshelf,Furniture,East,8,35212,20,435,8246,281696,12,4,2025
2085,2024-12-02,Coffee Table,Furniture,North,11,39171,16,273,5161,430881,12,4,2024
2086,2023-12-10,Dining Table,Furniture,South,6,28454,3,211,9873,170724,12,4,2023
2087,2023-10-09,Office Chair,Furniture,South,11,10510,14,232,2914,115610,10,4,2023
2088,2024-07-25,Dining Table,Furniture,South,2,3792,1,294,4352,7584,7,3,2024
2089,2023-06-19,Sofa,Furniture,West,15,13185,4,406,9936,197775,6,2,2023
2090,2022-12-28,Wardrobe,Furniture,South,3,47469,16,147,5319,142407,12,4,2022
2091,2022-09-25,Bookshelf,Furniture,East,5,15399,11,107,6937,76995,9,3,2022
2092,2024-09-12,Bookshelf,Furniture,East,13,15910,5,351,8972,206830,9,3,2024
2093,2023-03-09,Office Chair,Furniture,South,12,32294,18,203,3759,387528,3,1,2023
2094,2022-12-26,Coffee Table,Furniture,North,20,40174,9,484,6060,803480,12,4,2022
2095,2022-01-25,Study Table,Furniture,East,12,4963,0,202,2503,59556,1,1,2022
2096,2023-04-26,Office Chair,Furniture,West,9,42254,18,338,7291,380286,4,2,2023
2097,2022-03-04,Office Chair,Furniture,West,10,29987,20,218,4647,299870,3,1,2022
2098,2024-08-06,Sofa,Furniture,South,13,48185,3,156,5300,626405,8,3,2024
2099,2023-05-18,Bookshelf,Furniture,North,5,40247,16,399,5442,201235,5,2,2023
2100,2025-03-29,Wardrobe,Furniture,North,14,38856,17,332,1300,543984,3,1,2025
2101,2024-01-13,Bookshelf,Furniture,West,15,12626,20,203,4821,189390,1,1,2024
2102,2023-07-20,Dining Table,Furniture,North,20,49886,18,240,9222,997720,7,3,2023
2103,2025-04-16,Coffee Table,Furniture,West,5,33738,4,211,2189,168690,4,2,2025
2104,2022-06-13,Dining Table,Furniture,East,10,10416,16,437,5347,104160,6,2,2022
2105,2025-12-14,Dining Table,Furniture,South,6,12310,6,94,3582,73860,12,4,2025
2106,2024-11-21,Bookshelf,Furniture,North,12,28093,0,115,6340,337116,11,4,2024
2107,2023-01-08,Study Table,Furniture,West,1,38011,11,407,3948,38011,1,1,2023
2108,2024-10-15,Study Table,Furniture,North,4,9422,0,498,6404,37688,10,4,2024
2109,2024-11-27,Sofa,Furniture,West,14,39263,12,497,2118,549682,11,4,2024
2110,2024-05-29,Sofa,Furniture,North,1,24266,0,374,7094,24266,5,2,2024
2111,2024-04-26,Bookshelf,Furniture,West,3,2868,9,113,7079,8604,4,2,2024
2112,2022-07-21,Study Table,Furniture,West,12,39327,16,112,2511,471924,7,3,2022
2113,2022-02-24,Wardrobe,Furniture,West,19,26678,1,199,5919,506882,2,1,2022
2114,2022-09-12,Dining Table,Furniture,North,12,38675,0,153,3102,464100,9,3,2022
2115,2024-06-30,Coffee Table,Furniture,West,19,39863,13,340,9006,757397,6,2,2024
2116,2024-05-31,Coffee Table,Furniture,South,7,39828,4,425,6430,278796,5,2,2024
2117,2022-03-13,Coffee Table,Furniture,East,19,26171,12,328,9935,497249,3,1,2022
2118,2024-10-08,Wardrobe,Furniture,East,11,4902,10,440,8364,53922,10,4,2024
2119,2025-05-19,Dining Table,Furniture,West,12,30804,17,389,3196,369648,5,2,2025
2120,2024-04-11,Coffee Table,Furniture,South,9,25155,15,428,3977,226395,4,2,2024
2121,2022-03-27,Bookshelf,Furniture,South,1,2504,19,178,1463,2504,3,1,2022
2122,2025-09-17,Wardrobe,Furniture,South,18,41614,10,252,5241,749052,9,3,2025
2123,2022-10-03,Bed,Furniture,North,13,44970,17,461,5477,584610,10,4,2022
2124,2024-04-12,Office Chair,Furniture,West,15,49900,7,89,6572,748500,4,2,2024
2125,2023-04-23,Coffee Table,Furniture,West,7,5872,7,116,2221,41104,4,2,2023
2126,2025-10-22,Wardrobe,Furniture,West,11,11806,5,172,2844,129866,10,4,2025
2127,2025-03-05,Dining Table,Furniture,South,20,39490,11,453,5551,789800,3,1,2025
2128,2022-12-23,Study Table,Furniture,East,18,38070,9,99,2569,685260,12,4,2022
2129,2022-01-22,Bookshelf,Furniture,North,11,34376,10,421,3348,378136,1,1,2022
2130,2024-01-04,Dining Table,Furniture,East,5,3558,1,227,1667,17790,1,1,2024
2131,2025-05-06,Sofa,Furniture,North,5,48096,17,197,6584,240480,5,2,2025
2132,2023-12-28,Study Table,Furniture,North,18,12359,10,224,4272,222462,12,4,2023
2133,2023-09-20,Bed,Furniture,South,15,29494,18,121,4232,442410,9,3,2023
2134,2023-12-24,Bed,Furniture,North,12,24183,16,404,8653,290196,12,4,2023
2135,2024-09-01,Office Chair,Furniture,South,11,35070,6,235,3456,385770,9,3,2024
2136,2023-08-08,Office Chair,Furniture,North,12,30300,16,186,5821,363600,8,3,2023
2137,2022-10-08,Study Table,Furniture,South,14,39663,13,174,1181,555282,10,4,2022
2138,2023-04-25,Wardrobe,Furniture,South,16,34399,17,164,3552,550384,4,2,2023
2139,2024-04-25,Office Chair,Furniture,East,10,2325,11,351,4210,23250,4,2,2024
2140,2023-03-27,Study Table,Furniture,North,8,18774,4,144,8507,150192,3,1,2023
2141,2023-09-17,Sofa,Furniture,East,12,7338,5,243,9070,88056,9,3,2023
2142,2025-11-03,Wardrobe,Furniture,West,16,24045,1,420,1486,384720,11,4,2025
2143,2024-08-15,Study Table,Furniture,North,9,44105,6,301,6648,396945,8,3,2024
2144,2022-11-08,Office Chair,Furniture,East,8,16518,10,272,7346,132144,11,4,2022
2145,2022-05-29,Dining Table,Furniture,West,6,44499,17,257,9841,266994,5,2,2022
2146,2024-07-25,Dining Table,Furniture,East,6,43418,1,153,8125,260508,7,3,2024
2147,2022-08-08,Office Chair,Furniture,West,8,7079,6,142,1528,56632,8,3,2022
2148,2024-04-22,Wardrobe,Furniture,West,12,24607,15,393,9243,295284,4,2,2024
2149,2025-01-29,Coffee Table,Furniture,North,14,21412,0,482,8202,299768,1,1,2025
2150,2022-11-12,Bed,Furniture,South,4,39906,0,198,1027,159624,11,4,2022
2151,2025-06-04,Study Table,Furniture,North,6,36742,12,440,9323,220452,6,2,2025
2152,2024-10-04,Coffee Table,Furniture,West,17,45431,10,175,4979,772327,10,4,2024
2153,2023-02-15,Office Chair,Furniture,East,13,42100,14,500,9450,547300,2,1,2023
2154,2022-05-16,Dining Table,Furniture,East,1,4472,13,245,9721,4472,5,2,2022
2155,2024-10-15,Study Table,Furniture,West,20,7490,6,184,1614,149800,10,4,2024
2156,2022-03-11,Sofa,Furniture,East,15,15243,15,274,3690,228645,3,1,2022
2157,2025-06-06,Coffee Table,Furniture,West,5,12021,17,206,3633,60105,6,2,2025
2158,2022-04-04,Wardrobe,Furniture,North,20,12551,10,269,8534,251020,4,2,2022
2159,2022-01-10,Bookshelf,Furniture,North,8,45576,15,122,8348,364608,1,1,2022
2160,2023-03-16,Coffee Table,Furniture,East,14,9820,7,289,1065,137480,3,1,2023
2161,2025-08-24,Wardrobe,Furniture,South,15,21560,16,339,5068,323400,8,3,2025
2162,2025-07-14,Sofa,Furniture,East,5,16583,6,283,4748,82915,7,3,2025
2163,2022-03-27,Dining Table,Furniture,East,17,49396,14,223,8199,839732,3,1,2022
2164,2025-04-23,Bed,Furniture,South,18,13573,1,309,7911,244314,4,2,2025
2165,2023-11-30,Wardrobe,Furniture,South,6,24546,7,354,8395,147276,11,4,2023
2166,2024-08-19,Sofa,Furniture,West,12,31935,16,413,7349,383220,8,3,2024
2167,2023-04-15,Office Chair,Furniture,East,18,34504,20,271,4889,621072,4,2,2023
2168,2024-07-01,Sofa,Furniture,North,15,25992,14,182,1578,389880,7,3,2024
2169,2024-07-30,Bookshelf,Furniture,South,11,36239,18,286,7549,398629,7,3,2024
2170,2024-05-05,Study Table,Furniture,South,16,42082,1,391,2255,673312,5,2,2024
2171,2022-03-27,Bookshelf,Furniture,South,9,7618,3,387,9490,68562,3,1,2022
2172,2023-12-19,Office Chair,Furniture,West,18,28399,14,387,6220,511182,12,4,2023
2173,2023-04-20,Bed,Furniture,North,6,48724,13,358,1511,292344,4,2,2023
2174,2025-10-21,Wardrobe,Furniture,North,19,22372,0,117,3982,425068,10,4,2025
2175,2024-05-25,Dining Table,Furniture,North,7,18025,10,309,7568,126175,5,2,2024
2176,2023-11-30,Coffee Table,Furniture,West,11,43234,18,498,7440,475574,11,4,2023
2177,2022-08-02,Dining Table,Furniture,North,14,20484,4,327,3444,286776,8,3,2022
2178,2024-01-27,Office Chair,Furniture,North,19,14381,2,332,8958,273239,1,1,2024
2179,2023-08-25,Bookshelf,Furniture,North,7,47394,6,347,9859,331758,8,3,2023
2180,2024-05-28,Bed,Furniture,South,14,20670,2,241,4143,289380,5,2,2024
2181,2022-02-01,Study Table,Furniture,South,8,22691,11,68,6479,181528,2,1,2022
2182,2025-12-28,Wardrobe,Furniture,West,5,31850,2,413,4781,159250,12,4,2025
2183,2025-02-24,Coffee Table,Furniture,West,10,47268,20,156,8891,472680,2,1,2025
2184,2022-11-08,Dining Table,Furniture,East,13,8359,13,415,3672,108667,11,4,2022
2185,2025-10-24,Sofa,Furniture,South,16,5688,2,107,9378,91008,10,4,2025
2186,2024-05-16,Bed,Furniture,North,4,39759,4,148,9406,159036,5,2,2024
2187,2023-01-01,Study Table,Furniture,East,11,23271,16,467,7461,255981,1,1,2023
2188,2025-10-11,Bookshelf,Furniture,West,14,40607,8,402,6498,568498,10,4,2025
2189,2023-05-17,Study Table,Furniture,North,19,8100,9,434,8497,153900,5,2,2023
2190,2025-05-17,Bookshelf,Furniture,East,3,2456,1,329,9747,7368,5,2,2025
2191,2025-11-27,Wardrobe,Furniture,South,1,17747,0,202,2258,17747,11,4,2025
2192,2022-02-27,Sofa,Furniture,South,5,21654,18,312,4521,108270,2,1,2022
2193,2022-02-06,Wardrobe,Furniture,North,14,18970,16,261,6741,265580,2,1,2022
2194,2022-06-28,Office Chair,Furniture,East,18,15077,5,283,8886,271386,6,2,2022
2195,2025-09-23,Bookshelf,Furniture,East,2,5938,1,442,9516,11876,9,3,2025
2196,2022-08-12,Coffee Table,Furniture,North,19,2973,11,489,1780,56487,8,3,2022
2197,2023-07-20,Dining Table,Furniture,South,17,31394,19,401,7221,533698,7,3,2023
2198,2022-03-09,Bookshelf,Furniture,South,2,30146,7,497,5095,60292,3,1,2022
2199,2024-08-24,Bed,Furniture,North,8,49366,13,306,1995,394928,8,3,2024
2200,2022-07-09,Coffee Table,Furniture,South,14,42958,18,219,2495,601412,7,3,2022
2201,2023-09-04,Study Table,Furniture,West,18,47007,11,113,8582,846126,9,3,2023
2202,2023-05-26,Bed,Furniture,South,5,3490,9,174,9952,17450,5,2,2023
2203,2024-03-16,Wardrobe,Furniture,East,14,48536,11,341,7734,679504,3,1,2024
2204,2025-11-25,Office Chair,Furniture,North,4,21934,16,414,9853,87736,11,4,2025
2205,2022-02-23,Dining Table,Furniture,North,17,12883,2,320,6383,219011,2,1,2022
2206,2024-05-22,Wardrobe,Furniture,North,17,49136,20,278,6777,835312,5,2,2024
2207,2025-07-27,Wardrobe,Furniture,East,1,16548,10,464,3438,16548,7,3,2025
2208,2022-07-20,Study Table,Furniture,West,8,31627,13,249,8691,253016,7,3,2022
2209,2022-03-29,Wardrobe,Furniture,South,15,11450,19,52,1390,171750,3,1,2022
2210,2023-03-18,Dining Table,Furniture,East,20,43209,0,262,2753,864180,3,1,2023
2211,2025-09-07,Dining Table,Furniture,North,14,35881,0,159,9346,502334,9,3,2025
2212,2025-02-10,Study Table,Furniture,South,19,5768,3,64,8920,109592,2,1,2025
2213,2025-01-27,Coffee Table,Furniture,North,18,24043,2,178,7938,432774,1,1,2025
2214,2025-11-27,Bed,Furniture,West,13,33280,19,451,8032,432640,11,4,2025
2215,2025-04-24,Bookshelf,Furniture,East,12,39097,10,464,8716,469164,4,2,2025
2216,2025-04-22,Study Table,Furniture,South,10,13349,17,100,1413,133490,4,2,2025
2217,2024-11-09,Bed,Furniture,South,9,43026,6,195,5696,387234,11,4,2024
2218,2022-01-14,Bed,Furniture,East,12,34727,2,366,2693,416724,1,1,2022
2219,2022-05-04,Bookshelf,Furniture,West,1,8974,4,436,1818,8974,5,2,2022
2220,2025-02-24,Bed,Furniture,East,6,2190,3,92,3388,13140,2,1,2025
2221,2022-04-18,Sofa,Furniture,West,17,17834,18,478,8214,303178,4,2,2022
2222,2025-08-05,Study Table,Furniture,East,20,15317,16,159,2633,306340,8,3,2025
2223,2024-03-21,Bed,Furniture,South,10,10770,9,110,4138,107700,3,1,2024
2224,2022-09-10,Bookshelf,Furniture,West,5,15443,3,171,6552,77215,9,3,2022
2225,2025-03-24,Study Table,Furniture,West,19,36711,4,138,9779,697509,3,1,2025
2226,2025-05-16,Study Table,Furniture,South,4,41815,6,115,3390,167260,5,2,2025
2227,2025-09-17,Study Table,Furniture,North,9,29960,1,91,5666,269640,9,3,2025
2228,2025-05-20,Bookshelf,Furniture,West,13,21565,17,370,5211,280345,5,2,2025
2229,2025-07-23,Bookshelf,Furniture,South,9,44638,20,413,5973,401742,7,3,2025
2230,2023-04-27,Coffee Table,Furniture,North,9,38440,6,361,6978,345960,4,2,2023
2231,2022-05-26,Dining Table,Furniture,South,14,12604,14,485,6300,176456,5,2,2022
2232,2024-06-27,Bookshelf,Furniture,East,4,22298,16,299,5746,89192,6,2,2024
2233,2023-06-11,Sofa,Furniture,North,3,14287,11,88,3905,42861,6,2,2023
2234,2024-09-22,Sofa,Furniture,East,2,4999,13,77,8700,9998,9,3,2024
2235,2024-02-07,Bed,Furniture,East,16,32950,12,336,8743,527200,2,1,2024
2236,2023-08-05,Bookshelf,Furniture,East,19,15895,6,155,8869,302005,8,3,2023
2237,2023-03-12,Bookshelf,Furniture,North,8,31179,11,369,4109,249432,3,1,2023
2238,2024-02-03,Study Table,Furniture,East,6,8096,20,60,8644,48576,2,1,2024
2239,2023-02-21,Bed,Furniture,South,5,29316,5,368,8862,146580,2,1,2023
2240,2024-12-14,Office Chair,Furniture,South,18,31271,13,347,8487,562878,12,4,2024
2241,2025-10-11,Office Chair,Furniture,North,2,33635,15,110,5616,67270,10,4,2025
2242,2023-05-06,Dining Table,Furniture,North,1,7926,15,395,1406,7926,5,2,2023
2243,2022-05-05,Wardrobe,Furniture,East,8,41525,12,161,4568,332200,5,2,2022
2244,2024-05-31,Bookshelf,Furniture,East,14,8203,14,130,3267,114842,5,2,2024
2245,2022-11-26,Sofa,Furniture,North,8,44252,12,199,4200,354016,11,4,2022
2246,2024-02-19,Wardrobe,Furniture,West,18,36947,15,71,4037,665046,2,1,2024
2247,2022-01-17,Wardrobe,Furniture,South,18,20347,20,469,3595,366246,1,1,2022
2248,2024-08-13,Coffee Table,Furniture,West,12,36964,5,484,5852,443568,8,3,2024
2249,2022-03-07,Bed,Furniture,South,8,39488,0,448,9586,315904,3,1,2022
2250,2024-04-19,Wardrobe,Furniture,North,16,15292,11,324,6112,244672,4,2,2024
2251,2022-06-29,Dining Table,Furniture,East,1,3828,4,100,3884,3828,6,2,2022
2252,2023-08-31,Wardrobe,Furniture,West,6,33288,15,401,3539,199728,8,3,2023
2253,2022-06-25,Coffee Table,Furniture,North,20,43808,16,439,5982,876160,6,2,2022
2254,2023-06-28,Bed,Furniture,West,5,42860,10,273,4169,214300,6,2,2023
2255,2025-03-18,Study Table,Furniture,East,19,44783,8,98,5386,850877,3,1,2025
2256,2025-08-06,Dining Table,Furniture,West,5,9671,4,238,7433,48355,8,3,2025
2257,2024-01-02,Coffee Table,Furniture,East,7,26543,14,448,6074,185801,1,1,2024
2258,2023-11-01,Coffee Table,Furniture,East,15,26495,5,173,3301,397425,11,4,2023
2259,2024-02-05,Wardrobe,Furniture,South,8,2689,5,418,9401,21512,2,1,2024
2260,2025-05-16,Study Table,Furniture,South,2,41969,17,331,3558,83938,5,2,2025
2261,2025-11-07,Sofa,Furniture,North,11,9947,0,58,9533,109417,11,4,2025
2262,2022-11-06,Coffee Table,Furniture,South,6,6802,11,291,5704,40812,11,4,2022
2263,2023-09-04,Dining Table,Furniture,East,4,22904,8,165,1951,91616,9,3,2023
2264,2023-02-25,Dining Table,Furniture,West,16,12263,1,232,8902,196208,2,1,2023
2265,2025-12-17,Office Chair,Furniture,North,13,43965,7,483,3776,571545,12,4,2025
2266,2025-07-12,Sofa,Furniture,West,11,10661,4,125,6813,117271,7,3,2025
2267,2024-10-02,Office Chair,Furniture,South,11,23145,8,89,5935,254595,10,4,2024
2268,2023-03-30,Study Table,Furniture,South,3,29469,13,475,7710,88407,3,1,2023
2269,2024-10-13,Coffee Table,Furniture,South,1,22859,1,189,2986,22859,10,4,2024
2270,2023-01-30,Coffee Table,Furniture,East,15,4993,1,339,8900,74895,1,1,2023
2271,2023-04-17,Sofa,Furniture,West,20,29401,12,207,9114,588020,4,2,2023
2272,2023-11-04,Dining Table,Furniture,West,7,30088,7,188,4517,210616,11,4,2023
2273,2023-05-05,Wardrobe,Furniture,East,19,37698,1,301,5675,716262,5,2,2023
2274,2023-02-26,Dining Table,Furniture,East,20,21894,7,324,4579,437880,2,1,2023
2275,2025-08-19,Dining Table,Furniture,South,6,26407,1,433,2217,158442,8,3,2025
2276,2025-06-25,Bookshelf,Furniture,West,1,49210,13,210,1568,49210,6,2,2025
2277,2025-02-07,Bookshelf,Furniture,North,3,25759,11,314,3334,77277,2,1,2025
2278,2025-11-11,Bookshelf,Furniture,South,14,18208,16,54,4265,254912,11,4,2025
2279,2023-10-04,Bookshelf,Furniture,West,15,30104,7,128,2253,451560,10,4,2023
2280,2024-12-02,Dining Table,Furniture,West,4,4780,13,180,2337,19120,12,4,2024
2281,2024-07-14,Bed,Furniture,South,18,16635,4,293,8376,299430,7,3,2024
2282,2023-11-24,Coffee Table,Furniture,North,11,16274,18,491,3568,179014,11,4,2023
2283,2023-03-17,Bookshelf,Furniture,South,17,3445,17,345,3220,58565,3,1,2023
2284,2024-11-09,Wardrobe,Furniture,North,9,24735,12,213,7130,222615,11,4,2024
2285,2024-03-13,Wardrobe,Furniture,East,7,11120,13,422,9966,77840,3,1,2024
2286,2022-09-28,Office Chair,Furniture,South,2,23355,17,160,9539,46710,9,3,2022
2287,2022-05-17,Study Table,Furniture,East,6,46924,17,80,7204,281544,5,2,2022
2288,2023-09-12,Wardrobe,Furniture,North,10,40185,3,76,9576,401850,9,3,2023
2289,2022-05-04,Sofa,Furniture,West,5,2200,20,375,7034,11000,5,2,2022
2290,2022-03-13,Coffee Table,Furniture,West,6,14548,18,329,3016,87288,3,1,2022
2291,2025-06-12,Bookshelf,Furniture,South,1,6922,5,254,3376,6922,6,2,2025
2292,2022-09-25,Office Chair,Furniture,North,5,34647,1,197,7543,173235,9,3,2022
2293,2025-03-24,Dining Table,Furniture,West,14,9303,4,392,3001,130242,3,1,2025
2294,2023-02-13,Office Chair,Furniture,West,8,10203,3,445,1040,81624,2,1,2023
2295,2022-04-17,Wardrobe,Furniture,East,13,28198,19,382,6663,366574,4,2,2022
2296,2025-06-28,Bed,Furniture,East,17,4258,15,203,2859,72386,6,2,2025
2297,2024-11-03,Dining Table,Furniture,East,1,7791,11,484,8767,7791,11,4,2024
2298,2024-03-09,Sofa,Furniture,East,1,27610,6,366,1437,27610,3,1,2024
2299,2025-04-05,Sofa,Furniture,West,3,31519,4,388,2779,94557,4,2,2025
2300,2024-09-03,Bed,Furniture,West,20,14695,19,209,6558,293900,9,3,2024
2301,2023-10-05,Sofa,Furniture,East,10,9135,20,154,8668,91350,10,4,2023
2302,2023-05-29,Coffee Table,Furniture,West,1,45249,7,97,2255,45249,5,2,2023
2303,2022-08-30,Sofa,Furniture,East,7,41624,14,242,1894,291368,8,3,2022
2304,2025-10-29,Dining Table,Furniture,West,1,48722,5,457,3873,48722,10,4,2025
2305,2023-08-29,Coffee Table,Furniture,East,14,10875,15,291,4772,152250,8,3,2023
2306,2024-01-13,Wardrobe,Furniture,South,12,34404,15,135,1318,412848,1,1,2024
2307,2023-12-14,Coffee Table,Furniture,South,9,19383,12,478,4166,174447,12,4,2023
2308,2022-11-20,Office Chair,Furniture,North,19,15857,2,338,5974,301283,11,4,2022
2309,2025-07-19,Coffee Table,Furniture,North,6,47131,4,270,6652,282786,7,3,2025
2310,2022-01-26,Study Table,Furniture,West,20,6069,8,189,2520,121380,1,1,2022
2311,2025-03-06,Wardrobe,Furniture,South,20,36931,12,262,1709,738620,3,1,2025
2312,2023-04-09,Bookshelf,Furniture,North,17,5574,13,209,6622,94758,4,2,2023
2313,2025-11-11,Coffee Table,Furniture,North,13,6964,13,447,2535,90532,11,4,2025
2314,2025-03-14,Bed,Furniture,South,18,44170,13,133,7955,795060,3,1,2025
2315,2023-11-14,Dining Table,Furniture,East,5,36126,14,295,7453,180630,11,4,2023
2316,2025-03-28,Study Table,Furniture,West,13,26547,13,339,3686,345111,3,1,2025
2317,2024-04-06,Sofa,Furniture,East,18,48162,15,83,1207,866916,4,2,2024
2318,2025-04-18,Dining Table,Furniture,South,5,47646,2,74,9468,238230,4,2,2025
2319,2023-11-01,Office Chair,Furniture,North,5,21903,20,433,8044,109515,11,4,2023
2320,2023-08-21,Office Chair,Furniture,North,3,46371,13,310,2077,139113,8,3,2023
2321,2024-10-22,Wardrobe,Furniture,East,17,2453,18,348,4670,41701,10,4,2024
2322,2023-03-03,Dining Table,Furniture,East,4,18732,10,341,6900,74928,3,1,2023
2323,2025-04-06,Bookshelf,Furniture,North,10,25073,12,483,7946,250730,4,2,2025
2324,2023-06-05,Bookshelf,Furniture,North,13,48195,16,402,8250,626535,6,2,2023
2325,2023-08-14,Wardrobe,Furniture,North,4,49601,15,295,5058,198404,8,3,2023
2326,2025-07-21,Sofa,Furniture,West,9,39451,1,55,7750,355059,7,3,2025
2327,2025-02-14,Dining Table,Furniture,South,9,17964,6,377,6192,161676,2,1,2025
2328,2023-03-09,Bed,Furniture,South,1,22902,15,365,2406,22902,3,1,2023
2329,2025-02-02,Coffee Table,Furniture,South,17,21394,4,333,4841,363698,2,1,2025
2330,2023-12-03,Bookshelf,Furniture,North,18,45230,9,79,9087,814140,12,4,2023
2331,2023-05-11,Sofa,Furniture,North,18,40028,9,440,1149,720504,5,2,2023
2332,2022-02-14,Bed,Furniture,West,19,30997,8,420,7634,588943,2,1,2022
2333,2022-05-07,Dining Table,Furniture,West,2,39835,20,244,9849,79670,5,2,2022
2334,2024-03-26,Bookshelf,Furniture,South,17,18156,0,61,4282,308652,3,1,2024
2335,2022-11-03,Office Chair,Furniture,South,13,45638,18,331,9857,593294,11,4,2022
2336,2024-08-11,Coffee Table,Furniture,South,17,46226,4,160,5194,785842,8,3,2024
2337,2024-05-22,Coffee Table,Furniture,West,12,44345,0,197,9718,532140,5,2,2024
2338,2024-10-25,Bed,Furniture,North,18,36358,4,312,3040,654444,10,4,2024
2339,2023-09-07,Coffee Table,Furniture,East,9,13193,16,266,5259,118737,9,3,2023
2340,2022-06-18,Coffee Table,Furniture,North,7,12704,7,160,1650,88928,6,2,2022
2341,2022-12-09,Dining Table,Furniture,South,1,7670,11,100,4270,7670,12,4,2022
2342,2025-11-09,Coffee Table,Furniture,North,20,41311,17,243,5334,826220,11,4,2025
2343,2025-12-15,Coffee Table,Furniture,East,20,35659,14,151,3903,713180,12,4,2025
2344,2024-12-31,Bookshelf,Furniture,West,10,44552,7,57,3639,445520,12,4,2024
2345,2022-02-03,Wardrobe,Furniture,North,20,23633,9,362,5868,472660,2,1,2022
2346,2023-08-23,Wardrobe,Furniture,North,9,23475,0,72,9637,211275,8,3,2023
2347,2023-12-04,Office Chair,Furniture,South,14,7095,9,489,4679,99330,12,4,2023
2348,2024-01-29,Sofa,Furniture,West,6,34226,20,301,9560,205356,1,1,2024
2349,2025-09-30,Dining Table,Furniture,East,7,27230,0,339,8229,190610,9,3,2025
2350,2022-12-29,Bookshelf,Furniture,South,8,8645,2,103,4660,69160,12,4,2022
2351,2025-12-11,Bookshelf,Furniture,West,8,41805,12,54,3173,334440,12,4,2025
2352,2025-03-04,Wardrobe,Furniture,East,5,4587,20,481,1374,22935,3,1,2025
2353,2024-07-02,Bookshelf,Furniture,South,4,23532,0,430,5611,94128,7,3,2024
2354,2022-05-30,Bed,Furniture,East,19,9057,18,287,1675,172083,5,2,2022
2355,2022-02-20,Dining Table,Furniture,West,17,29955,8,485,5506,509235,2,1,2022
2356,2025-07-08,Bed,Furniture,South,4,42193,15,499,2536,168772,7,3,2025
2357,2023-10-12,Bed,Furniture,West,18,12638,17,382,7335,227484,10,4,2023
2358,2022-01-08,Bookshelf,Furniture,South,20,25856,11,294,9521,517120,1,1,2022
2359,2024-04-13,Sofa,Furniture,South,9,32049,16,58,7585,288441,4,2,2024
2360,2023-08-20,Office Chair,Furniture,South,7,39729,6,459,6781,278103,8,3,2023
2361,2024-04-03,Wardrobe,Furniture,North,10,10929,9,483,4895,109290,4,2,2024
2362,2022-02-10,Wardrobe,Furniture,South,8,46232,17,344,8543,369856,2,1,2022
2363,2022-02-15,Study Table,Furniture,East,1,6642,11,388,1309,6642,2,1,2022
2364,2023-12-31,Sofa,Furniture,North,19,35834,15,188,5458,680846,12,4,2023
2365,2022-07-30,Dining Table,Furniture,North,11,12475,1,139,6425,137225,7,3,2022
2366,2022-10-26,Study Table,Furniture,South,1,31944,2,444,2885,31944,10,4,2022
2367,2023-06-22,Bookshelf,Furniture,South,5,4468,15,158,1431,22340,6,2,2023
2368,2025-08-01,Dining Table,Furniture,East,8,10111,5,288,5879,80888,8,3,2025
2369,2024-10-03,Study Table,Furniture,East,15,23989,2,205,8314,359835,10,4,2024
2370,2022-05-30,Bed,Furniture,South,10,26161,14,98,3818,261610,5,2,2022
2371,2023-01-01,Sofa,Furniture,South,17,28303,17,250,1005,481151,1,1,2023
2372,2025-11-28,Sofa,Furniture,South,20,45905,20,464,1300,918100,11,4,2025
2373,2025-03-17,Sofa,Furniture,East,16,33307,8,351,2364,532912,3,1,2025
2374,2025-06-19,Study Table,Furniture,West,20,9516,19,68,5474,190320,6,2,2025
2375,2023-03-19,Bed,Furniture,East,16,11669,1,87,3686,186704,3,1,2023
2376,2022-10-21,Study Table,Furniture,East,3,40505,9,57,3514,121515,10,4,2022
2377,2022-03-20,Bookshelf,Furniture,East,3,15360,20,150,3265,46080,3,1,2022
2378,2022-02-25,Bookshelf,Furniture,North,11,2041,16,352,9907,22451,2,1,2022
2379,2023-07-06,Sofa,Furniture,West,20,22930,12,489,5610,458600,7,3,2023
2380,2025-05-10,Wardrobe,Furniture,North,12,40164,18,69,1468,481968,5,2,2025
2381,2024-03-19,Wardrobe,Furniture,South,2,9859,1,256,9894,19718,3,1,2024
2382,2022-04-02,Wardrobe,Furniture,West,7,27376,5,135,5124,191632,4,2,2022
2383,2022-04-05,Wardrobe,Furniture,West,17,37833,11,314,6444,643161,4,2,2022
2384,2024-01-18,Study Table,Furniture,East,13,34191,18,460,1813,444483,1,1,2024
2385,2025-05-16,Bookshelf,Furniture,East,3,22583,8,349,9645,67749,5,2,2025
2386,2024-12-13,Coffee Table,Furniture,West,4,22013,19,323,1302,88052,12,4,2024
2387,2022-04-27,Dining Table,Furniture,West,2,48435,17,76,5491,96870,4,2,2022
2388,2024-11-12,Dining Table,Furniture,South,11,26379,13,284,8752,290169,11,4,2024
2389,2024-03-22,Study Table,Furniture,South,9,45454,16,330,8933,409086,3,1,2024
2390,2023-11-03,Bed,Furniture,South,2,35878,13,202,2476,71756,11,4,2023
2391,2024-05-26,Dining Table,Furniture,North,9,8940,14,443,7719,80460,5,2,2024
2392,2025-11-20,Wardrobe,Furniture,East,2,7768,6,234,8448,15536,11,4,2025
2393,2025-02-21,Sofa,Furniture,North,15,18294,14,333,4705,274410,2,1,2025
2394,2023-02-22,Coffee Table,Furniture,West,20,14204,6,471,3775,284080,2,1,2023
2395,2023-06-09,Sofa,Furniture,North,8,39105,15,490,9354,312840,6,2,2023
2396,2024-08-02,Sofa,Furniture,South,12,20588,13,84,4289,247056,8,3,2024
2397,2022-08-26,Bookshelf,Furniture,East,9,4028,12,74,6666,36252,8,3,2022
2398,2022-07-04,Dining Table,Furniture,South,16,46268,16,281,9139,740288,7,3,2022
2399,2022-05-30,Wardrobe,Furniture,North,19,20477,1,72,4744,389063,5,2,2022
2400,2025-09-16,Study Table,Furniture,South,2,37682,0,156,3735,75364,9,3,2025
2401,2022-11-01,Study Table,Furniture,East,9,31416,9,332,3003,282744,11,4,2022
2402,2022-09-19,Coffee Table,Furniture,South,4,6232,13,83,2516,24928,9,3,2022
2403,2023-06-07,Office Chair,Furniture,North,1,42569,3,153,5951,42569,6,2,2023
2404,2025-06-18,Office Chair,Furniture,West,11,42244,0,411,7596,464684,6,2,2025
2405,2022-09-11,Office Chair,Furniture,East,17,34038,4,254,4785,578646,9,3,2022
2406,2022-07-30,Bookshelf,Furniture,West,17,45317,9,159,8948,770389,7,3,2022
2407,2022-04-22,Coffee Table,Furniture,South,19,17802,19,183,2033,338238,4,2,2022
2408,2023-08-24,Sofa,Furniture,West,6,48094,18,202,2529,288564,8,3,2023
2409,2023-08-03,Bed,Furniture,West,2,29764,11,461,3681,59528,8,3,2023
2410,2025-12-21,Dining Table,Furniture,West,12,6662,14,55,5638,79944,12,4,2025
2411,2023-05-23,Bookshelf,Furniture,East,8,14032,17,134,2284,112256,5,2,2023
2412,2024-04-04,Bookshelf,Furniture,West,2,5335,19,158,4628,10670,4,2,2024
2413,2024-02-02,Wardrobe,Furniture,West,13,45812,12,311,5383,595556,2,1,2024
2414,2022-02-26,Bookshelf,Furniture,West,17,33692,9,195,1287,572764,2,1,2022
2415,2024-07-29,Wardrobe,Furniture,West,6,34931,10,126,5106,209586,7,3,2024
2416,2024-09-29,Sofa,Furniture,South,14,38383,3,430,9482,537362,9,3,2024
2417,2025-07-29,Bookshelf,Furniture,West,17,29332,9,163,3990,498644,7,3,2025
2418,2023-05-28,Wardrobe,Furniture,South,4,37645,20,477,6809,150580,5,2,2023
2419,2023-08-31,Study Table,Furniture,East,15,32476,2,445,6170,487140,8,3,2023
2420,2023-04-15,Office Chair,Furniture,West,7,26833,11,280,3311,187831,4,2,2023
2421,2023-02-19,Bed,Furniture,West,3,20730,8,103,9353,62190,2,1,2023
2422,2022-12-06,Bed,Furniture,South,14,40120,10,283,8472,561680,12,4,2022
2423,2022-11-02,Wardrobe,Furniture,East,7,22711,20,495,9671,158977,11,4,2022
2424,2024-07-18,Wardrobe,Furniture,West,16,46363,10,318,9255,741808,7,3,2024
2425,2022-01-13,Wardrobe,Furniture,East,4,30241,6,147,7295,120964,1,1,2022
2426,2024-06-25,Wardrobe,Furniture,West,11,38553,3,310,9692,424083,6,2,2024
2427,2024-12-05,Study Table,Furniture,North,6,44348,3,449,6778,266088,12,4,2024
2428,2022-12-13,Coffee Table,Furniture,North,5,20931,18,426,4248,104655,12,4,2022
2429,2024-02-04,Bookshelf,Furniture,North,14,34310,9,309,9249,480340,2,1,2024
2430,2025-11-29,Sofa,Furniture,South,6,45922,6,242,1342,275532,11,4,2025
2431,2025-05-30,Wardrobe,Furniture,North,4,43856,9,89,1017,175424,5,2,2025
2432,2024-07-31,Sofa,Furniture,South,19,37297,7,130,6118,708643,7,3,2024
2433,2024-12-23,Office Chair,Furniture,South,4,16277,18,423,4092,65108,12,4,2024
2434,2022-09-19,Bed,Furniture,North,4,4249,17,470,4399,16996,9,3,2022
2435,2025-09-14,Office Chair,Furniture,South,14,32867,6,334,2835,460138,9,3,2025
2436,2024-09-06,Wardrobe,Furniture,North,3,41188,4,126,8731,123564,9,3,2024
2437,2023-12-09,Bookshelf,Furniture,West,17,9127,4,227,2970,155159,12,4,2023
2438,2025-06-20,Coffee Table,Furniture,South,19,12973,6,492,5084,246487,6,2,2025
2439,2023-10-06,Bookshelf,Furniture,South,19,19046,19,486,9681,361874,10,4,2023
2440,2025-09-15,Bookshelf,Furniture,North,20,9081,3,274,4504,181620,9,3,2025
2441,2023-12-08,Bookshelf,Furniture,East,18,32047,13,495,7434,576846,12,4,2023
2442,2024-11-24,Sofa,Furniture,West,20,32737,9,175,8288,654740,11,4,2024
2443,2022-02-13,Wardrobe,Furniture,West,7,32326,10,301,3076,226282,2,1,2022
2444,2022-07-31,Coffee Table,Furniture,West,2,30310,14,406,2381,60620,7,3,2022
2445,2024-04-24,Coffee Table,Furniture,South,6,24219,3,352,6322,145314,4,2,2024
2446,2022-07-31,Dining Table,Furniture,North,4,29674,2,257,6012,118696,7,3,2022
2447,2024-07-06,Coffee Table,Furniture,East,12,46518,17,297,6174,558216,7,3,2024
2448,2022-08-21,Bookshelf,Furniture,West,11,8465,15,385,7478,93115,8,3,2022
2449,2023-03-11,Dining Table,Furniture,South,18,13926,1,402,4328,250668,3,1,2023
2450,2022-11-29,Wardrobe,Furniture,West,3,5671,8,308,8237,17013,11,4,2022
2451,2022-06-01,Office Chair,Furniture,North,3,8216,15,468,2847,24648,6,2,2022
2452,2024-07-09,Coffee Table,Furniture,East,16,6249,16,243,5424,99984,7,3,2024
2453,2022-05-08,Wardrobe,Furniture,North,16,38803,7,391,5504,620848,5,2,2022
2454,2022-08-02,Dining Table,Furniture,West,2,16868,10,256,2460,33736,8,3,2022
2455,2025-12-09,Wardrobe,Furniture,North,20,3751,9,188,7424,75020,12,4,2025
2456,2024-09-29,Wardrobe,Furniture,West,15,31597,5,395,6815,473955,9,3,2024
2457,2024-01-28,Office Chair,Furniture,North,15,18751,5,62,9790,281265,1,1,2024
2458,2023-04-30,Study Table,Furniture,West,14,3194,9,489,9722,44716,4,2,2023
2459,2024-02-26,Office Chair,Furniture,West,8,23439,15,185,1695,187512,2,1,2024
2460,2023-10-20,Bookshelf,Furniture,South,4,11406,4,451,1661,45624,10,4,2023
2461,2024-06-19,Bookshelf,Furniture,South,17,5498,19,265,2049,93466,6,2,2024
2462,2022-02-18,Coffee Table,Furniture,South,12,32965,10,153,4934,395580,2,1,2022
2463,2024-10-20,Wardrobe,Furniture,West,12,26967,3,310,9760,323604,10,4,2024
2464,2022-11-24,Coffee Table,Furniture,North,7,40489,9,425,3361,283423,11,4,2022
2465,2025-05-04,Bookshelf,Furniture,East,6,10304,11,492,9268,61824,5,2,2025
2466,2023-10-26,Office Chair,Furniture,West,10,15022,18,198,6393,150220,10,4,2023
2467,2025-11-16,Bookshelf,Furniture,West,7,17889,1,334,4174,125223,11,4,2025
2468,2022-08-23,Study Table,Furniture,West,6,17282,6,326,5975,103692,8,3,2022
2469,2025-05-27,Coffee Table,Furniture,East,12,43073,6,63,6332,516876,5,2,2025
2470,2025-05-28,Dining Table,Furniture,South,15,18680,8,298,7814,280200,5,2,2025
2471,2023-10-22,Sofa,Furniture,East,9,17800,13,413,5517,160200,10,4,2023
2472,2025-03-11,Coffee Table,Furniture,East,20,17309,6,468,7407,346180,3,1,2025
2473,2023-08-27,Bookshelf,Furniture,East,9,48980,6,183,8651,440820,8,3,2023
2474,2023-06-12,Sofa,Furniture,West,15,49847,18,121,6155,747705,6,2,2023
2475,2023-05-30,Bookshelf,Furniture,North,7,18478,10,322,9314,129346,5,2,2023
2476,2023-10-08,Bed,Furniture,North,13,4772,14,460,8713,62036,10,4,2023
2477,2023-12-10,Dining Table,Furniture,East,10,11099,12,300,1944,110990,12,4,2023
2478,2023-08-08,Office Chair,Furniture,South,11,25322,17,251,2447,278542,8,3,2023
2479,2024-04-18,Sofa,Furniture,West,8,22698,13,186,4626,181584,4,2,2024
2480,2025-10-11,Bed,Furniture,South,19,27984,13,85,4286,531696,10,4,2025
2481,2025-05-29,Bed,Furniture,South,11,40629,15,213,8119,446919,5,2,2025
2482,2025-07-28,Office Chair,Furniture,East,4,14216,2,291,5558,56864,7,3,2025
2483,2024-02-26,Bed,Furniture,South,1,36912,19,313,6825,36912,2,1,2024
2484,2023-04-20,Office Chair,Furniture,South,13,22903,9,423,1945,297739,4,2,2023
2485,2023-01-24,Coffee Table,Furniture,West,19,16192,20,301,7725,307648,1,1,2023
2486,2023-05-12,Coffee Table,Furniture,East,19,18683,14,379,9894,354977,5,2,2023
2487,2024-06-10,Coffee Table,Furniture,North,12,39950,12,280,5895,479400,6,2,2024
2488,2024-12-10,Wardrobe,Furniture,East,14,29715,17,496,6452,416010,12,4,2024
2489,2024-12-26,Bed,Furniture,North,1,25003,0,492,3630,25003,12,4,2024
2490,2023-08-26,Bookshelf,Furniture,East,10,44541,8,165,4134,445410,8,3,2023
2491,2025-08-21,Coffee Table,Furniture,East,4,25974,15,238,3129,103896,8,3,2025
2492,2022-12-01,Bed,Furniture,East,3,7768,1,465,9973,23304,12,4,2022
2493,2023-01-02,Office Chair,Furniture,North,19,30778,3,116,5801,584782,1,1,2023
2494,2022-05-05,Study Table,Furniture,East,3,3672,5,417,3126,11016,5,2,2022
2495,2024-12-22,Bed,Furniture,West,8,11272,2,389,8840,90176,12,4,2024
2496,2022-08-26,Dining Table,Furniture,South,3,11478,14,216,7454,34434,8,3,2022
2497,2023-10-11,Bed,Furniture,North,9,5122,19,341,1664,46098,10,4,2023
2498,2024-05-22,Wardrobe,Furniture,North,10,15371,17,249,6590,153710,5,2,2024
2499,2023-11-27,Study Table,Furniture,North,20,20106,0,249,3805,402120,11,4,2023
2500,2022-07-13,Bed,Furniture,East,14,42299,9,68,1223,592186,7,3,2022
2501,2023-09-14,Sofa,Furniture,North,9,7425,7,384,7791,66825,9,3,2023
2502,2025-08-04,Office Chair,Furniture,East,4,36211,20,243,7785,144844,8,3,2025
2503,2025-08-03,Bookshelf,Furniture,South,3,18992,12,208,7734,56976,8,3,2025
2504,2025-09-10,Dining Table,Furniture,West,15,19522,5,356,5747,292830,9,3,2025
2505,2025-12-13,Study Table,Furniture,East,12,22419,17,240,9499,269028,12,4,2025
2506,2023-01-04,Study Table,Furniture,West,19,18375,19,382,5911,349125,1,1,2023
2507,2024-06-03,Wardrobe,Furniture,East,20,35516,19,170,5034,710320,6,2,2024
2508,2023-04-13,Sofa,Furniture,North,9,3733,14,399,1979,33597,4,2,2023
2509,2024-05-30,Study Table,Furniture,East,7,33450,1,374,2234,234150,5,2,2024
2510,2025-12-05,Wardrobe,Furniture,West,13,47359,5,371,7665,615667,12,4,2025
2511,2025-09-16,Bookshelf,Furniture,North,8,37861,11,355,4434,302888,9,3,2025
2512,2023-06-11,Study Table,Furniture,East,14,32073,12,497,2816,449022,6,2,2023
2513,2023-08-09,Bed,Furniture,West,10,8374,12,81,5362,83740,8,3,2023
2514,2022-03-23,Bed,Furniture,South,13,36307,6,228,9965,471991,3,1,2022
2515,2023-12-09,Bed,Furniture,West,10,2613,3,218,8575,26130,12,4,2023
2516,2022-09-09,Coffee Table,Furniture,North,1,20875,17,264,2480,20875,9,3,2022
2517,2025-10-02,Sofa,Furniture,West,10,28475,18,498,6720,284750,10,4,2025
2518,2025-03-24,Wardrobe,Furniture,South,9,7915,8,372,7241,71235,3,1,2025
2519,2024-08-24,Sofa,Furniture,West,4,12276,20,203,5656,49104,8,3,2024
2520,2025-04-29,Wardrobe,Furniture,North,12,14553,16,128,2299,174636,4,2,2025
2521,2023-07-11,Office Chair,Furniture,North,9,34458,5,482,2349,310122,7,3,2023
2522,2025-06-22,Wardrobe,Furniture,East,16,37200,9,130,5556,595200,6,2,2025
2523,2023-08-25,Coffee Table,Furniture,West,9,43545,3,277,3947,391905,8,3,2023
2524,2022-08-03,Bed,Furniture,South,14,42317,16,277,9433,592438,8,3,2022
2525,2024-03-03,Sofa,Furniture,East,19,47309,0,247,3479,898871,3,1,2024
2526,2024-12-02,Wardrobe,Furniture,South,14,16461,9,121,7655,230454,12,4,2024
2527,2025-09-18,Dining Table,Furniture,North,11,39487,20,335,6792,434357,9,3,2025
2528,2024-06-07,Office Chair,Furniture,East,18,36783,11,165,6014,662094,6,2,2024
2529,2023-04-20,Bookshelf,Furniture,East,1,40074,8,411,4231,40074,4,2,2023
2530,2023-01-23,Wardrobe,Furniture,North,10,46578,13,170,3720,465780,1,1,2023
2531,2024-07-10,Bookshelf,Furniture,North,16,27379,19,336,2321,438064,7,3,2024
2532,2022-08-20,Office Chair,Furniture,South,5,14344,8,70,1970,71720,8,3,2022
2533,2023-06-15,Coffee Table,Furniture,West,15,36528,9,152,4646,547920,6,2,2023
2534,2022-05-11,Bed,Furniture,West,17,23252,7,258,2907,395284,5,2,2022
2535,2024-08-20,Bed,Furniture,South,15,12634,6,60,9532,189510,8,3,2024
2536,2024-03-01,Study Table,Furniture,East,16,5929,4,91,1201,94864,3,1,2024
2537,2023-11-02,Study Table,Furniture,North,15,38093,7,304,4050,571395,11,4,2023
2538,2022-04-30,Coffee Table,Furniture,West,20,26433,14,396,6508,528660,4,2,2022
2539,2024-09-02,Sofa,Furniture,West,16,24419,13,351,7811,390704,9,3,2024
2540,2023-05-19,Dining Table,Furniture,East,15,45376,10,136,8171,680640,5,2,2023
2541,2024-06-21,Office Chair,Furniture,North,18,21919,12,165,2269,394542,6,2,2024
2542,2023-01-03,Bookshelf,Furniture,North,4,37137,20,160,4193,148548,1,1,2023
2543,2025-04-18,Office Chair,Furniture,East,6,27574,7,200,5912,165444,4,2,2025
2544,2022-12-03,Bed,Furniture,North,12,21632,13,254,4438,259584,12,4,2022
2545,2025-10-28,Sofa,Furniture,West,9,16061,11,63,2741,144549,10,4,2025
2546,2025-09-10,Bookshelf,Furniture,South,3,26283,6,291,6247,78849,9,3,2025
2547,2024-06-15,Coffee Table,Furniture,North,6,20445,10,397,9760,122670,6,2,2024
2548,2022-08-23,Wardrobe,Furniture,West,18,25186,14,251,9929,453348,8,3,2022
2549,2024-06-02,Office Chair,Furniture,West,10,47171,14,169,3638,471710,6,2,2024
2550,2023-06-19,Bookshelf,Furniture,South,20,33454,3,477,4152,669080,6,2,2023
2551,2023-08-26,Wardrobe,Furniture,South,20,3449,1,359,5845,68980,8,3,2023
2552,2022-02-01,Bookshelf,Furniture,North,14,25007,15,156,6522,350098,2,1,2022
2553,2022-03-12,Coffee Table,Furniture,West,19,6266,11,319,4436,119054,3,1,2022
2554,2025-01-02,Study Table,Furniture,North,14,31921,18,150,4302,446894,1,1,2025
2555,2025-01-19,Sofa,Furniture,North,5,13754,9,471,4955,68770,1,1,2025
2556,2024-08-16,Bed,Furniture,South,1,2800,17,463,8510,2800,8,3,2024
2557,2023-06-20,Office Chair,Furniture,North,8,46687,12,318,9312,373496,6,2,2023
2558,2025-02-23,Bed,Furniture,South,5,28331,13,188,1699,141655,2,1,2025
2559,2022-08-02,Office Chair,Furniture,East,13,20620,10,473,6648,268060,8,3,2022
2560,2025-06-03,Bed,Furniture,North,4,41688,16,150,3986,166752,6,2,2025
2561,2022-08-14,Dining Table,Furniture,South,15,4563,15,196,4106,68445,8,3,2022
2562,2024-09-23,Sofa,Furniture,South,18,44598,6,317,6678,802764,9,3,2024
2563,2025-03-10,Sofa,Furniture,South,4,44038,6,460,2675,176152,3,1,2025
2564,2022-07-02,Wardrobe,Furniture,East,11,16163,9,260,6569,177793,7,3,2022
2565,2022-01-20,Bed,Furniture,West,14,23739,9,490,2210,332346,1,1,2022
2566,2025-08-04,Office Chair,Furniture,West,5,30116,1,209,4866,150580,8,3,2025
2567,2022-02-16,Coffee Table,Furniture,East,20,45786,0,157,7867,915720,2,1,2022
2568,2025-12-07,Wardrobe,Furniture,North,2,49423,18,84,7442,98846,12,4,2025
2569,2022-11-05,Sofa,Furniture,West,4,7783,20,293,2073,31132,11,4,2022
2570,2024-03-30,Bed,Furniture,South,7,44569,11,441,2275,311983,3,1,2024
2571,2022-04-15,Bed,Furniture,West,14,29786,1,441,3505,417004,4,2,2022
2572,2025-06-30,Sofa,Furniture,North,2,40262,20,431,7455,80524,6,2,2025
2573,2023-02-23,Study Table,Furniture,West,3,27704,2,381,2516,83112,2,1,2023
2574,2024-04-07,Coffee Table,Furniture,South,16,36874,6,327,3500,589984,4,2,2024
2575,2023-05-13,Bookshelf,Furniture,South,4,4543,9,141,4863,18172,5,2,2023
2576,2024-02-29,Wardrobe,Furniture,North,19,36183,11,496,8141,687477,2,1,2024
2577,2022-03-20,Study Table,Furniture,East,3,36776,10,275,6725,110328,3,1,2022
2578,2024-05-09,Coffee Table,Furniture,West,18,27120,5,336,3730,488160,5,2,2024
2579,2022-04-23,Bed,Furniture,South,8,21542,11,198,2354,172336,4,2,2022
2580,2022-10-04,Sofa,Furniture,North,17,25120,15,141,8297,427040,10,4,2022
2581,2025-07-21,Wardrobe,Furniture,North,13,24063,3,359,1443,312819,7,3,2025
2582,2025-08-03,Office Chair,Furniture,South,19,30488,2,457,2045,579272,8,3,2025
2583,2022-12-14,Office Chair,Furniture,East,11,41674,0,436,8264,458414,12,4,2022
2584,2022-08-26,Wardrobe,Furniture,South,16,43425,15,413,5038,694800,8,3,2022
2585,2022-11-09,Bed,Furniture,East,16,21413,2,195,7652,342608,11,4,2022
2586,2024-08-24,Dining Table,Furniture,East,17,6998,18,330,1930,118966,8,3,2024
2587,2023-06-22,Dining Table,Furniture,North,14,20067,5,363,6117,280938,6,2,2023
2588,2022-05-04,Bookshelf,Furniture,North,2,41815,17,180,8196,83630,5,2,2022
2589,2025-04-15,Bed,Furniture,South,13,24762,10,308,6977,321906,4,2,2025
2590,2022-09-17,Bed,Furniture,North,7,33503,1,380,5020,234521,9,3,2022
2591,2025-10-15,Bed,Furniture,East,5,47033,13,101,1841,235165,10,4,2025
2592,2023-09-24,Study Table,Furniture,East,6,44653,13,460,9988,267918,9,3,2023
2593,2024-12-15,Office Chair,Furniture,North,15,32613,20,98,9746,489195,12,4,2024
2594,2022-02-08,Coffee Table,Furniture,West,19,29553,13,200,3092,561507,2,1,2022
2595,2025-05-18,Office Chair,Furniture,South,20,2094,0,305,8198,41880,5,2,2025
2596,2024-04-18,Sofa,Furniture,South,20,30016,9,441,2779,600320,4,2,2024
2597,2022-01-27,Bed,Furniture,West,13,12493,6,303,1688,162409,1,1,2022
2598,2025-04-11,Wardrobe,Furniture,West,4,22288,11,333,6737,89152,4,2,2025
2599,2023-10-18,Office Chair,Furniture,North,16,30783,10,359,4878,492528,10,4,2023
2600,2024-11-25,Office Chair,Furniture,South,7,29760,5,493,2678,208320,11,4,2024
2601,2022-08-04,Wardrobe,Furniture,South,20,11946,5,447,9419,238920,8,3,2022
2602,2024-07-04,Bookshelf,Furniture,West,3,15589,11,178,9999,46767,7,3,2024
2603,2023-12-22,Wardrobe,Furniture,East,4,37961,6,119,3110,151844,12,4,2023
2604,2022-08-30,Office Chair,Furniture,East,18,4964,7,273,4579,89352,8,3,2022
2605,2025-07-24,Dining Table,Furniture,North,14,32744,3,346,6945,458416,7,3,2025
2606,2025-10-21,Coffee Table,Furniture,South,2,2136,10,343,3909,4272,10,4,2025
2607,2022-05-16,Study Table,Furniture,North,13,31427,9,125,5137,408551,5,2,2022
2608,2024-11-14,Coffee Table,Furniture,West,11,7856,17,173,2338,86416,11,4,2024
2609,2023-10-19,Coffee Table,Furniture,East,3,39848,19,218,9165,119544,10,4,2023
2610,2023-04-22,Wardrobe,Furniture,North,8,37056,18,203,4934,296448,4,2,2023
2611,2025-07-13,Sofa,Furniture,West,11,35112,20,473,2739,386232,7,3,2025
2612,2023-01-11,Coffee Table,Furniture,West,12,4194,1,181,6057,50328,1,1,2023
2613,2023-05-06,Office Chair,Furniture,South,5,4812,2,497,5697,24060,5,2,2023
2614,2025-12-14,Sofa,Furniture,West,16,29614,16,445,3454,473824,12,4,2025
2615,2024-07-30,Dining Table,Furniture,North,11,23130,1,365,4799,254430,7,3,2024
2616,2024-11-03,Bookshelf,Furniture,South,12,33540,15,358,7501,402480,11,4,2024
2617,2022-12-07,Bed,Furniture,South,19,46849,0,164,4946,890131,12,4,2022
2618,2023-02-21,Bed,Furniture,North,12,9081,4,185,9357,108972,2,1,2023
2619,2025-10-16,Wardrobe,Furniture,East,3,11714,14,110,7749,35142,10,4,2025
2620,2023-08-24,Sofa,Furniture,East,15,15931,11,359,2540,238965,8,3,2023
2621,2023-12-27,Sofa,Furniture,West,2,19047,10,492,2782,38094,12,4,2023
2622,2025-10-02,Office Chair,Furniture,East,4,13693,13,352,4074,54772,10,4,2025
2623,2025-03-15,Wardrobe,Furniture,South,14,25453,7,78,6005,356342,3,1,2025
2624,2022-01-01,Bed,Furniture,South,9,25873,14,261,6024,232857,1,1,2022
2625,2022-07-17,Sofa,Furniture,South,3,12137,8,331,7906,36411,7,3,2022
2626,2022-09-11,Bookshelf,Furniture,South,20,17360,16,238,5176,347200,9,3,2022
2627,2023-08-14,Coffee Table,Furniture,South,19,41552,12,385,4538,789488,8,3,2023
2628,2025-12-25,Bookshelf,Furniture,West,2,21120,16,70,5212,42240,12,4,2025
2629,2024-02-07,Dining Table,Furniture,South,6,4976,4,250,2743,29856,2,1,2024
2630,2024-02-10,Dining Table,Furniture,South,13,27914,12,361,6046,362882,2,1,2024
2631,2025-04-14,Dining Table,Furniture,North,15,23236,8,385,9524,348540,4,2,2025
2632,2023-06-11,Study Table,Furniture,South,5,24135,11,187,5066,120675,6,2,2023
2633,2024-05-04,Sofa,Furniture,West,2,18897,7,439,2385,37794,5,2,2024
2634,2025-04-11,Coffee Table,Furniture,West,6,2406,20,467,4690,14436,4,2,2025
2635,2024-04-26,Office Chair,Furniture,West,15,31720,10,216,8046,475800,4,2,2024
2636,2024-11-11,Sofa,Furniture,South,9,49246,2,169,1452,443214,11,4,2024
2637,2024-11-29,Study Table,Furniture,East,2,18285,16,471,3345,36570,11,4,2024
2638,2023-03-21,Wardrobe,Furniture,North,16,19080,1,496,4848,305280,3,1,2023
2639,2022-01-15,Dining Table,Furniture,North,4,16096,20,190,7203,64384,1,1,2022
2640,2024-03-07,Bed,Furniture,South,14,46235,19,107,6070,647290,3,1,2024
2641,2024-12-04,Bookshelf,Furniture,West,13,47592,2,425,4077,618696,12,4,2024
2642,2024-04-22,Dining Table,Furniture,North,11,48203,16,371,5399,530233,4,2,2024
2643,2023-03-02,Study Table,Furniture,West,5,32258,20,234,6668,161290,3,1,2023
2644,2025-11-20,Coffee Table,Furniture,West,8,5009,1,388,6359,40072,11,4,2025
2645,2023-05-12,Study Table,Furniture,East,10,23966,2,441,7472,239660,5,2,2023
2646,2022-05-19,Office Chair,Furniture,South,18,22010,4,78,1792,396180,5,2,2022
2647,2024-07-29,Office Chair,Furniture,South,12,22834,16,294,6175,274008,7,3,2024
2648,2024-05-08,Sofa,Furniture,East,2,40034,14,331,6098,80068,5,2,2024
2649,2023-04-16,Dining Table,Furniture,East,15,33688,7,460,5876,505320,4,2,2023
2650,2024-08-06,Office Chair,Furniture,East,19,19397,8,474,4689,368543,8,3,2024
2651,2024-06-11,Office Chair,Furniture,North,18,5103,14,435,2401,91854,6,2,2024
2652,2024-06-26,Coffee Table,Furniture,North,5,11562,5,389,8189,57810,6,2,2024
2653,2025-04-26,Study Table,Furniture,East,8,42356,14,361,4375,338848,4,2,2025
2654,2024-10-23,Coffee Table,Furniture,North,4,40464,20,232,9778,161856,10,4,2024
2655,2024-12-04,Wardrobe,Furniture,East,16,46413,17,466,4211,742608,12,4,2024
2656,2024-03-28,Study Table,Furniture,South,15,48154,12,73,8646,722310,3,1,2024
2657,2024-09-30,Sofa,Furniture,East,14,47212,18,499,7465,660968,9,3,2024
2658,2024-03-03,Bookshelf,Furniture,South,13,25686,4,369,2281,333918,3,1,2024
2659,2024-05-04,Bookshelf,Furniture,West,6,20740,20,470,1620,124440,5,2,2024
2660,2023-03-01,Office Chair,Furniture,South,6,48479,7,336,6564,290874,3,1,2023
2661,2025-02-02,Sofa,Furniture,North,5,9377,0,61,7417,46885,2,1,2025
2662,2023-09-20,Bed,Furniture,North,18,30092,0,440,7669,541656,9,3,2023
2663,2022-10-15,Study Table,Furniture,West,19,17582,12,263,8213,334058,10,4,2022
2664,2024-12-24,Coffee Table,Furniture,South,20,43519,9,428,2116,870380,12,4,2024
2665,2023-09-28,Sofa,Furniture,West,3,15466,17,431,2074,46398,9,3,2023
2666,2024-11-26,Sofa,Furniture,East,5,40980,0,352,8879,204900,11,4,2024
2667,2023-02-11,Office Chair,Furniture,East,16,3322,2,289,6100,53152,2,1,2023
2668,2024-08-12,Office Chair,Furniture,East,4,18483,0,259,4110,73932,8,3,2024
2669,2022-05-03,Bookshelf,Furniture,West,11,25448,15,175,9070,279928,5,2,2022
2670,2023-03-14,Bed,Furniture,South,19,42473,10,194,7105,806987,3,1,2023
2671,2023-12-12,Sofa,Furniture,North,20,16784,1,312,1625,335680,12,4,2023
2672,2022-01-28,Dining Table,Furniture,East,7,47196,18,193,3561,330372,1,1,2022
2673,2022-10-06,Sofa,Furniture,East,14,9467,4,55,4202,132538,10,4,2022
2674,2023-07-23,Sofa,Furniture,South,17,4577,0,419,5034,77809,7,3,2023
2675,2024-07-26,Bed,Furniture,North,2,10824,0,465,3223,21648,7,3,2024
2676,2023-05-25,Bed,Furniture,West,9,15190,3,252,5562,136710,5,2,2023
2677,2025-10-03,Wardrobe,Furniture,East,1,39299,9,388,3051,39299,10,4,2025
2678,2022-05-31,Bed,Furniture,West,6,24015,10,52,1880,144090,5,2,2022
2679,2022-11-04,Bookshelf,Furniture,North,17,30374,8,221,7979,516358,11,4,2022
2680,2023-10-16,Bookshelf,Furniture,South,2,46421,5,487,3413,92842,10,4,2023
2681,2023-03-02,Bookshelf,Furniture,South,7,42532,3,207,4183,297724,3,1,2023
2682,2023-03-02,Sofa,Furniture,East,20,22343,13,440,7955,446860,3,1,2023
2683,2024-05-08,Sofa,Furniture,West,15,37568,19,372,9041,563520,5,2,2024
2684,2023-11-01,Office Chair,Furniture,North,2,12340,15,65,7150,24680,11,4,2023
2685,2024-02-23,Bed,Furniture,South,2,16235,9,82,2570,32470,2,1,2024
2686,2025-08-18,Office Chair,Furniture,South,9,13609,12,229,4417,122481,8,3,2025
2687,2025-02-02,Dining Table,Furniture,South,14,27268,3,149,6530,381752,2,1,2025
2688,2024-06-29,Coffee Table,Furniture,West,9,25979,13,96,3665,233811,6,2,2024
2689,2022-08-01,Sofa,Furniture,South,6,32365,8,366,3054,194190,8,3,2022
2690,2022-07-15,Office Chair,Furniture,South,2,32254,15,107,4607,64508,7,3,2022
2691,2023-08-01,Dining Table,Furniture,South,9,20750,9,319,1669,186750,8,3,2023
2692,2022-06-12,Office Chair,Furniture,North,19,41137,11,257,7340,781603,6,2,2022
2693,2023-03-29,Sofa,Furniture,West,9,45639,17,432,3631,410751,3,1,2023
2694,2025-01-18,Coffee Table,Furniture,West,3,29101,9,100,7552,87303,1,1,2025
2695,2022-09-19,Dining Table,Furniture,North,9,40837,18,88,4189,367533,9,3,2022
2696,2024-01-15,Wardrobe,Furniture,South,5,26106,10,345,5618,130530,1,1,2024
2697,2022-09-20,Study Table,Furniture,North,15,12088,10,447,6330,181320,9,3,2022
2698,2025-08-30,Sofa,Furniture,South,1,20051,3,52,4237,20051,8,3,2025
2699,2024-10-11,Bookshelf,Furniture,West,10,8869,6,234,8323,88690,10,4,2024
2700,2022-09-12,Coffee Table,Furniture,North,18,47209,12,482,5849,849762,9,3,2022
2701,2022-03-24,Bed,Furniture,West,9,3875,18,129,9353,34875,3,1,2022
2702,2022-01-22,Coffee Table,Furniture,East,3,40650,13,276,6750,121950,1,1,2022
2703,2025-09-18,Wardrobe,Furniture,East,8,25269,16,298,8867,202152,9,3,2025
2704,2024-04-11,Study Table,Furniture,West,6,15270,18,227,5148,91620,4,2,2024
2705,2023-12-09,Study Table,Furniture,East,4,49450,5,454,3110,197800,12,4,2023
2706,2022-02-23,Office Chair,Furniture,East,11,34468,5,313,8287,379148,2,1,2022
2707,2025-06-12,Study Table,Furniture,South,13,48483,2,203,3526,630279,6,2,2025
2708,2025-03-20,Wardrobe,Furniture,East,19,5607,20,107,2251,106533,3,1,2025
2709,2025-03-19,Bookshelf,Furniture,South,8,13586,1,394,4088,108688,3,1,2025
2710,2024-07-27,Coffee Table,Furniture,East,2,27553,16,484,5386,55106,7,3,2024
2711,2025-12-31,Bookshelf,Furniture,East,6,10414,1,260,9922,62484,12,4,2025
2712,2022-07-04,Wardrobe,Furniture,South,3,22957,9,264,4067,68871,7,3,2022
2713,2022-04-13,Coffee Table,Furniture,South,19,23809,20,400,8182,452371,4,2,2022
2714,2023-10-18,Bed,Furniture,East,18,37808,12,75,9704,680544,10,4,2023
2715,2022-01-13,Bed,Furniture,South,15,28408,0,296,3358,426120,1,1,2022
2716,2024-08-05,Study Table,Furniture,North,18,2973,10,298,3410,53514,8,3,2024
2717,2023-06-22,Office Chair,Furniture,West,12,32953,19,418,2685,395436,6,2,2023
2718,2024-09-19,Wardrobe,Furniture,South,13,37438,1,213,5279,486694,9,3,2024
2719,2022-06-02,Dining Table,Furniture,West,12,11518,20,347,9783,138216,6,2,2022
2720,2022-10-01,Dining Table,Furniture,North,10,49900,2,293,9740,499000,10,4,2022
2721,2022-12-29,Study Table,Furniture,North,7,45467,14,376,3213,318269,12,4,2022
2722,2025-08-26,Coffee Table,Furniture,North,1,40341,16,211,2318,40341,8,3,2025
2723,2022-08-29,Wardrobe,Furniture,North,6,4249,15,152,5762,25494,8,3,2022
2724,2022-02-01,Coffee Table,Furniture,North,3,18758,2,320,6413,56274,2,1,2022
2725,2025-09-01,Wardrobe,Furniture,West,11,40819,10,312,5250,449009,9,3,2025
2726,2023-04-06,Sofa,Furniture,North,18,39672,17,228,4511,714096,4,2,2023
2727,2024-04-11,Sofa,Furniture,North,20,24554,8,80,2844,491080,4,2,2024
2728,2022-07-06,Coffee Table,Furniture,East,10,45278,17,125,5029,452780,7,3,2022
2729,2022-05-14,Dining Table,Furniture,East,19,48370,5,188,6920,919030,5,2,2022
2730,2022-11-05,Sofa,Furniture,West,2,28867,11,450,8822,57734,11,4,2022
2731,2024-08-16,Study Table,Furniture,South,11,34240,16,193,9216,376640,8,3,2024
2732,2024-11-27,Sofa,Furniture,North,2,22185,17,183,7879,44370,11,4,2024
2733,2023-02-12,Wardrobe,Furniture,East,10,25040,3,488,3638,250400,2,1,2023
2734,2025-11-03,Bookshelf,Furniture,West,16,16072,16,499,3885,257152,11,4,2025
2735,2024-05-31,Wardrobe,Furniture,East,6,48950,7,109,4499,293700,5,2,2024
2736,2024-10-20,Study Table,Furniture,East,14,33524,7,234,5697,469336,10,4,2024
2737,2023-09-29,Sofa,Furniture,North,14,13915,1,256,6786,194810,9,3,2023
2738,2022-02-17,Study Table,Furniture,West,5,47712,12,260,5554,238560,2,1,2022
2739,2025-04-08,Wardrobe,Furniture,South,3,29536,7,108,2341,88608,4,2,2025
2740,2022-12-01,Sofa,Furniture,North,12,19968,15,251,4015,239616,12,4,2022
2741,2024-04-14,Bookshelf,Furniture,North,20,8286,10,256,8687,165720,4,2,2024
2742,2024-11-19,Bookshelf,Furniture,North,8,27332,9,426,5174,218656,11,4,2024
2743,2025-12-07,Study Table,Furniture,West,5,34437,15,413,5417,172185,12,4,2025
2744,2022-03-23,Wardrobe,Furniture,East,10,17867,1,138,4115,178670,3,1,2022
2745,2025-10-23,Wardrobe,Furniture,North,19,44330,15,498,4894,842270,10,4,2025
2746,2025-12-29,Wardrobe,Furniture,East,14,44894,5,205,2108,628516,12,4,2025
2747,2025-04-30,Sofa,Furniture,South,18,23845,5,452,3420,429210,4,2,2025
2748,2022-09-23,Bed,Furniture,East,10,13000,3,190,1360,130000,9,3,2022
2749,2023-12-04,Bed,Furniture,North,9,41906,14,296,8307,377154,12,4,2023
2750,2025-03-02,Coffee Table,Furniture,East,4,18276,11,442,7317,73104,3,1,2025
2751,2025-08-06,Wardrobe,Furniture,North,15,44329,18,63,2823,664935,8,3,2025
2752,2022-09-25,Coffee Table,Furniture,East,4,2908,19,66,2902,11632,9,3,2022
2753,2024-03-29,Sofa,Furniture,West,14,17224,15,342,5240,241136,3,1,2024
2754,2025-03-25,Bookshelf,Furniture,West,11,10260,16,426,4922,112860,3,1,2025
2755,2024-12-31,Bed,Furniture,South,11,8630,11,353,3021,94930,12,4,2024
2756,2025-02-04,Bed,Furniture,East,20,31308,4,76,4344,626160,2,1,2025
2757,2025-09-27,Coffee Table,Furniture,East,6,44046,1,180,9210,264276,9,3,2025
2758,2022-12-29,Wardrobe,Furniture,West,1,39172,1,171,5056,39172,12,4,2022
2759,2025-08-30,Office Chair,Furniture,West,13,18799,12,487,4925,244387,8,3,2025
2760,2023-02-20,Dining Table,Furniture,South,8,10280,1,214,7955,82240,2,1,2023
2761,2023-07-28,Office Chair,Furniture,South,20,7900,16,445,6892,158000,7,3,2023
2762,2024-12-02,Sofa,Furniture,North,17,36838,14,73,5523,626246,12,4,2024
2763,2024-01-31,Coffee Table,Furniture,West,11,4437,8,81,9428,48807,1,1,2024
2764,2024-04-16,Bed,Furniture,North,17,17175,13,201,9191,291975,4,2,2024
2765,2023-02-22,Bed,Furniture,North,6,34808,13,391,1773,208848,2,1,2023
2766,2024-08-16,Office Chair,Furniture,South,9,40670,1,300,4670,366030,8,3,2024
2767,2024-08-12,Study Table,Furniture,South,17,35167,17,191,9147,597839,8,3,2024
2768,2022-03-03,Coffee Table,Furniture,North,10,24009,14,123,4831,240090,3,1,2022
2769,2023-01-07,Office Chair,Furniture,East,8,10923,11,212,2120,87384,1,1,2023
2770,2022-05-12,Coffee Table,Furniture,West,5,9582,12,72,2872,47910,5,2,2022
2771,2025-08-04,Coffee Table,Furniture,East,7,34556,5,85,9764,241892,8,3,2025
2772,2025-05-04,Coffee Table,Furniture,West,12,44355,8,336,3161,532260,5,2,2025
2773,2025-06-11,Study Table,Furniture,South,19,28581,19,385,5555,543039,6,2,2025
2774,2023-03-11,Coffee Table,Furniture,West,4,22234,11,116,8940,88936,3,1,2023
2775,2025-11-04,Office Chair,Furniture,North,11,35485,11,457,4922,390335,11,4,2025
2776,2025-12-06,Bookshelf,Furniture,North,4,19404,7,244,7107,77616,12,4,2025
2777,2022-01-29,Bookshelf,Furniture,East,7,45282,5,390,5311,316974,1,1,2022
2778,2023-08-09,Bed,Furniture,East,2,5690,16,493,3982,11380,8,3,2023
2779,2022-06-23,Bed,Furniture,North,6,36656,8,464,1980,219936,6,2,2022
2780,2025-05-06,Sofa,Furniture,East,20,25243,12,394,1129,504860,5,2,2025
2781,2022-08-07,Coffee Table,Furniture,East,20,31799,2,472,8898,635980,8,3,2022
2782,2022-09-09,Sofa,Furniture,North,6,5963,20,197,8080,35778,9,3,2022
2783,2022-10-22,Wardrobe,Furniture,North,3,34417,12,152,7343,103251,10,4,2022
2784,2025-06-30,Sofa,Furniture,West,16,14221,11,214,9467,227536,6,2,2025
2785,2025-08-02,Sofa,Furniture,North,19,27250,17,426,8555,517750,8,3,2025
2786,2025-11-24,Bed,Furniture,East,12,5836,1,95,9153,70032,11,4,2025
2787,2023-07-11,Bookshelf,Furniture,East,17,16332,2,387,3211,277644,7,3,2023
2788,2025-07-16,Dining Table,Furniture,East,14,42589,20,274,1202,596246,7,3,2025
2789,2023-05-04,Coffee Table,Furniture,North,12,25120,4,270,9370,301440,5,2,2023
2790,2024-05-14,Bed,Furniture,East,3,37844,2,297,1146,113532,5,2,2024
2791,2023-12-27,Bookshelf,Furniture,North,2,15640,18,437,7774,31280,12,4,2023
2792,2024-09-30,Coffee Table,Furniture,West,14,21015,2,157,8216,294210,9,3,2024
2793,2022-08-20,Dining Table,Furniture,South,4,9675,18,140,3503,38700,8,3,2022
2794,2025-11-26,Bookshelf,Furniture,South,20,24679,13,104,1447,493580,11,4,2025
2795,2022-07-12,Sofa,Furniture,West,17,4123,3,334,1389,70091,7,3,2022
2796,2023-08-18,Bookshelf,Furniture,South,10,36936,3,479,9713,369360,8,3,2023
2797,2023-08-29,Bookshelf,Furniture,North,14,6045,17,373,9705,84630,8,3,2023
2798,2022-12-18,Study Table,Furniture,West,14,9277,12,153,5131,129878,12,4,2022
2799,2025-10-07,Sofa,Furniture,West,1,12574,8,205,4880,12574,10,4,2025
2800,2022-02-05,Study Table,Furniture,South,16,13282,2,319,7367,212512,2,1,2022
2801,2024-09-11,Coffee Table,Furniture,West,17,10722,18,139,1377,182274,9,3,2024
2802,2025-11-09,Dining Table,Furniture,South,13,49397,1,473,8884,642161,11,4,2025
2803,2024-03-11,Dining Table,Furniture,North,8,25225,7,388,1317,201800,3,1,2024
2804,2023-11-18,Sofa,Furniture,East,8,8374,13,367,1506,66992,11,4,2023
2805,2024-02-22,Bookshelf,Furniture,West,7,10651,15,407,1863,74557,2,1,2024
2806,2023-04-15,Coffee Table,Furniture,West,7,43542,17,99,2965,304794,4,2,2023
2807,2024-12-11,Wardrobe,Furniture,North,19,10608,11,162,9788,201552,12,4,2024
2808,2022-10-10,Bed,Furniture,South,13,33377,4,249,4950,433901,10,4,2022
2809,2025-09-04,Office Chair,Furniture,East,5,20598,7,62,4176,102990,9,3,2025
2810,2024-02-21,Sofa,Furniture,East,7,30741,3,194,5176,215187,2,1,2024
2811,2025-01-02,Coffee Table,Furniture,South,11,10718,5,57,9616,117898,1,1,2025
2812,2022-04-02,Study Table,Furniture,West,15,12913,17,77,1604,193695,4,2,2022
2813,2023-09-13,Study Table,Furniture,North,15,11410,16,488,5596,171150,9,3,2023
2814,2025-09-10,Bed,Furniture,West,15,13441,10,272,5522,201615,9,3,2025
2815,2024-09-13,Bookshelf,Furniture,East,4,40508,8,250,6248,162032,9,3,2024
2816,2024-03-14,Bed,Furniture,West,8,40998,0,456,1227,327984,3,1,2024
2817,2022-09-01,Wardrobe,Furniture,West,17,29109,15,179,6507,494853,9,3,2022
2818,2023-09-23,Dining Table,Furniture,West,20,43552,5,385,8972,871040,9,3,2023
2819,2024-03-29,Bed,Furniture,East,4,30726,5,230,1534,122904,3,1,2024
2820,2023-04-05,Wardrobe,Furniture,South,16,11097,5,174,1010,177552,4,2,2023
2821,2022-09-13,Bookshelf,Furniture,North,18,32703,4,166,2730,588654,9,3,2022
2822,2025-06-15,Bed,Furniture,West,16,4060,18,293,3986,64960,6,2,2025
2823,2024-12-16,Study Table,Furniture,West,18,47850,11,405,3038,861300,12,4,2024
2824,2022-09-21,Wardrobe,Furniture,South,7,7227,10,165,5829,50589,9,3,2022
2825,2025-10-18,Bookshelf,Furniture,East,12,12788,6,101,2985,153456,10,4,2025
2826,2024-01-11,Wardrobe,Furniture,South,6,39337,9,199,4296,236022,1,1,2024
2827,2023-07-21,Study Table,Furniture,North,18,33315,11,484,7157,599670,7,3,2023
2828,2022-07-08,Bookshelf,Furniture,South,6,30211,19,336,5443,181266,7,3,2022
2829,2024-10-02,Office Chair,Furniture,East,14,33862,14,157,5097,474068,10,4,2024
2830,2022-05-25,Bed,Furniture,South,11,49893,15,290,6232,548823,5,2,2022
2831,2024-03-22,Bookshelf,Furniture,East,1,30137,4,349,5233,30137,3,1,2024
2832,2025-06-14,Study Table,Furniture,North,11,15097,14,419,9977,166067,6,2,2025
2833,2023-01-05,Study Table,Furniture,South,17,4486,20,179,7694,76262,1,1,2023
2834,2024-11-24,Study Table,Furniture,West,1,19166,14,398,2207,19166,11,4,2024
2835,2024-06-07,Dining Table,Furniture,East,1,12306,10,259,1316,12306,6,2,2024
2836,2024-11-18,Dining Table,Furniture,West,12,24481,9,465,6894,293772,11,4,2024
2837,2023-03-22,Coffee Table,Furniture,West,6,7310,5,234,3358,43860,3,1,2023
2838,2023-03-04,Wardrobe,Furniture,West,7,45322,12,348,2099,317254,3,1,2023
2839,2024-10-12,Bed,Furniture,East,12,15010,11,139,9588,180120,10,4,2024
2840,2024-10-23,Wardrobe,Furniture,South,4,14244,18,499,1642,56976,10,4,2024
2841,2023-04-08,Bookshelf,Furniture,South,1,30463,12,150,7977,30463,4,2,2023
2842,2025-07-19,Dining Table,Furniture,North,5,16593,11,180,9205,82965,7,3,2025
2843,2022-03-08,Bookshelf,Furniture,North,20,3972,17,99,6195,79440,3,1,2022
2844,2022-05-05,Sofa,Furniture,East,16,11794,4,204,3811,188704,5,2,2022
2845,2025-06-29,Office Chair,Furniture,West,7,22610,20,328,2965,158270,6,2,2025
2846,2025-03-07,Wardrobe,Furniture,West,5,49256,19,415,6032,246280,3,1,2025
2847,2023-07-16,Office Chair,Furniture,West,12,49283,14,343,2849,591396,7,3,2023
2848,2024-09-24,Study Table,Furniture,South,16,26895,5,447,4547,430320,9,3,2024
2849,2022-07-24,Study Table,Furniture,East,7,37172,5,190,2035,260204,7,3,2022
2850,2024-04-09,Sofa,Furniture,West,15,45964,8,174,2990,689460,4,2,2024
2851,2024-09-08,Study Table,Furniture,North,11,17062,8,205,2799,187682,9,3,2024
2852,2024-08-01,Sofa,Furniture,West,7,6357,10,487,5378,44499,8,3,2024
2853,2025-02-26,Study Table,Furniture,East,18,30467,8,200,6011,548406,2,1,2025
2854,2022-04-14,Study Table,Furniture,East,3,16412,5,176,9601,49236,4,2,2022
2855,2023-08-17,Wardrobe,Furniture,West,18,48127,18,251,1595,866286,8,3,2023
2856,2024-07-05,Bed,Furniture,South,7,41757,4,168,5411,292299,7,3,2024
2857,2025-12-18,Office Chair,Furniture,North,19,7636,14,139,6696,145084,12,4,2025
2858,2025-10-23,Dining Table,Furniture,South,10,15790,19,431,4662,157900,10,4,2025
2859,2024-11-25,Bookshelf,Furniture,West,7,34009,1,147,9986,238063,11,4,2024
2860,2022-03-10,Sofa,Furniture,South,10,44162,5,465,2967,441620,3,1,2022
2861,2024-03-04,Dining Table,Furniture,North,4,29348,7,173,8048,117392,3,1,2024
2862,2025-08-31,Sofa,Furniture,North,2,46018,18,193,4539,92036,8,3,2025
2863,2025-11-15,Bookshelf,Furniture,West,9,26717,2,140,4604,240453,11,4,2025
2864,2024-11-24,Dining Table,Furniture,South,1,11256,17,378,3603,11256,11,4,2024
2865,2024-01-24,Study Table,Furniture,West,7,20736,0,428,3806,145152,1,1,2024
2866,2023-01-09,Dining Table,Furniture,North,9,14454,1,459,3699,130086,1,1,2023
2867,2022-02-05,Office Chair,Furniture,North,17,14795,0,282,7581,251515,2,1,2022
2868,2024-08-14,Bed,Furniture,West,6,3971,4,454,4261,23826,8,3,2024
2869,2025-06-10,Office Chair,Furniture,East,13,43457,8,272,6896,564941,6,2,2025
2870,2022-06-07,Wardrobe,Furniture,West,12,38684,18,135,1584,464208,6,2,2022
2871,2023-10-11,Study Table,Furniture,North,13,16652,8,235,3709,216476,10,4,2023
2872,2025-12-05,Bookshelf,Furniture,West,19,35403,6,306,8472,672657,12,4,2025
2873,2022-03-08,Coffee Table,Furniture,West,6,45552,17,208,2544,273312,3,1,2022
2874,2022-07-02,Wardrobe,Furniture,East,11,32576,0,228,2249,358336,7,3,2022
2875,2022-09-08,Dining Table,Furniture,South,11,22492,10,396,7116,247412,9,3,2022
2876,2024-02-12,Study Table,Furniture,North,17,18864,0,416,1023,320688,2,1,2024
2877,2025-04-02,Coffee Table,Furniture,South,10,33631,14,74,8079,336310,4,2,2025
2878,2024-12-01,Sofa,Furniture,North,10,48076,19,107,6038,480760,12,4,2024
2879,2025-06-04,Wardrobe,Furniture,South,18,13743,2,191,7309,247374,6,2,2025
2880,2025-12-13,Study Table,Furniture,West,12,40769,4,416,1985,489228,12,4,2025
2881,2024-10-06,Sofa,Furniture,West,11,49813,8,177,1795,547943,10,4,2024
2882,2025-06-29,Bed,Furniture,South,20,21474,17,138,5400,429480,6,2,2025
2883,2025-08-22,Wardrobe,Furniture,North,8,46117,15,384,8188,368936,8,3,2025
2884,2023-12-11,Wardrobe,Furniture,North,6,44438,12,322,5380,266628,12,4,2023
2885,2025-10-12,Coffee Table,Furniture,East,16,29739,4,94,4348,475824,10,4,2025
2886,2022-06-15,Office Chair,Furniture,West,5,21690,18,59,2697,108450,6,2,2022
2887,2023-12-31,Bookshelf,Furniture,North,7,21979,16,298,6307,153853,12,4,2023
2888,2024-11-16,Bookshelf,Furniture,West,3,18250,1,230,1077,54750,11,4,2024
2889,2023-09-18,Wardrobe,Furniture,North,2,40983,12,202,1229,81966,9,3,2023
2890,2023-04-08,Dining Table,Furniture,East,12,19082,2,140,1831,228984,4,2,2023
2891,2023-06-25,Wardrobe,Furniture,West,7,25160,10,377,1231,176120,6,2,2023
2892,2023-02-03,Dining Table,Furniture,South,12,49636,5,391,5227,595632,2,1,2023
2893,2022-10-08,Coffee Table,Furniture,North,17,37291,7,167,7744,633947,10,4,2022
2894,2022-03-20,Office Chair,Furniture,East,17,24967,13,473,9067,424439,3,1,2022
2895,2025-02-10,Dining Table,Furniture,West,12,25151,11,254,8623,301812,2,1,2025
2896,2024-03-25,Study Table,Furniture,West,18,48939,11,250,4181,880902,3,1,2024
2897,2025-02-25,Wardrobe,Furniture,West,16,23401,14,282,8494,374416,2,1,2025
2898,2025-11-17,Office Chair,Furniture,South,5,32698,11,98,7717,163490,11,4,2025
2899,2023-12-05,Office Chair,Furniture,West,2,30858,1,286,8365,61716,12,4,2023
2900,2022-01-18,Study Table,Furniture,South,8,38987,3,499,1478,311896,1,1,2022
2901,2023-07-03,Coffee Table,Furniture,West,2,17729,13,313,2374,35458,7,3,2023
2902,2023-05-25,Sofa,Furniture,North,5,42541,13,370,6783,212705,5,2,2023
2903,2023-11-25,Dining Table,Furniture,North,9,30993,1,453,3747,278937,11,4,2023
2904,2023-03-11,Bookshelf,Furniture,North,3,41227,12,116,2058,123681,3,1,2023
2905,2023-06-19,Study Table,Furniture,East,15,39442,11,414,6443,591630,6,2,2023
2906,2023-05-15,Sofa,Furniture,East,13,42188,5,334,5497,548444,5,2,2023
2907,2025-06-11,Bed,Furniture,West,9,15566,0,415,2928,140094,6,2,2025
2908,2024-07-25,Coffee Table,Furniture,North,4,8513,8,313,7045,34052,7,3,2024
2909,2024-10-18,Coffee Table,Furniture,West,19,43977,6,140,7310,835563,10,4,2024
2910,2022-05-06,Bookshelf,Furniture,South,4,14371,20,467,5005,57484,5,2,2022
2911,2022-05-29,Study Table,Furniture,East,1,41217,20,177,9667,41217,5,2,2022
2912,2023-06-16,Coffee Table,Furniture,West,19,7724,7,379,7591,146756,6,2,2023
2913,2023-09-11,Office Chair,Furniture,East,3,19688,20,235,6088,59064,9,3,2023
2914,2022-01-26,Coffee Table,Furniture,South,12,3541,13,163,8172,42492,1,1,2022
2915,2023-11-10,Coffee Table,Furniture,West,18,48667,10,399,3872,876006,11,4,2023
2916,2025-01-30,Office Chair,Furniture,West,20,12673,20,343,5762,253460,1,1,2025
2917,2025-04-19,Bed,Furniture,South,9,28128,9,387,5163,253152,4,2,2025
2918,2024-08-21,Study Table,Furniture,South,9,13962,0,153,9687,125658,8,3,2024
2919,2024-02-26,Study Table,Furniture,North,3,21887,17,265,8294,65661,2,1,2024
2920,2023-09-28,Dining Table,Furniture,North,16,19062,19,164,8402,304992,9,3,2023
2921,2022-12-19,Sofa,Furniture,East,4,23449,7,280,9669,93796,12,4,2022
2922,2023-03-23,Bookshelf,Furniture,South,6,11334,12,391,5686,68004,3,1,2023
2923,2024-01-25,Study Table,Furniture,West,1,26581,6,293,6158,26581,1,1,2024
2924,2022-08-13,Dining Table,Furniture,North,15,6680,11,113,7793,100200,8,3,2022
2925,2023-09-30,Sofa,Furniture,West,19,49972,5,389,3218,949468,9,3,2023
2926,2022-02-04,Bed,Furniture,West,5,19383,8,102,8422,96915,2,1,2022
2927,2024-11-14,Bookshelf,Furniture,North,19,40575,9,153,5408,770925,11,4,2024
2928,2025-02-16,Sofa,Furniture,South,13,49880,6,289,4103,648440,2,1,2025
2929,2022-11-26,Dining Table,Furniture,North,5,47824,8,244,8406,239120,11,4,2022
2930,2023-05-14,Bed,Furniture,East,12,39565,16,486,9874,474780,5,2,2023
2931,2022-08-05,Sofa,Furniture,South,12,19623,2,257,7602,235476,8,3,2022
2932,2023-12-07,Wardrobe,Furniture,East,7,23464,20,293,7718,164248,12,4,2023
2933,2024-09-20,Office Chair,Furniture,South,19,21786,17,409,2521,413934,9,3,2024
2934,2025-10-26,Wardrobe,Furniture,West,12,7893,17,329,4538,94716,10,4,2025
2935,2024-09-09,Wardrobe,Furniture,East,3,24002,13,307,1941,72006,9,3,2024
2936,2024-04-26,Dining Table,Furniture,South,12,37675,4,340,3101,452100,4,2,2024
2937,2022-08-03,Dining Table,Furniture,South,13,43922,2,332,4188,570986,8,3,2022
2938,2024-09-12,Bed,Furniture,South,13,33164,15,282,5274,431132,9,3,2024
2939,2024-11-04,Bed,Furniture,East,11,23520,17,231,1304,258720,11,4,2024
2940,2022-10-04,Office Chair,Furniture,North,14,12053,1,487,1861,168742,10,4,2022
2941,2023-08-28,Bed,Furniture,North,9,19615,2,224,8129,176535,8,3,2023
2942,2025-02-17,Dining Table,Furniture,East,10,23911,13,432,6978,239110,2,1,2025
2943,2022-06-30,Coffee Table,Furniture,South,2,27905,11,246,3699,55810,6,2,2022
2944,2023-10-22,Bookshelf,Furniture,West,16,44349,16,267,9049,709584,10,4,2023
2945,2023-08-19,Sofa,Furniture,East,6,38836,18,59,7440,233016,8,3,2023
2946,2025-10-12,Coffee Table,Furniture,West,7,35303,17,297,4374,247121,10,4,2025
2947,2025-05-05,Dining Table,Furniture,South,11,41174,12,497,9542,452914,5,2,2025
2948,2023-07-29,Dining Table,Furniture,East,11,29217,3,470,6604,321387,7,3,2023
2949,2022-11-02,Sofa,Furniture,North,10,14440,17,210,5473,144400,11,4,2022
2950,2022-03-04,Coffee Table,Furniture,East,6,13621,11,343,5990,81726,3,1,2022
2951,2023-09-15,Sofa,Furniture,North,19,33925,13,103,8438,644575,9,3,2023
2952,2025-06-09,Dining Table,Furniture,South,12,19019,14,131,2059,228228,6,2,2025
2953,2022-06-01,Study Table,Furniture,South,4,18689,8,283,9487,74756,6,2,2022
2954,2023-12-30,Office Chair,Furniture,North,18,5173,0,204,8046,93114,12,4,2023
2955,2025-05-30,Sofa,Furniture,North,19,3871,18,276,4856,73549,5,2,2025
2956,2024-02-01,Coffee Table,Furniture,North,5,34856,9,388,5578,174280,2,1,2024
2957,2022-03-06,Sofa,Furniture,South,17,2788,16,231,8359,47396,3,1,2022
2958,2022-01-15,Coffee Table,Furniture,East,13,34157,7,156,2826,444041,1,1,2022
2959,2023-10-06,Office Chair,Furniture,East,14,30859,18,371,8902,432026,10,4,2023
2960,2025-01-09,Dining Table,Furniture,East,1,6599,17,491,2095,6599,1,1,2025
2961,2022-10-03,Coffee Table,Furniture,East,13,7155,5,332,9236,93015,10,4,2022
2962,2022-12-29,Study Table,Furniture,West,10,26650,5,163,1247,266500,12,4,2022
2963,2022-04-16,Office Chair,Furniture,West,3,42396,5,446,6953,127188,4,2,2022
2964,2023-10-26,Office Chair,Furniture,West,5,24399,10,262,1755,121995,10,4,2023
2965,2025-04-28,Study Table,Furniture,South,18,31213,13,172,4154,561834,4,2,2025
2966,2024-08-22,Dining Table,Furniture,South,10,33560,16,170,6763,335600,8,3,2024
2967,2022-06-20,Wardrobe,Furniture,East,10,38664,15,128,3803,386640,6,2,2022
2968,2023-06-17,Office Chair,Furniture,North,20,19406,15,81,2406,388120,6,2,2023
2969,2022-05-17,Dining Table,Furniture,North,16,18497,6,66,3638,295952,5,2,2022
2970,2024-03-16,Dining Table,Furniture,South,12,33886,6,237,4821,406632,3,1,2024
2971,2025-04-22,Office Chair,Furniture,East,20,7226,12,400,4263,144520,4,2,2025
2972,2025-03-09,Bookshelf,Furniture,East,13,30469,14,132,9059,396097,3,1,2025
2973,2024-05-25,Sofa,Furniture,North,17,35801,14,410,1107,608617,5,2,2024
2974,2024-05-16,Dining Table,Furniture,North,7,39921,0,310,6699,279447,5,2,2024
2975,2024-05-01,Bed,Furniture,East,15,36086,4,204,5049,541290,5,2,2024
2976,2022-07-06,Coffee Table,Furniture,East,10,14540,1,496,8518,145400,7,3,2022
2977,2023-04-09,Sofa,Furniture,West,4,16863,0,189,4642,67452,4,2,2023
2978,2022-06-26,Bookshelf,Furniture,East,18,26489,8,169,1377,476802,6,2,2022
2979,2025-02-19,Bookshelf,Furniture,West,10,22780,18,494,9288,227800,2,1,2025
2980,2022-12-02,Sofa,Furniture,West,1,12769,16,500,9860,12769,12,4,2022
2981,2023-03-29,Dining Table,Furniture,North,11,45244,2,206,3821,497684,3,1,2023
2982,2025-11-20,Study Table,Furniture,North,14,38599,16,83,8158,540386,11,4,2025
2983,2025-01-26,Office Chair,Furniture,North,4,49188,18,234,7224,196752,1,1,2025
2984,2024-04-09,Bed,Furniture,North,16,28468,16,244,1937,455488,4,2,2024
2985,2022-04-15,Bookshelf,Furniture,East,4,4326,11,114,2894,17304,4,2,2022
2986,2023-08-04,Bed,Furniture,West,14,47959,2,56,6945,671426,8,3,2023
2987,2025-05-08,Coffee Table,Furniture,East,18,18062,12,429,9273,325116,5,2,2025
2988,2023-12-27,Study Table,Furniture,East,5,10088,17,365,1590,50440,12,4,2023
2989,2024-03-28,Sofa,Furniture,West,20,26518,3,376,1963,530360,3,1,2024
2990,2023-11-03,Coffee Table,Furniture,South,7,10429,7,381,9815,73003,11,4,2023
2991,2025-05-24,Study Table,Furniture,East,4,35940,7,241,7330,143760,5,2,2025
2992,2023-02-01,Office Chair,Furniture,West,2,47617,9,451,8254,95234,2,1,2023
2993,2022-04-28,Coffee Table,Furniture,North,13,4721,18,139,1350,61373,4,2,2022
2994,2025-04-25,Coffee Table,Furniture,East,9,38159,5,106,6298,343431,4,2,2025
2995,2025-11-29,Study Table,Furniture,North,8,3108,8,303,3090,24864,11,4,2025
2996,2023-03-17,Office Chair,Furniture,South,17,17474,14,428,5914,297058,3,1,2023
2997,2024-01-24,Dining Table,Furniture,West,7,36140,14,476,9893,252980,1,1,2024
2998,2024-12-10,Sofa,Furniture,North,11,13932,18,136,5830,153252,12,4,2024
2999,2022-05-25,Office Chair,Furniture,East,11,40081,11,374,6777,440891,5,2,2022
3000,2022-09-08,Coffee Table,Furniture,North,8,39947,4,385,7707,319576,9,3,2022
3001,2023-02-04,Wardrobe,Furniture,East,6,40571,2,446,8377,243426,2,1,2023
3002,2024-01-31,Dining Table,Furniture,North,2,32467,1,273,5854,64934,1,1,2024
3003,2022-01-12,Coffee Table,Furniture,West,14,36374,3,273,2211,509236,1,1,2022
3004,2022-06-09,Wardrobe,Furniture,North,9,7264,10,187,5398,65376,6,2,2022
3005,2025-12-11,Dining Table,Furniture,West,17,15542,19,265,2142,264214,12,4,2025
3006,2022-07-15,Wardrobe,Furniture,West,14,41834,13,161,7353,585676,7,3,2022
3007,2024-10-30,Study Table,Furniture,South,15,49668,2,272,2196,745020,10,4,2024
3008,2022-02-22,Sofa,Furniture,East,18,49422,6,332,4121,889596,2,1,2022
3009,2024-11-21,Dining Table,Furniture,West,14,26673,13,287,9854,373422,11,4,2024
3010,2025-10-24,Bed,Furniture,South,7,25475,13,72,5991,178325,10,4,2025
3011,2023-08-11,Bookshelf,Furniture,East,18,26648,18,366,8709,479664,8,3,2023
3012,2023-08-02,Coffee Table,Furniture,North,6,5035,13,177,1560,30210,8,3,2023
3013,2025-07-22,Office Chair,Furniture,East,11,25900,7,442,3642,284900,7,3,2025
3014,2022-01-05,Sofa,Furniture,South,4,19658,17,486,5829,78632,1,1,2022
3015,2023-03-03,Dining Table,Furniture,North,5,7592,4,169,5658,37960,3,1,2023
3016,2023-01-02,Bookshelf,Furniture,South,6,44421,18,94,3453,266526,1,1,2023
3017,2025-10-22,Coffee Table,Furniture,South,3,34718,6,343,8726,104154,10,4,2025
3018,2025-09-14,Sofa,Furniture,North,18,42593,14,244,9185,766674,9,3,2025
3019,2024-02-06,Coffee Table,Furniture,South,12,23636,5,295,3171,283632,2,1,2024
3020,2024-02-12,Bookshelf,Furniture,West,12,2289,16,101,2377,27468,2,1,2024
3021,2023-09-13,Office Chair,Furniture,North,1,33691,1,212,2100,33691,9,3,2023
3022,2024-09-18,Wardrobe,Furniture,West,20,44143,18,114,9294,882860,9,3,2024
3023,2025-01-15,Wardrobe,Furniture,East,17,12665,7,190,6990,215305,1,1,2025
3024,2022-01-24,Sofa,Furniture,North,6,43785,13,102,2331,262710,1,1,2022
3025,2023-05-25,Bookshelf,Furniture,North,7,49049,2,79,2067,343343,5,2,2023
3026,2024-05-11,Coffee Table,Furniture,North,20,28477,3,350,4116,569540,5,2,2024
3027,2022-08-01,Coffee Table,Furniture,North,6,10247,11,393,3432,61482,8,3,2022
3028,2023-08-03,Coffee Table,Furniture,South,16,46790,5,492,2307,748640,8,3,2023
3029,2025-03-28,Bed,Furniture,North,10,13720,13,387,8788,137200,3,1,2025
3030,2025-12-19,Dining Table,Furniture,South,3,46104,6,243,9640,138312,12,4,2025
3031,2025-09-19,Dining Table,Furniture,South,17,22140,9,472,2665,376380,9,3,2025
3032,2025-08-24,Bed,Furniture,South,8,35660,8,459,4418,285280,8,3,2025
3033,2025-02-08,Bookshelf,Furniture,North,11,31552,11,253,3967,347072,2,1,2025
3034,2022-06-30,Wardrobe,Furniture,West,5,46656,9,129,1599,233280,6,2,2022
3035,2023-05-03,Dining Table,Furniture,South,8,21732,5,163,5504,173856,5,2,2023
3036,2024-09-06,Coffee Table,Furniture,South,19,35506,2,112,6220,674614,9,3,2024
3037,2022-05-26,Office Chair,Furniture,West,8,5847,16,88,3032,46776,5,2,2022
3038,2024-12-31,Coffee Table,Furniture,East,14,12741,9,462,9426,178374,12,4,2024
3039,2025-11-22,Office Chair,Furniture,East,2,13484,7,263,3942,26968,11,4,2025
3040,2025-08-02,Bookshelf,Furniture,North,1,41338,6,134,4719,41338,8,3,2025
3041,2025-05-09,Study Table,Furniture,West,10,39449,16,489,9089,394490,5,2,2025
3042,2023-09-29,Coffee Table,Furniture,North,14,27847,11,237,8094,389858,9,3,2023
3043,2025-05-18,Dining Table,Furniture,North,16,45761,14,99,7013,732176,5,2,2025
3044,2025-10-24,Office Chair,Furniture,South,7,19777,12,142,2043,138439,10,4,2025
3045,2024-09-17,Study Table,Furniture,South,12,4219,2,135,8192,50628,9,3,2024
3046,2023-09-26,Dining Table,Furniture,East,4,7262,16,245,2635,29048,9,3,2023
3047,2022-04-21,Study Table,Furniture,North,10,37437,15,397,5926,374370,4,2,2022
3048,2023-07-14,Dining Table,Furniture,North,10,4950,18,120,8696,49500,7,3,2023
3049,2025-06-30,Bed,Furniture,West,7,49993,20,201,3772,349951,6,2,2025
3050,2025-08-07,Bookshelf,Furniture,South,3,25327,11,452,8669,75981,8,3,2025
3051,2023-06-18,Wardrobe,Furniture,West,19,49913,9,105,3102,948347,6,2,2023
3052,2025-01-28,Coffee Table,Furniture,North,11,10809,14,233,8927,118899,1,1,2025
3053,2024-08-15,Wardrobe,Furniture,South,14,44022,15,372,5790,616308,8,3,2024
3054,2025-06-15,Study Table,Furniture,West,15,11848,19,371,9213,177720,6,2,2025
3055,2024-11-29,Study Table,Furniture,North,13,44105,12,470,8212,573365,11,4,2024
3056,2025-06-10,Wardrobe,Furniture,South,8,7205,2,320,5045,57640,6,2,2025
3057,2024-10-15,Bookshelf,Furniture,North,12,7269,14,410,1167,87228,10,4,2024
3058,2022-03-17,Bookshelf,Furniture,East,1,13967,18,198,2929,13967,3,1,2022
3059,2024-01-07,Bed,Furniture,South,6,34545,16,195,9459,207270,1,1,2024
3060,2025-07-27,Office Chair,Furniture,West,5,15009,7,228,2726,75045,7,3,2025
3061,2025-04-28,Study Table,Furniture,North,10,49985,19,170,9100,499850,4,2,2025
3062,2022-12-26,Bookshelf,Furniture,South,12,16326,7,377,8959,195912,12,4,2022
3063,2022-01-03,Office Chair,Furniture,South,7,27375,19,287,4700,191625,1,1,2022
3064,2025-10-21,Office Chair,Furniture,South,16,43173,18,171,5862,690768,10,4,2025
3065,2022-12-25,Wardrobe,Furniture,North,10,4476,14,179,4591,44760,12,4,2022
3066,2022-08-28,Bed,Furniture,South,11,19916,11,65,8924,219076,8,3,2022
3067,2024-03-01,Bookshelf,Furniture,East,19,31046,0,393,8622,589874,3,1,2024
3068,2023-07-23,Dining Table,Furniture,East,13,12527,8,213,6527,162851,7,3,2023
3069,2023-11-11,Bookshelf,Furniture,West,13,40331,16,371,5747,524303,11,4,2023
3070,2023-10-13,Dining Table,Furniture,East,7,37401,17,239,3910,261807,10,4,2023
3071,2025-11-12,Study Table,Furniture,South,13,34135,18,497,4913,443755,11,4,2025
3072,2022-09-12,Office Chair,Furniture,North,2,29025,18,400,7838,58050,9,3,2022
3073,2025-03-30,Sofa,Furniture,East,10,25544,13,290,8105,255440,3,1,2025
3074,2025-03-11,Sofa,Furniture,North,17,21695,2,337,2444,368815,3,1,2025
3075,2022-11-08,Study Table,Furniture,North,3,32140,20,382,5735,96420,11,4,2022
3076,2025-12-21,Wardrobe,Furniture,North,1,34214,14,108,7321,34214,12,4,2025
3077,2025-03-02,Dining Table,Furniture,West,12,26069,11,56,1480,312828,3,1,2025
3078,2023-11-21,Coffee Table,Furniture,West,15,24642,16,110,3651,369630,11,4,2023
3079,2025-10-14,Sofa,Furniture,South,6,34146,0,264,6901,204876,10,4,2025
3080,2025-10-23,Coffee Table,Furniture,East,18,33483,1,127,8305,602694,10,4,2025
3081,2024-07-18,Wardrobe,Furniture,North,15,31357,10,246,1055,470355,7,3,2024
3082,2025-11-24,Coffee Table,Furniture,East,14,43070,12,383,9519,602980,11,4,2025
3083,2024-04-12,Bed,Furniture,West,20,31618,4,304,4173,632360,4,2,2024
3084,2023-01-15,Dining Table,Furniture,North,1,45700,14,288,6831,45700,1,1,2023
3085,2022-11-29,Bed,Furniture,North,20,27822,1,205,9631,556440,11,4,2022
3086,2023-12-18,Office Chair,Furniture,South,8,15546,4,227,6163,124368,12,4,2023
3087,2022-06-02,Coffee Table,Furniture,North,2,7295,20,364,7125,14590,6,2,2022
3088,2024-11-29,Bed,Furniture,East,3,14225,15,373,4891,42675,11,4,2024
3089,2023-07-05,Wardrobe,Furniture,South,2,44448,11,369,2464,88896,7,3,2023
3090,2023-11-14,Bookshelf,Furniture,South,4,25568,8,115,3630,102272,11,4,2023
3091,2024-04-28,Wardrobe,Furniture,North,18,9657,16,233,2324,173826,4,2,2024
3092,2024-11-02,Sofa,Furniture,East,10,10872,10,159,2346,108720,11,4,2024
3093,2023-06-23,Study Table,Furniture,West,20,27782,5,305,8142,555640,6,2,2023
3094,2023-09-29,Sofa,Furniture,South,14,20184,12,238,7837,282576,9,3,2023
3095,2022-03-08,Sofa,Furniture,East,5,39272,1,213,1546,196360,3,1,2022
3096,2025-12-12,Dining Table,Furniture,East,7,31037,11,114,4501,217259,12,4,2025
3097,2023-08-10,Bookshelf,Furniture,South,16,3518,18,423,6420,56288,8,3,2023
3098,2025-02-12,Bed,Furniture,North,7,34240,7,173,9609,239680,2,1,2025
3099,2022-10-03,Dining Table,Furniture,South,17,17262,7,271,4801,293454,10,4,2022
3100,2025-10-02,Office Chair,Furniture,East,7,8118,1,345,5655,56826,10,4,2025
3101,2024-12-07,Wardrobe,Furniture,North,18,38066,4,201,5063,685188,12,4,2024
3102,2022-12-16,Study Table,Furniture,West,12,44700,19,237,8882,536400,12,4,2022
3103,2024-09-05,Office Chair,Furniture,West,17,8591,10,438,8058,146047,9,3,2024
3104,2022-10-01,Sofa,Furniture,North,12,23236,3,469,7064,278832,10,4,2022
3105,2023-03-11,Dining Table,Furniture,North,5,36647,18,498,1208,183235,3,1,2023
3106,2025-01-09,Coffee Table,Furniture,North,16,28375,20,66,9153,454000,1,1,2025
3107,2022-09-06,Wardrobe,Furniture,North,11,6511,15,205,3661,71621,9,3,2022
3108,2022-07-08,Sofa,Furniture,West,9,3683,7,325,7719,33147,7,3,2022
3109,2024-05-13,Dining Table,Furniture,South,12,19884,1,107,2726,238608,5,2,2024
3110,2023-03-03,Office Chair,Furniture,North,19,11840,18,221,2406,224960,3,1,2023
3111,2025-04-30,Bed,Furniture,West,13,30128,16,345,1052,391664,4,2,2025
3112,2022-07-08,Sofa,Furniture,South,20,19490,15,389,2197,389800,7,3,2022
3113,2023-01-06,Coffee Table,Furniture,West,9,49242,17,224,9333,443178,1,1,2023
3114,2023-10-09,Dining Table,Furniture,West,7,13109,3,74,1136,91763,10,4,2023
3115,2024-01-31,Dining Table,Furniture,West,6,10859,5,429,1769,65154,1,1,2024
3116,2023-01-06,Coffee Table,Furniture,South,5,9511,5,134,9234,47555,1,1,2023
3117,2024-04-09,Sofa,Furniture,East,6,12135,11,493,7278,72810,4,2,2024
3118,2024-03-11,Dining Table,Furniture,South,20,29550,6,387,6056,591000,3,1,2024
3119,2022-08-16,Wardrobe,Furniture,West,9,5645,5,174,7088,50805,8,3,2022
3120,2024-04-22,Sofa,Furniture,South,8,18308,0,419,9334,146464,4,2,2024
3121,2023-05-14,Dining Table,Furniture,East,3,11576,4,227,3764,34728,5,2,2023
3122,2025-12-15,Study Table,Furniture,East,11,43059,15,66,6568,473649,12,4,2025
3123,2023-11-19,Wardrobe,Furniture,East,5,11901,12,175,9819,59505,11,4,2023
3124,2024-05-07,Office Chair,Furniture,South,15,37069,19,493,2736,556035,5,2,2024
3125,2023-01-17,Bookshelf,Furniture,North,2,4144,6,325,4015,8288,1,1,2023
3126,2025-07-07,Study Table,Furniture,West,15,32218,13,372,1377,483270,7,3,2025
3127,2023-11-19,Coffee Table,Furniture,North,7,37002,1,387,7713,259014,11,4,2023
3128,2025-09-28,Sofa,Furniture,West,15,24272,18,69,1447,364080,9,3,2025
3129,2025-06-21,Wardrobe,Furniture,South,15,45888,9,125,5703,688320,6,2,2025
3130,2023-02-20,Coffee Table,Furniture,West,7,46664,11,257,4785,326648,2,1,2023
3131,2024-09-26,Bed,Furniture,South,8,2614,19,150,5284,20912,9,3,2024
3132,2023-03-22,Study Table,Furniture,South,3,4669,7,439,2305,14007,3,1,2023
3133,2023-12-18,Bookshelf,Furniture,South,18,46213,14,274,1916,831834,12,4,2023
3134,2023-06-28,Bookshelf,Furniture,East,17,19420,7,100,4750,330140,6,2,2023
3135,2025-08-07,Study Table,Furniture,North,1,31073,7,64,4085,31073,8,3,2025
3136,2023-11-07,Wardrobe,Furniture,North,19,44433,16,215,6080,844227,11,4,2023
3137,2025-08-24,Sofa,Furniture,West,20,29510,11,293,8777,590200,8,3,2025
3138,2022-07-23,Office Chair,Furniture,North,5,25969,20,70,9768,129845,7,3,2022
3139,2023-11-17,Study Table,Furniture,North,14,33025,18,378,4091,462350,11,4,2023
3140,2022-05-24,Coffee Table,Furniture,East,17,11622,6,474,5717,197574,5,2,2022
3141,2024-08-09,Bookshelf,Furniture,South,4,3914,8,208,4713,15656,8,3,2024
3142,2025-01-14,Wardrobe,Furniture,East,17,36138,18,338,6972,614346,1,1,2025
3143,2024-10-23,Study Table,Furniture,West,12,29695,20,180,4829,356340,10,4,2024
3144,2025-10-29,Bookshelf,Furniture,South,8,49636,9,320,9613,397088,10,4,2025
3145,2025-07-18,Sofa,Furniture,South,20,25763,9,229,4412,515260,7,3,2025
3146,2024-11-09,Study Table,Furniture,North,1,16119,11,488,4144,16119,11,4,2024
3147,2025-12-02,Sofa,Furniture,East,20,36850,10,72,7713,737000,12,4,2025
3148,2024-07-14,Study Table,Furniture,East,3,5943,1,437,8433,17829,7,3,2024
3149,2023-05-21,Dining Table,Furniture,East,4,39947,10,96,8626,159788,5,2,2023
3150,2024-08-28,Coffee Table,Furniture,East,12,16104,17,430,8313,193248,8,3,2024
3151,2023-02-02,Wardrobe,Furniture,North,4,25128,6,53,2182,100512,2,1,2023
3152,2024-08-28,Dining Table,Furniture,South,10,7201,17,160,1222,72010,8,3,2024
3153,2023-04-28,Study Table,Furniture,North,3,28646,13,141,7582,85938,4,2,2023
3154,2024-12-30,Dining Table,Furniture,South,12,17967,9,129,2587,215604,12,4,2024
3155,2024-02-05,Bookshelf,Furniture,South,4,14280,14,234,8651,57120,2,1,2024
3156,2024-07-12,Sofa,Furniture,South,1,4118,9,175,9396,4118,7,3,2024
3157,2023-04-03,Sofa,Furniture,South,9,9550,6,265,8108,85950,4,2,2023
3158,2022-02-25,Dining Table,Furniture,South,16,8549,7,80,3582,136784,2,1,2022
3159,2023-11-23,Bed,Furniture,North,20,6602,4,405,3766,132040,11,4,2023
3160,2024-10-24,Coffee Table,Furniture,West,6,49520,5,69,7964,297120,10,4,2024
3161,2025-05-15,Wardrobe,Furniture,South,14,32294,10,450,8424,452116,5,2,2025
3162,2022-04-21,Coffee Table,Furniture,West,14,8362,19,461,9466,117068,4,2,2022
3163,2024-03-24,Study Table,Furniture,South,5,28388,11,113,4756,141940,3,1,2024
3164,2025-11-13,Bed,Furniture,West,14,19758,9,462,2242,276612,11,4,2025
3165,2022-02-14,Coffee Table,Furniture,East,12,22648,1,63,7279,271776,2,1,2022
3166,2025-05-16,Bookshelf,Furniture,West,13,45816,5,141,2159,595608,5,2,2025
3167,2024-10-17,Dining Table,Furniture,East,17,29674,10,97,5450,504458,10,4,2024
3168,2023-09-28,Office Chair,Furniture,East,13,12962,14,128,2792,168506,9,3,2023
3169,2022-11-02,Sofa,Furniture,East,6,17515,2,432,3981,105090,11,4,2022
3170,2022-03-13,Bed,Furniture,South,18,45057,10,312,1257,811026,3,1,2022
3171,2023-12-07,Bookshelf,Furniture,North,4,27609,12,102,2289,110436,12,4,2023
3172,2025-05-20,Coffee Table,Furniture,South,15,6114,1,463,5671,91710,5,2,2025
3173,2025-01-14,Office Chair,Furniture,South,13,21699,15,263,2435,282087,1,1,2025
3174,2025-03-08,Dining Table,Furniture,South,6,9702,18,335,6407,58212,3,1,2025
3175,2022-12-23,Office Chair,Furniture,South,7,43507,1,401,6755,304549,12,4,2022
3176,2023-01-07,Study Table,Furniture,South,11,49629,11,332,3101,545919,1,1,2023
3177,2022-04-26,Wardrobe,Furniture,West,8,38123,10,478,8546,304984,4,2,2022
3178,2023-03-27,Coffee Table,Furniture,South,18,32094,1,330,3279,577692,3,1,2023
3179,2025-03-15,Bed,Furniture,East,4,18655,12,318,8519,74620,3,1,2025
3180,2025-10-08,Coffee Table,Furniture,East,3,36645,5,435,9130,109935,10,4,2025
3181,2024-04-11,Bed,Furniture,East,3,10056,14,429,7256,30168,4,2,2024
3182,2024-10-14,Coffee Table,Furniture,South,10,27108,2,493,3910,271080,10,4,2024
3183,2024-12-01,Dining Table,Furniture,South,2,28662,20,156,2359,57324,12,4,2024
3184,2023-11-03,Coffee Table,Furniture,North,20,30410,17,329,1399,608200,11,4,2023
3185,2022-07-29,Bed,Furniture,South,5,21145,20,441,1666,105725,7,3,2022
3186,2025-04-04,Coffee Table,Furniture,East,19,14583,9,80,1862,277077,4,2,2025
3187,2024-08-03,Office Chair,Furniture,North,20,31644,13,243,3469,632880,8,3,2024
3188,2025-05-09,Dining Table,Furniture,West,12,5274,6,348,9631,63288,5,2,2025
3189,2023-01-29,Sofa,Furniture,West,4,16520,16,264,5359,66080,1,1,2023
3190,2023-10-03,Wardrobe,Furniture,North,19,17613,6,328,7397,334647,10,4,2023
3191,2025-05-24,Dining Table,Furniture,East,14,46724,13,464,4911,654136,5,2,2025
3192,2025-05-10,Bookshelf,Furniture,South,18,26786,13,230,9376,482148,5,2,2025
3193,2023-07-21,Bed,Furniture,North,20,42963,11,295,8341,859260,7,3,2023
3194,2025-05-26,Study Table,Furniture,West,13,44966,19,269,9000,584558,5,2,2025
3195,2023-11-05,Office Chair,Furniture,South,19,16468,4,127,6604,312892,11,4,2023
3196,2023-06-24,Office Chair,Furniture,West,9,6436,7,302,9317,57924,6,2,2023
3197,2023-09-03,Study Table,Furniture,East,18,29739,17,152,8897,535302,9,3,2023
3198,2025-09-07,Coffee Table,Furniture,West,5,10549,14,149,4982,52745,9,3,2025
3199,2023-11-07,Study Table,Furniture,East,7,49625,3,225,5392,347375,11,4,2023
3200,2025-09-04,Bookshelf,Furniture,North,6,21942,1,218,4584,131652,9,3,2025
3201,2022-04-12,Bookshelf,Furniture,South,7,41857,18,365,7183,292999,4,2,2022
3202,2025-02-17,Coffee Table,Furniture,North,16,23001,4,59,2750,368016,2,1,2025
3203,2024-10-06,Sofa,Furniture,North,13,9082,4,221,9072,118066,10,4,2024
3204,2025-04-02,Coffee Table,Furniture,North,1,44124,19,420,6154,44124,4,2,2025
3205,2025-06-23,Office Chair,Furniture,West,18,38096,17,187,9294,685728,6,2,2025
3206,2025-11-29,Study Table,Furniture,South,11,36108,1,202,7289,397188,11,4,2025
3207,2023-03-02,Wardrobe,Furniture,West,19,39605,18,74,2079,752495,3,1,2023
3208,2023-08-06,Sofa,Furniture,West,16,39369,2,79,4666,629904,8,3,2023
3209,2023-08-30,Bed,Furniture,South,9,5952,7,336,9933,53568,8,3,2023
3210,2024-12-20,Bed,Furniture,North,20,25813,1,165,7684,516260,12,4,2024
3211,2023-02-26,Bookshelf,Furniture,East,19,21211,16,479,5571,403009,2,1,2023
3212,2023-09-06,Bed,Furniture,North,6,41636,10,350,9866,249816,9,3,2023
3213,2023-06-17,Wardrobe,Furniture,South,6,41612,18,77,4237,249672,6,2,2023
3214,2023-02-22,Bed,Furniture,North,12,21327,14,424,9857,255924,2,1,2023
3215,2023-08-16,Dining Table,Furniture,East,16,41167,19,155,4699,658672,8,3,2023
3216,2023-02-21,Bookshelf,Furniture,North,14,9669,12,409,2162,135366,2,1,2023
3217,2022-05-16,Sofa,Furniture,West,12,25093,14,103,9532,301116,5,2,2022
3218,2025-01-01,Wardrobe,Furniture,West,16,38833,9,441,4321,621328,1,1,2025
3219,2022-02-21,Bookshelf,Furniture,West,7,44566,4,376,1427,311962,2,1,2022
3220,2023-10-28,Coffee Table,Furniture,East,14,39642,4,186,5233,554988,10,4,2023
3221,2022-08-15,Sofa,Furniture,North,5,35794,1,239,5508,178970,8,3,2022
3222,2024-10-01,Coffee Table,Furniture,South,8,10887,9,264,9109,87096,10,4,2024
3223,2022-06-16,Sofa,Furniture,North,16,31528,16,126,2742,504448,6,2,2022
3224,2024-07-04,Sofa,Furniture,North,12,36986,15,69,7898,443832,7,3,2024
3225,2025-04-11,Office Chair,Furniture,East,10,46883,2,166,3335,468830,4,2,2025
3226,2025-01-22,Study Table,Furniture,North,20,37009,17,474,5533,740180,1,1,2025
3227,2024-03-09,Bookshelf,Furniture,West,16,12122,3,188,1816,193952,3,1,2024
3228,2023-05-07,Bookshelf,Furniture,West,7,18080,18,259,3053,126560,5,2,2023
3229,2022-11-06,Bed,Furniture,North,9,21006,8,101,7444,189054,11,4,2022
3230,2024-07-08,Coffee Table,Furniture,West,12,37443,12,316,5564,449316,7,3,2024
3231,2024-10-30,Coffee Table,Furniture,North,16,22072,19,497,9585,353152,10,4,2024
3232,2024-02-02,Study Table,Furniture,East,19,37601,5,357,9022,714419,2,1,2024
3233,2024-06-04,Bookshelf,Furniture,East,16,9488,1,186,3871,151808,6,2,2024
3234,2023-09-05,Study Table,Furniture,South,19,46481,2,463,2577,883139,9,3,2023
3235,2024-07-07,Wardrobe,Furniture,West,16,35740,18,451,5547,571840,7,3,2024
3236,2024-04-12,Wardrobe,Furniture,West,14,24625,0,368,4433,344750,4,2,2024
3237,2024-05-21,Wardrobe,Furniture,South,13,24466,12,110,5253,318058,5,2,2024
3238,2025-05-15,Dining Table,Furniture,West,1,31176,1,75,7558,31176,5,2,2025
3239,2023-12-22,Wardrobe,Furniture,South,18,45112,0,166,7740,812016,12,4,2023
3240,2024-11-10,Wardrobe,Furniture,South,14,21967,8,257,6965,307538,11,4,2024
3241,2022-05-08,Bookshelf,Furniture,South,7,33053,20,197,4317,231371,5,2,2022
3242,2025-05-04,Bookshelf,Furniture,West,6,10669,17,486,9196,64014,5,2,2025
3243,2022-02-21,Wardrobe,Furniture,North,6,16024,0,345,7846,96144,2,1,2022
3244,2025-04-01,Sofa,Furniture,East,11,13072,1,453,8534,143792,4,2,2025
3245,2025-02-10,Wardrobe,Furniture,East,17,39329,2,396,9878,668593,2,1,2025
3246,2022-07-20,Coffee Table,Furniture,South,4,12164,3,80,7598,48656,7,3,2022
3247,2022-01-20,Bookshelf,Furniture,South,1,39152,0,180,9149,39152,1,1,2022
3248,2023-09-07,Coffee Table,Furniture,South,11,2032,10,381,7451,22352,9,3,2023
3249,2023-07-28,Dining Table,Furniture,North,15,7218,14,387,9014,108270,7,3,2023
3250,2022-12-08,Sofa,Furniture,North,4,7112,7,288,3941,28448,12,4,2022
3251,2025-07-28,Bookshelf,Furniture,North,10,26078,11,146,8910,260780,7,3,2025
3252,2023-08-06,Bed,Furniture,West,12,46695,6,327,8882,560340,8,3,2023
3253,2025-01-28,Coffee Table,Furniture,West,12,19893,6,154,3484,238716,1,1,2025
3254,2025-05-31,Dining Table,Furniture,North,14,36882,18,276,3205,516348,5,2,2025
3255,2024-08-19,Dining Table,Furniture,North,3,8060,18,367,3302,24180,8,3,2024
3256,2024-06-08,Study Table,Furniture,East,17,24361,1,373,1843,414137,6,2,2024
3257,2023-01-10,Bookshelf,Furniture,West,5,32546,19,379,7479,162730,1,1,2023
3258,2023-10-30,Bed,Furniture,North,3,12934,5,450,8647,38802,10,4,2023
3259,2024-01-12,Office Chair,Furniture,East,14,45002,13,416,2455,630028,1,1,2024
3260,2025-07-06,Dining Table,Furniture,North,6,26723,9,220,8044,160338,7,3,2025
3261,2023-11-22,Bookshelf,Furniture,East,14,25247,15,91,5826,353458,11,4,2023
3262,2022-12-31,Dining Table,Furniture,South,11,23507,0,295,4575,258577,12,4,2022
3263,2024-03-16,Office Chair,Furniture,East,7,42592,7,449,7132,298144,3,1,2024
3264,2023-04-07,Sofa,Furniture,South,19,12346,15,181,8991,234574,4,2,2023
3265,2025-03-10,Coffee Table,Furniture,East,14,48754,5,171,5821,682556,3,1,2025
3266,2025-06-07,Sofa,Furniture,North,11,29427,19,476,3057,323697,6,2,2025
3267,2023-08-27,Dining Table,Furniture,South,14,16715,19,110,5068,234010,8,3,2023
3268,2022-07-09,Study Table,Furniture,South,4,16186,19,279,3250,64744,7,3,2022
3269,2024-04-23,Coffee Table,Furniture,West,15,48341,0,54,7967,725115,4,2,2024
3270,2023-04-22,Dining Table,Furniture,East,5,23086,0,286,8435,115430,4,2,2023
3271,2023-09-27,Coffee Table,Furniture,North,3,11572,6,482,1130,34716,9,3,2023
3272,2025-01-21,Bed,Furniture,West,13,43596,0,187,8941,566748,1,1,2025
3273,2025-03-29,Dining Table,Furniture,North,3,8001,15,436,1720,24003,3,1,2025
3274,2025-08-01,Office Chair,Furniture,South,20,20710,8,120,6461,414200,8,3,2025
3275,2025-04-13,Office Chair,Furniture,East,6,42108,15,347,6374,252648,4,2,2025
3276,2023-01-03,Sofa,Furniture,West,13,49488,19,175,1744,643344,1,1,2023
3277,2024-08-14,Sofa,Furniture,West,20,34661,8,485,6579,693220,8,3,2024
3278,2025-10-14,Study Table,Furniture,West,11,27239,20,455,3831,299629,10,4,2025
3279,2023-11-29,Wardrobe,Furniture,North,1,46774,6,253,8348,46774,11,4,2023
3280,2025-11-10,Wardrobe,Furniture,East,1,26850,2,423,1573,26850,11,4,2025
3281,2023-03-01,Dining Table,Furniture,North,15,48539,0,258,3229,728085,3,1,2023
3282,2022-03-20,Study Table,Furniture,North,18,13047,20,435,2478,234846,3,1,2022
3283,2023-04-13,Office Chair,Furniture,West,3,29310,5,121,5796,87930,4,2,2023
3284,2022-05-13,Office Chair,Furniture,North,12,46856,14,441,1275,562272,5,2,2022
3285,2022-04-16,Sofa,Furniture,South,16,22089,17,153,8571,353424,4,2,2022
3286,2025-03-01,Coffee Table,Furniture,North,11,24132,5,296,8071,265452,3,1,2025
3287,2022-12-26,Sofa,Furniture,North,3,34282,20,109,3339,102846,12,4,2022
3288,2024-03-17,Dining Table,Furniture,South,2,2747,0,76,8804,5494,3,1,2024
3289,2025-12-29,Sofa,Furniture,North,18,21213,5,291,3265,381834,12,4,2025
3290,2022-03-09,Office Chair,Furniture,North,6,29996,14,391,8889,179976,3,1,2022
3291,2023-12-15,Wardrobe,Furniture,East,19,33226,8,291,8038,631294,12,4,2023
3292,2022-03-16,Bookshelf,Furniture,South,6,44741,12,135,3817,268446,3,1,2022
3293,2022-03-13,Sofa,Furniture,North,19,35431,7,191,7734,673189,3,1,2022
3294,2022-12-01,Study Table,Furniture,East,17,2673,1,240,9157,45441,12,4,2022
3295,2022-03-17,Bookshelf,Furniture,South,11,44060,4,471,5585,484660,3,1,2022
3296,2023-08-15,Coffee Table,Furniture,North,7,47393,20,473,9564,331751,8,3,2023
3297,2023-05-07,Coffee Table,Furniture,West,17,30225,8,298,3996,513825,5,2,2023
3298,2023-10-30,Dining Table,Furniture,West,18,16223,20,246,9155,292014,10,4,2023
3299,2025-11-05,Bed,Furniture,East,4,41322,2,97,4479,165288,11,4,2025
3300,2022-06-07,Office Chair,Furniture,South,1,39378,5,449,1116,39378,6,2,2022
3301,2023-09-28,Bed,Furniture,East,20,47278,16,142,2471,945560,9,3,2023
3302,2024-06-12,Office Chair,Furniture,North,11,22723,19,281,4125,249953,6,2,2024
3303,2022-09-08,Coffee Table,Furniture,West,18,33560,3,229,7767,604080,9,3,2022
3304,2023-11-04,Sofa,Furniture,West,4,48320,12,392,1594,193280,11,4,2023
3305,2023-07-24,Study Table,Furniture,East,16,47814,15,274,1313,765024,7,3,2023
3306,2022-09-02,Coffee Table,Furniture,West,20,22576,16,159,8204,451520,9,3,2022
3307,2024-05-13,Office Chair,Furniture,West,19,2043,10,308,5804,38817,5,2,2024
3308,2025-06-16,Bookshelf,Furniture,North,5,13576,12,273,7095,67880,6,2,2025
3309,2022-03-10,Bookshelf,Furniture,East,5,39991,7,325,9404,199955,3,1,2022
3310,2022-10-30,Bookshelf,Furniture,West,16,35043,7,218,8174,560688,10,4,2022
3311,2024-04-20,Office Chair,Furniture,West,1,4546,0,166,1239,4546,4,2,2024
3312,2025-04-02,Sofa,Furniture,West,10,32738,3,149,1923,327380,4,2,2025
3313,2023-03-19,Coffee Table,Furniture,South,6,44683,4,58,1891,268098,3,1,2023
3314,2024-10-21,Dining Table,Furniture,East,5,17281,3,494,1956,86405,10,4,2024
3315,2025-06-02,Sofa,Furniture,South,14,17119,11,323,5197,239666,6,2,2025
3316,2025-04-02,Wardrobe,Furniture,North,16,7114,10,64,6012,113824,4,2,2025
3317,2022-02-05,Dining Table,Furniture,West,18,21815,11,112,8167,392670,2,1,2022
3318,2022-04-15,Bed,Furniture,East,17,27726,3,233,6766,471342,4,2,2022
3319,2023-01-26,Dining Table,Furniture,North,17,48875,19,310,9560,830875,1,1,2023
3320,2025-03-25,Study Table,Furniture,South,17,44972,5,146,1402,764524,3,1,2025
3321,2025-05-25,Study Table,Furniture,South,6,29393,5,88,2780,176358,5,2,2025
3322,2024-04-08,Wardrobe,Furniture,South,17,18912,14,175,7508,321504,4,2,2024
3323,2022-10-15,Office Chair,Furniture,East,4,14408,11,244,4256,57632,10,4,2022
3324,2023-06-08,Sofa,Furniture,South,2,41537,5,55,8131,83074,6,2,2023
3325,2024-04-13,Sofa,Furniture,North,10,12252,0,78,1205,122520,4,2,2024
3326,2023-10-20,Wardrobe,Furniture,South,7,45919,2,452,1196,321433,10,4,2023
3327,2024-04-07,Dining Table,Furniture,East,17,33562,8,413,1566,570554,4,2,2024
3328,2022-10-31,Study Table,Furniture,South,19,26540,15,321,2477,504260,10,4,2022
3329,2022-09-07,Sofa,Furniture,South,16,27483,7,432,1533,439728,9,3,2022
3330,2025-08-17,Bookshelf,Furniture,North,9,4269,3,262,7239,38421,8,3,2025
3331,2023-12-15,Wardrobe,Furniture,East,7,2460,16,500,5838,17220,12,4,2023
3332,2024-08-10,Office Chair,Furniture,North,2,17909,10,172,1474,35818,8,3,2024
3333,2024-12-30,Office Chair,Furniture,East,6,40120,2,153,9548,240720,12,4,2024
3334,2022-09-09,Dining Table,Furniture,North,19,12128,5,242,2955,230432,9,3,2022
3335,2025-07-07,Sofa,Furniture,West,16,16690,5,391,1740,267040,7,3,2025
3336,2025-06-27,Bed,Furniture,South,17,16573,15,180,1043,281741,6,2,2025
3337,2022-01-30,Sofa,Furniture,West,16,7662,8,285,8452,122592,1,1,2022
3338,2025-02-21,Sofa,Furniture,East,17,36127,14,272,7038,614159,2,1,2025
3339,2025-01-03,Bookshelf,Furniture,South,6,23719,20,338,5321,142314,1,1,2025
3340,2023-12-13,Coffee Table,Furniture,North,19,26834,18,460,8800,509846,12,4,2023
3341,2024-10-31,Bookshelf,Furniture,West,7,22670,13,169,6991,158690,10,4,2024
3342,2022-09-28,Bookshelf,Furniture,West,11,28562,1,419,6350,314182,9,3,2022
3343,2025-04-02,Sofa,Furniture,South,5,19718,17,395,8880,98590,4,2,2025
3344,2025-06-15,Sofa,Furniture,North,3,42263,10,253,6398,126789,6,2,2025
3345,2023-06-09,Dining Table,Furniture,East,4,14449,20,244,2359,57796,6,2,2023
3346,2023-09-07,Office Chair,Furniture,West,13,31776,9,231,1711,413088,9,3,2023
3347,2025-06-27,Dining Table,Furniture,East,19,35581,20,476,4261,676039,6,2,2025
3348,2025-07-25,Sofa,Furniture,East,14,26694,2,149,5803,373716,7,3,2025
3349,2023-02-20,Dining Table,Furniture,West,4,5135,4,500,7566,20540,2,1,2023
3350,2022-12-23,Bed,Furniture,West,16,18790,20,333,9469,300640,12,4,2022
3351,2025-08-31,Sofa,Furniture,South,8,41521,6,111,7607,332168,8,3,2025
3352,2023-01-20,Bookshelf,Furniture,West,17,45684,13,114,5022,776628,1,1,2023
3353,2025-03-17,Study Table,Furniture,North,20,31912,2,314,7753,638240,3,1,2025
3354,2024-07-28,Bed,Furniture,East,7,11322,17,472,2746,79254,7,3,2024
3355,2022-05-04,Coffee Table,Furniture,West,14,42114,17,493,6711,589596,5,2,2022
3356,2024-01-05,Dining Table,Furniture,South,2,42464,18,54,4800,84928,1,1,2024
3357,2022-02-21,Office Chair,Furniture,South,20,14988,11,453,1685,299760,2,1,2022
3358,2025-08-22,Office Chair,Furniture,West,18,6224,15,236,8877,112032,8,3,2025
3359,2025-06-09,Office Chair,Furniture,West,3,15358,8,295,7607,46074,6,2,2025
3360,2023-02-22,Bed,Furniture,South,1,6639,14,336,8530,6639,2,1,2023
3361,2024-08-06,Bookshelf,Furniture,North,13,30259,5,416,3056,393367,8,3,2024
3362,2022-11-29,Bed,Furniture,East,12,48610,16,346,9967,583320,11,4,2022
3363,2023-11-19,Bookshelf,Furniture,North,15,12143,7,420,7525,182145,11,4,2023
3364,2023-01-19,Bed,Furniture,West,14,31494,10,347,1295,440916,1,1,2023
3365,2022-05-06,Bookshelf,Furniture,North,7,25135,5,267,4610,175945,5,2,2022
3366,2022-05-31,Dining Table,Furniture,North,13,2906,8,139,7555,37778,5,2,2022
3367,2024-03-25,Study Table,Furniture,East,17,32024,11,112,7618,544408,3,1,2024
3368,2024-02-11,Coffee Table,Furniture,South,19,32710,18,353,7795,621490,2,1,2024
3369,2025-04-07,Sofa,Furniture,East,7,16201,20,298,9295,113407,4,2,2025
3370,2023-06-10,Wardrobe,Furniture,East,7,42653,16,423,6499,298571,6,2,2023
3371,2024-06-28,Bed,Furniture,East,2,46787,7,257,1508,93574,6,2,2024
3372,2025-05-01,Bookshelf,Furniture,South,12,47124,13,142,1666,565488,5,2,2025
3373,2023-03-10,Bed,Furniture,South,17,24092,17,207,6126,409564,3,1,2023
3374,2023-08-13,Wardrobe,Furniture,East,15,22999,13,333,4130,344985,8,3,2023
3375,2025-01-01,Bed,Furniture,South,4,33067,16,123,8727,132268,1,1,2025
3376,2022-10-03,Bookshelf,Furniture,South,8,44980,18,89,5411,359840,10,4,2022
3377,2025-04-11,Coffee Table,Furniture,East,8,3528,0,341,5340,28224,4,2,2025
3378,2024-12-01,Coffee Table,Furniture,East,16,27283,20,383,6874,436528,12,4,2024
3379,2022-12-07,Bookshelf,Furniture,North,17,14942,13,87,4785,254014,12,4,2022
3380,2025-01-06,Bed,Furniture,West,2,5135,6,463,7709,10270,1,1,2025
3381,2025-09-25,Sofa,Furniture,South,5,19492,9,332,7540,97460,9,3,2025
3382,2024-06-01,Sofa,Furniture,South,2,41019,6,123,1466,82038,6,2,2024
3383,2022-06-02,Bookshelf,Furniture,East,19,32487,8,415,8254,617253,6,2,2022
3384,2025-09-10,Study Table,Furniture,South,3,31134,15,390,5877,93402,9,3,2025
3385,2022-08-07,Dining Table,Furniture,North,19,11617,20,152,8709,220723,8,3,2022
3386,2022-03-09,Bed,Furniture,East,10,46223,4,105,8067,462230,3,1,2022
3387,2025-12-29,Bed,Furniture,West,20,49421,1,304,3320,988420,12,4,2025
3388,2023-09-05,Sofa,Furniture,West,15,44159,15,208,7257,662385,9,3,2023
3389,2022-07-26,Coffee Table,Furniture,North,1,20424,9,236,7764,20424,7,3,2022
3390,2025-11-17,Sofa,Furniture,North,9,39450,2,150,6643,355050,11,4,2025
3391,2023-05-09,Bookshelf,Furniture,South,14,38003,3,384,6961,532042,5,2,2023
3392,2022-10-12,Study Table,Furniture,East,11,35485,9,315,1804,390335,10,4,2022
3393,2023-10-27,Sofa,Furniture,South,5,44303,7,211,2744,221515,10,4,2023
3394,2023-02-08,Sofa,Furniture,West,8,26681,20,314,2983,213448,2,1,2023
3395,2024-01-18,Bookshelf,Furniture,South,2,14940,8,391,2703,29880,1,1,2024
3396,2022-02-19,Coffee Table,Furniture,West,10,42037,3,179,9184,420370,2,1,2022
3397,2022-02-03,Wardrobe,Furniture,South,3,11713,10,157,9359,35139,2,1,2022
3398,2025-08-27,Bookshelf,Furniture,East,14,13594,10,475,6182,190316,8,3,2025
3399,2025-11-02,Bed,Furniture,North,1,29012,13,496,1465,29012,11,4,2025
3400,2022-04-14,Coffee Table,Furniture,East,11,5678,9,88,9737,62458,4,2,2022
3401,2022-01-28,Wardrobe,Furniture,East,12,48414,16,310,4745,580968,1,1,2022
3402,2022-09-10,Office Chair,Furniture,West,6,4182,13,327,1067,25092,9,3,2022
3403,2022-06-03,Bed,Furniture,North,7,32083,7,50,1057,224581,6,2,2022
3404,2022-03-29,Dining Table,Furniture,West,2,32731,10,105,6780,65462,3,1,2022
3405,2023-03-08,Office Chair,Furniture,South,5,16810,5,368,4909,84050,3,1,2023
3406,2023-03-14,Office Chair,Furniture,East,5,27618,7,105,7677,138090,3,1,2023
3407,2025-12-03,Bookshelf,Furniture,North,3,24183,5,470,6348,72549,12,4,2025
3408,2023-06-05,Wardrobe,Furniture,North,3,45573,11,342,1272,136719,6,2,2023
3409,2023-11-26,Study Table,Furniture,South,8,5109,2,262,2739,40872,11,4,2023
3410,2024-04-07,Dining Table,Furniture,East,7,38139,15,266,5112,266973,4,2,2024
3411,2023-01-30,Bed,Furniture,South,1,44550,4,397,7577,44550,1,1,2023
3412,2025-04-02,Coffee Table,Furniture,East,5,14174,12,253,8302,70870,4,2,2025
3413,2022-10-29,Sofa,Furniture,East,1,45726,16,338,4601,45726,10,4,2022
3414,2022-03-02,Bed,Furniture,East,15,34914,12,140,4524,523710,3,1,2022
3415,2024-07-06,Coffee Table,Furniture,West,13,14655,18,212,3687,190515,7,3,2024
3416,2023-04-22,Wardrobe,Furniture,East,20,4392,1,496,6608,87840,4,2,2023
3417,2024-05-11,Study Table,Furniture,South,10,31819,9,168,1049,318190,5,2,2024
3418,2024-12-28,Study Table,Furniture,North,6,13336,18,56,2123,80016,12,4,2024
3419,2023-01-20,Bed,Furniture,West,2,41033,7,55,2504,82066,1,1,2023
3420,2022-11-23,Sofa,Furniture,East,2,22579,6,325,4770,45158,11,4,2022
3421,2023-12-31,Bookshelf,Furniture,North,13,49260,4,88,2157,640380,12,4,2023
3422,2023-10-12,Study Table,Furniture,South,7,4689,6,400,7323,32823,10,4,2023
3423,2022-05-05,Bed,Furniture,East,9,22427,0,373,5027,201843,5,2,2022
3424,2024-10-29,Study Table,Furniture,West,2,26561,0,247,9100,53122,10,4,2024
3425,2025-09-23,Bookshelf,Furniture,East,7,7219,15,467,8830,50533,9,3,2025
3426,2023-05-22,Dining Table,Furniture,North,14,19638,18,330,7762,274932,5,2,2023
3427,2025-11-26,Wardrobe,Furniture,South,9,6609,17,57,3513,59481,11,4,2025
3428,2024-01-04,Sofa,Furniture,South,11,36439,14,366,2218,400829,1,1,2024
3429,2023-05-15,Office Chair,Furniture,North,14,15654,12,338,7277,219156,5,2,2023
3430,2024-09-13,Wardrobe,Furniture,East,18,17842,7,344,5791,321156,9,3,2024
3431,2023-02-05,Wardrobe,Furniture,East,6,31283,2,134,2753,187698,2,1,2023
3432,2024-03-12,Study Table,Furniture,North,9,9885,10,278,7162,88965,3,1,2024
3433,2022-02-15,Office Chair,Furniture,North,5,30872,18,284,1292,154360,2,1,2022
3434,2024-07-16,Sofa,Furniture,North,17,5145,19,81,9201,87465,7,3,2024
3435,2025-07-15,Sofa,Furniture,West,19,9488,1,393,1637,180272,7,3,2025
3436,2024-04-16,Office Chair,Furniture,East,6,30693,12,282,6739,184158,4,2,2024
3437,2025-09-01,Study Table,Furniture,South,15,39891,1,294,8059,598365,9,3,2025
3438,2023-11-19,Bed,Furniture,North,2,30287,9,180,5136,60574,11,4,2023
3439,2025-09-07,Coffee Table,Furniture,West,12,24613,17,97,3186,295356,9,3,2025
3440,2023-03-14,Sofa,Furniture,North,7,12389,5,397,8360,86723,3,1,2023
3441,2022-10-25,Wardrobe,Furniture,North,18,15328,0,200,9111,275904,10,4,2022
3442,2022-07-12,Dining Table,Furniture,East,5,33162,9,311,9510,165810,7,3,2022
3443,2024-02-01,Bookshelf,Furniture,East,18,37867,1,138,3757,681606,2,1,2024
3444,2023-10-06,Office Chair,Furniture,South,19,48167,19,82,2209,915173,10,4,2023
3445,2025-03-22,Sofa,Furniture,South,4,31677,19,337,3760,126708,3,1,2025
3446,2024-01-10,Bookshelf,Furniture,East,17,6585,11,329,5152,111945,1,1,2024
3447,2022-02-10,Bookshelf,Furniture,North,4,24862,4,115,9569,99448,2,1,2022
3448,2023-07-17,Coffee Table,Furniture,North,4,28546,11,137,9208,114184,7,3,2023
3449,2024-03-29,Office Chair,Furniture,West,8,24930,5,72,9009,199440,3,1,2024
3450,2023-10-06,Wardrobe,Furniture,West,13,30604,13,289,5969,397852,10,4,2023
3451,2023-05-16,Wardrobe,Furniture,South,18,19604,0,241,9573,352872,5,2,2023
3452,2023-12-02,Coffee Table,Furniture,South,5,30892,14,402,9740,154460,12,4,2023
3453,2023-01-02,Study Table,Furniture,West,7,13454,3,210,2501,94178,1,1,2023
3454,2023-06-14,Wardrobe,Furniture,South,17,10869,10,189,7785,184773,6,2,2023
3455,2025-01-07,Sofa,Furniture,East,13,43748,10,298,2445,568724,1,1,2025
3456,2022-05-12,Study Table,Furniture,South,3,27862,4,323,4090,83586,5,2,2022
3457,2025-04-20,Sofa,Furniture,West,5,28298,4,228,1986,141490,4,2,2025
3458,2024-01-07,Dining Table,Furniture,North,10,45361,11,92,5684,453610,1,1,2024
3459,2023-12-19,Sofa,Furniture,South,3,30792,11,195,2161,92376,12,4,2023
3460,2024-01-31,Coffee Table,Furniture,South,13,21379,5,183,2596,277927,1,1,2024
3461,2023-07-08,Office Chair,Furniture,East,18,43665,15,443,3457,785970,7,3,2023
3462,2024-08-25,Wardrobe,Furniture,North,4,48269,1,140,5886,193076,8,3,2024
3463,2025-04-13,Coffee Table,Furniture,East,6,22885,2,482,9412,137310,4,2,2025
3464,2025-12-25,Coffee Table,Furniture,East,15,2318,10,99,7546,34770,12,4,2025
3465,2023-07-24,Dining Table,Furniture,North,16,43541,16,239,5930,696656,7,3,2023
3466,2024-04-05,Dining Table,Furniture,South,13,42205,16,82,5890,548665,4,2,2024
3467,2024-04-24,Dining Table,Furniture,West,3,22563,11,255,7951,67689,4,2,2024
3468,2022-09-29,Dining Table,Furniture,East,8,20490,15,60,8972,163920,9,3,2022
3469,2025-01-20,Wardrobe,Furniture,South,5,20714,17,317,4531,103570,1,1,2025
3470,2025-09-17,Sofa,Furniture,West,13,31912,19,381,2905,414856,9,3,2025
3471,2022-05-28,Sofa,Furniture,East,5,30235,14,257,7856,151175,5,2,2022
3472,2025-01-05,Coffee Table,Furniture,North,3,20117,13,197,1896,60351,1,1,2025
3473,2022-02-20,Wardrobe,Furniture,North,18,5240,17,358,7833,94320,2,1,2022
3474,2022-04-06,Coffee Table,Furniture,East,18,34781,14,318,9416,626058,4,2,2022
3475,2022-08-13,Dining Table,Furniture,West,4,6245,10,425,9337,24980,8,3,2022
3476,2024-02-09,Wardrobe,Furniture,East,1,11447,17,319,7761,11447,2,1,2024
3477,2022-08-25,Bed,Furniture,West,7,44292,10,71,2860,310044,8,3,2022
3478,2022-02-24,Bookshelf,Furniture,North,18,39425,8,149,6544,709650,2,1,2022
3479,2023-03-17,Dining Table,Furniture,East,7,27599,15,237,4606,193193,3,1,2023
3480,2023-07-17,Dining Table,Furniture,South,18,7771,18,234,9830,139878,7,3,2023
3481,2022-02-07,Coffee Table,Furniture,West,19,41535,9,295,9770,789165,2,1,2022
3482,2025-07-05,Wardrobe,Furniture,West,7,25541,14,90,4825,178787,7,3,2025
3483,2025-03-26,Coffee Table,Furniture,South,12,49593,6,154,3638,595116,3,1,2025
3484,2022-12-01,Sofa,Furniture,East,2,2887,2,455,7907,5774,12,4,2022
3485,2025-09-11,Wardrobe,Furniture,East,3,3238,15,238,5249,9714,9,3,2025
3486,2022-03-10,Office Chair,Furniture,East,9,2151,20,334,7426,19359,3,1,2022
3487,2025-11-29,Office Chair,Furniture,East,20,15472,16,392,2457,309440,11,4,2025
3488,2024-02-11,Sofa,Furniture,South,10,47639,4,404,9188,476390,2,1,2024
3489,2022-03-16,Sofa,Furniture,West,2,44368,6,170,6124,88736,3,1,2022
3490,2024-10-07,Study Table,Furniture,South,16,12637,14,222,2225,202192,10,4,2024
3491,2024-06-22,Bed,Furniture,North,15,13845,4,425,3604,207675,6,2,2024
3492,2025-06-13,Bed,Furniture,North,9,45502,4,102,5620,409518,6,2,2025
3493,2024-04-24,Bookshelf,Furniture,East,5,49560,0,210,4152,247800,4,2,2024
3494,2025-11-16,Wardrobe,Furniture,East,20,20248,18,358,5050,404960,11,4,2025
3495,2022-10-25,Bookshelf,Furniture,South,13,18726,3,369,7664,243438,10,4,2022
3496,2023-07-13,Sofa,Furniture,North,11,24349,19,289,9768,267839,7,3,2023
3497,2025-08-30,Bed,Furniture,East,3,36282,13,141,7571,108846,8,3,2025
3498,2024-03-11,Dining Table,Furniture,East,5,6500,1,210,1923,32500,3,1,2024
3499,2023-10-05,Office Chair,Furniture,South,9,10461,11,482,3149,94149,10,4,2023
3500,2024-11-07,Sofa,Furniture,North,18,39636,5,197,4534,713448,11,4,2024
3501,2025-08-15,Study Table,Furniture,East,18,22480,8,263,7533,404640,8,3,2025
3502,2023-06-26,Study Table,Furniture,East,1,27469,6,206,9779,27469,6,2,2023
3503,2024-06-17,Dining Table,Furniture,North,19,10051,16,238,4828,190969,6,2,2024
3504,2023-09-02,Sofa,Furniture,West,13,11252,6,217,7793,146276,9,3,2023
3505,2024-10-17,Bookshelf,Furniture,West,14,42331,18,281,1704,592634,10,4,2024
3506,2025-07-10,Bookshelf,Furniture,East,18,7643,15,169,8906,137574,7,3,2025
3507,2025-03-18,Bookshelf,Furniture,East,15,13333,16,202,8368,199995,3,1,2025
3508,2025-08-25,Coffee Table,Furniture,South,9,15027,18,452,5289,135243,8,3,2025
3509,2025-12-24,Wardrobe,Furniture,East,6,36639,14,190,1370,219834,12,4,2025
3510,2022-12-25,Coffee Table,Furniture,North,13,15329,12,266,3522,199277,12,4,2022
3511,2022-07-01,Bookshelf,Furniture,West,20,21020,6,312,3566,420400,7,3,2022
3512,2023-06-21,Wardrobe,Furniture,North,7,7856,16,244,1729,54992,6,2,2023
3513,2023-07-10,Bookshelf,Furniture,South,11,41395,2,95,8207,455345,7,3,2023
3514,2025-09-26,Office Chair,Furniture,West,3,7785,4,287,7971,23355,9,3,2025
3515,2025-10-07,Study Table,Furniture,South,16,19407,7,134,2081,310512,10,4,2025
3516,2023-04-03,Study Table,Furniture,South,6,8076,7,432,7077,48456,4,2,2023
3517,2022-12-19,Office Chair,Furniture,West,13,4496,20,380,9789,58448,12,4,2022
3518,2022-06-08,Sofa,Furniture,South,12,8740,20,250,3711,104880,6,2,2022
3519,2022-01-05,Coffee Table,Furniture,West,1,40993,7,196,4482,40993,1,1,2022
3520,2022-03-31,Study Table,Furniture,North,16,8935,17,317,6942,142960,3,1,2022
3521,2025-08-03,Bookshelf,Furniture,South,10,31004,6,161,5101,310040,8,3,2025
3522,2022-08-01,Study Table,Furniture,East,15,41999,12,63,1351,629985,8,3,2022
3523,2022-08-08,Study Table,Furniture,South,5,35434,2,78,1242,177170,8,3,2022
3524,2022-01-08,Sofa,Furniture,East,3,20425,19,234,8242,61275,1,1,2022
3525,2023-08-25,Office Chair,Furniture,East,15,15909,10,386,3590,238635,8,3,2023
3526,2023-01-20,Coffee Table,Furniture,North,5,9041,17,343,4920,45205,1,1,2023
3527,2025-05-19,Bed,Furniture,South,1,9371,2,212,5797,9371,5,2,2025
3528,2025-02-16,Wardrobe,Furniture,West,13,34065,9,126,4625,442845,2,1,2025
3529,2023-08-11,Sofa,Furniture,North,10,21305,7,368,3567,213050,8,3,2023
3530,2023-09-09,Wardrobe,Furniture,West,11,18723,16,230,9776,205953,9,3,2023
3531,2023-10-11,Dining Table,Furniture,South,3,45869,5,485,7343,137607,10,4,2023
3532,2024-05-14,Wardrobe,Furniture,North,8,18980,14,314,6601,151840,5,2,2024
3533,2024-07-16,Study Table,Furniture,West,7,22374,9,494,7141,156618,7,3,2024
3534,2022-09-28,Sofa,Furniture,West,6,23549,3,203,1252,141294,9,3,2022
3535,2025-02-17,Bookshelf,Furniture,South,15,13286,8,382,3137,199290,2,1,2025
3536,2022-01-21,Bookshelf,Furniture,South,12,18345,8,481,4545,220140,1,1,2022
3537,2024-05-08,Wardrobe,Furniture,West,2,46868,19,54,7281,93736,5,2,2024
3538,2025-05-26,Wardrobe,Furniture,North,2,41537,4,443,4066,83074,5,2,2025
3539,2024-05-29,Bed,Furniture,South,3,2148,9,70,2087,6444,5,2,2024
3540,2022-12-09,Sofa,Furniture,South,17,13528,17,402,1119,229976,12,4,2022
3541,2024-05-14,Sofa,Furniture,East,19,27188,8,212,7318,516572,5,2,2024
3542,2022-08-01,Wardrobe,Furniture,East,15,39381,0,476,8359,590715,8,3,2022
3543,2024-09-17,Coffee Table,Furniture,West,11,12704,16,476,4335,139744,9,3,2024
3544,2025-05-13,Study Table,Furniture,South,20,6765,20,426,7769,135300,5,2,2025
3545,2025-05-08,Dining Table,Furniture,South,6,23949,19,362,1117,143694,5,2,2025
3546,2025-08-02,Sofa,Furniture,North,4,36573,17,444,6242,146292,8,3,2025
3547,2025-10-24,Sofa,Furniture,North,14,42755,1,130,4320,598570,10,4,2025
3548,2022-06-03,Bed,Furniture,East,8,12105,1,400,8172,96840,6,2,2022
3549,2024-03-25,Bookshelf,Furniture,North,11,10078,17,80,6993,110858,3,1,2024
3550,2024-11-18,Office Chair,Furniture,West,7,22540,7,116,7198,157780,11,4,2024
3551,2022-03-26,Bed,Furniture,South,15,29268,13,106,1193,439020,3,1,2022
3552,2025-01-05,Dining Table,Furniture,West,10,10845,5,82,7830,108450,1,1,2025
3553,2023-03-09,Dining Table,Furniture,North,16,30337,7,63,5787,485392,3,1,2023
3554,2025-07-09,Bookshelf,Furniture,North,17,36104,12,428,4543,613768,7,3,2025
3555,2025-03-19,Wardrobe,Furniture,West,15,20790,6,250,7525,311850,3,1,2025
3556,2024-07-14,Bed,Furniture,East,20,43979,19,360,4323,879580,7,3,2024
3557,2025-09-11,Bed,Furniture,South,7,33593,0,239,9556,235151,9,3,2025
3558,2025-09-24,Office Chair,Furniture,South,16,13219,0,451,2828,211504,9,3,2025
3559,2024-10-13,Dining Table,Furniture,East,11,33719,20,99,7188,370909,10,4,2024
3560,2023-04-02,Bookshelf,Furniture,East,15,46635,17,362,3384,699525,4,2,2023
3561,2023-06-15,Office Chair,Furniture,North,1,28855,13,261,1103,28855,6,2,2023
3562,2023-12-25,Bookshelf,Furniture,West,6,19255,15,329,8367,115530,12,4,2023
3563,2022-05-01,Coffee Table,Furniture,South,15,12696,17,137,8476,190440,5,2,2022
3564,2023-04-16,Bookshelf,Furniture,North,3,4313,12,219,5067,12939,4,2,2023
3565,2022-10-17,Coffee Table,Furniture,East,9,48582,13,495,5316,437238,10,4,2022
3566,2022-09-18,Bookshelf,Furniture,West,17,3468,0,349,5243,58956,9,3,2022
3567,2024-12-24,Bookshelf,Furniture,South,15,43377,14,359,1881,650655,12,4,2024
3568,2024-04-01,Wardrobe,Furniture,South,9,10302,4,84,4935,92718,4,2,2024
3569,2022-08-26,Coffee Table,Furniture,South,20,28513,8,301,1198,570260,8,3,2022
3570,2024-08-28,Wardrobe,Furniture,West,14,29662,5,216,8940,415268,8,3,2024
3571,2025-05-04,Bed,Furniture,West,11,27361,15,315,8805,300971,5,2,2025
3572,2022-11-28,Bookshelf,Furniture,South,15,2888,18,229,7690,43320,11,4,2022
3573,2022-09-02,Study Table,Furniture,East,20,46876,7,493,3071,937520,9,3,2022
3574,2023-08-15,Sofa,Furniture,South,18,19870,7,93,2505,357660,8,3,2023
3575,2022-07-13,Coffee Table,Furniture,North,14,18239,6,289,7543,255346,7,3,2022
3576,2023-04-18,Dining Table,Furniture,West,12,25895,7,298,9651,310740,4,2,2023
3577,2023-04-02,Bookshelf,Furniture,East,7,14255,6,173,3869,99785,4,2,2023
3578,2024-10-15,Bed,Furniture,North,3,4094,10,337,2102,12282,10,4,2024
3579,2022-10-03,Bookshelf,Furniture,West,3,5111,19,441,7865,15333,10,4,2022
3580,2025-11-07,Office Chair,Furniture,South,17,42780,19,264,9900,727260,11,4,2025
3581,2022-09-12,Sofa,Furniture,East,16,5588,11,313,3283,89408,9,3,2022
3582,2022-02-20,Bookshelf,Furniture,East,16,25083,9,158,6683,401328,2,1,2022
3583,2022-10-10,Office Chair,Furniture,North,10,24394,13,249,5268,243940,10,4,2022
3584,2025-10-15,Study Table,Furniture,South,14,9564,5,338,8122,133896,10,4,2025
3585,2024-05-04,Wardrobe,Furniture,North,19,35379,17,467,7515,672201,5,2,2024
3586,2025-10-19,Bookshelf,Furniture,South,13,16848,9,418,8527,219024,10,4,2025
3587,2023-07-27,Bookshelf,Furniture,West,8,31738,8,142,4612,253904,7,3,2023
3588,2025-08-25,Bed,Furniture,West,7,24630,14,337,8149,172410,8,3,2025
3589,2024-05-17,Bed,Furniture,North,8,45737,12,385,2295,365896,5,2,2024
3590,2024-09-21,Bookshelf,Furniture,North,19,45414,11,270,1655,862866,9,3,2024
3591,2025-03-27,Wardrobe,Furniture,North,15,36924,14,154,5635,553860,3,1,2025
3592,2025-07-20,Coffee Table,Furniture,North,2,26541,16,280,3107,53082,7,3,2025
3593,2022-06-05,Study Table,Furniture,West,15,24946,2,109,7817,374190,6,2,2022
3594,2023-01-23,Study Table,Furniture,North,10,34151,7,160,5874,341510,1,1,2023
3595,2022-04-22,Bookshelf,Furniture,East,11,34383,20,312,8988,378213,4,2,2022
3596,2025-10-19,Coffee Table,Furniture,South,12,46356,11,351,7743,556272,10,4,2025
3597,2024-03-13,Coffee Table,Furniture,West,13,39944,12,384,2030,519272,3,1,2024
3598,2024-02-16,Dining Table,Furniture,South,10,40566,15,71,9642,405660,2,1,2024
3599,2023-12-13,Study Table,Furniture,South,14,10573,17,60,6198,148022,12,4,2023
3600,2024-09-09,Dining Table,Furniture,North,5,12055,18,65,7759,60275,9,3,2024
3601,2024-09-15,Sofa,Furniture,West,10,19941,2,104,5541,199410,9,3,2024
3602,2024-10-28,Coffee Table,Furniture,South,2,46654,17,473,5621,93308,10,4,2024
3603,2024-09-29,Bed,Furniture,West,18,11289,20,191,9527,203202,9,3,2024
3604,2022-10-21,Study Table,Furniture,North,18,12622,18,408,6070,227196,10,4,2022
3605,2025-03-03,Sofa,Furniture,North,9,40978,3,235,5199,368802,3,1,2025
3606,2023-10-15,Coffee Table,Furniture,West,17,33602,12,438,1461,571234,10,4,2023
3607,2023-11-26,Bookshelf,Furniture,South,20,40124,10,339,9249,802480,11,4,2023
3608,2025-06-01,Bed,Furniture,North,8,24881,19,297,4982,199048,6,2,2025
3609,2024-07-05,Wardrobe,Furniture,East,9,24618,0,473,4323,221562,7,3,2024
3610,2025-12-30,Sofa,Furniture,East,8,19983,13,355,1278,159864,12,4,2025
3611,2023-11-17,Bookshelf,Furniture,West,3,30294,2,322,8781,90882,11,4,2023
3612,2023-07-19,Office Chair,Furniture,North,12,24581,7,235,4634,294972,7,3,2023
3613,2022-04-23,Study Table,Furniture,South,7,41778,3,217,3355,292446,4,2,2022
3614,2025-12-22,Study Table,Furniture,East,10,26016,16,129,7783,260160,12,4,2025
3615,2022-08-18,Dining Table,Furniture,West,12,44696,8,286,2999,536352,8,3,2022
3616,2022-04-24,Coffee Table,Furniture,West,20,36459,5,221,8744,729180,4,2,2022
3617,2025-01-13,Bookshelf,Furniture,North,3,39572,1,76,1057,118716,1,1,2025
3618,2024-12-22,Bed,Furniture,West,7,34121,10,345,5418,238847,12,4,2024
3619,2025-05-08,Bed,Furniture,North,14,16659,11,155,3133,233226,5,2,2025
3620,2024-09-07,Coffee Table,Furniture,East,14,12794,0,152,1155,179116,9,3,2024
3621,2023-07-26,Wardrobe,Furniture,West,7,5661,14,85,2907,39627,7,3,2023
3622,2023-04-07,Office Chair,Furniture,North,4,16447,10,303,2097,65788,4,2,2023
3623,2025-01-20,Office Chair,Furniture,West,18,4001,5,194,9955,72018,1,1,2025
3624,2025-10-27,Wardrobe,Furniture,South,4,19698,5,153,4131,78792,10,4,2025
3625,2023-05-16,Study Table,Furniture,West,12,25177,19,450,8136,302124,5,2,2023
3626,2022-01-25,Study Table,Furniture,North,17,39227,8,175,4638,666859,1,1,2022
3627,2022-06-23,Dining Table,Furniture,North,18,41324,19,244,8526,743832,6,2,2022
3628,2024-10-04,Study Table,Furniture,North,20,35087,18,255,5031,701740,10,4,2024
3629,2025-01-03,Coffee Table,Furniture,East,9,17563,15,350,5125,158067,1,1,2025
3630,2022-09-18,Study Table,Furniture,North,8,43750,4,418,4479,350000,9,3,2022
3631,2023-01-26,Wardrobe,Furniture,North,20,2956,9,141,3807,59120,1,1,2023
3632,2025-04-22,Dining Table,Furniture,East,8,37581,1,397,6676,300648,4,2,2025
3633,2025-04-24,Bookshelf,Furniture,West,17,38594,20,133,4811,656098,4,2,2025
3634,2024-10-06,Sofa,Furniture,West,18,40364,1,233,5317,726552,10,4,2024
3635,2023-06-01,Bed,Furniture,West,9,13830,12,371,2564,124470,6,2,2023
3636,2023-12-24,Bookshelf,Furniture,East,13,8765,7,299,2627,113945,12,4,2023
3637,2024-08-01,Wardrobe,Furniture,North,3,20969,7,162,9453,62907,8,3,2024
3638,2022-11-30,Study Table,Furniture,North,5,41700,1,244,7777,208500,11,4,2022
3639,2025-11-22,Coffee Table,Furniture,West,12,16870,5,430,1242,202440,11,4,2025
3640,2025-06-17,Office Chair,Furniture,West,17,10982,15,163,2865,186694,6,2,2025
3641,2023-03-24,Study Table,Furniture,East,2,15089,18,317,6826,30178,3,1,2023
3642,2024-04-28,Sofa,Furniture,West,6,11834,9,402,7918,71004,4,2,2024
3643,2022-01-04,Sofa,Furniture,West,7,39530,6,146,9365,276710,1,1,2022
3644,2024-04-17,Sofa,Furniture,North,17,48696,17,241,6184,827832,4,2,2024
3645,2023-12-28,Coffee Table,Furniture,North,3,28831,12,130,9713,86493,12,4,2023
3646,2025-07-21,Dining Table,Furniture,North,17,40818,19,181,6609,693906,7,3,2025
3647,2025-02-22,Wardrobe,Furniture,South,15,39396,15,407,9397,590940,2,1,2025
3648,2024-03-14,Coffee Table,Furniture,North,15,42748,8,216,2165,641220,3,1,2024
3649,2023-08-23,Bookshelf,Furniture,East,15,17115,14,192,7079,256725,8,3,2023
3650,2023-10-13,Wardrobe,Furniture,North,6,34804,3,112,2056,208824,10,4,2023
3651,2022-01-17,Coffee Table,Furniture,North,17,9894,17,453,6217,168198,1,1,2022
3652,2023-07-07,Sofa,Furniture,North,13,15346,15,426,2317,199498,7,3,2023
3653,2024-03-28,Coffee Table,Furniture,North,17,35060,18,211,9149,596020,3,1,2024
3654,2024-12-08,Coffee Table,Furniture,West,17,10052,12,455,2604,170884,12,4,2024
3655,2023-05-08,Bookshelf,Furniture,South,20,24052,12,400,6936,481040,5,2,2023
3656,2022-05-15,Bookshelf,Furniture,North,8,10030,5,319,5680,80240,5,2,2022
3657,2023-01-23,Bed,Furniture,East,18,23376,1,482,5269,420768,1,1,2023
3658,2025-05-14,Study Table,Furniture,West,8,14295,16,162,6768,114360,5,2,2025
3659,2025-09-08,Study Table,Furniture,East,2,38287,14,208,3826,76574,9,3,2025
3660,2023-11-28,Coffee Table,Furniture,East,9,34261,11,391,3612,308349,11,4,2023
3661,2025-12-30,Office Chair,Furniture,North,11,17803,1,489,8274,195833,12,4,2025
3662,2023-11-26,Office Chair,Furniture,North,8,26897,6,369,6290,215176,11,4,2023
3663,2025-02-14,Bookshelf,Furniture,North,4,28926,8,461,8449,115704,2,1,2025
3664,2022-12-18,Coffee Table,Furniture,South,3,28491,15,269,7302,85473,12,4,2022
3665,2023-11-13,Bookshelf,Furniture,North,8,17952,15,116,3807,143616,11,4,2023
3666,2025-02-13,Study Table,Furniture,North,19,20156,0,411,5801,382964,2,1,2025
3667,2022-05-03,Sofa,Furniture,North,2,22793,15,215,6582,45586,5,2,2022
3668,2022-12-08,Bed,Furniture,East,8,36417,8,142,2083,291336,12,4,2022
3669,2022-12-22,Wardrobe,Furniture,East,1,24433,18,473,7620,24433,12,4,2022
3670,2024-04-06,Bookshelf,Furniture,North,4,35630,0,186,2769,142520,4,2,2024
3671,2022-09-03,Study Table,Furniture,East,17,20594,13,126,7844,350098,9,3,2022
3672,2024-12-29,Wardrobe,Furniture,East,14,19978,9,205,1159,279692,12,4,2024
3673,2022-04-29,Dining Table,Furniture,East,11,7754,15,490,8016,85294,4,2,2022
3674,2025-08-06,Study Table,Furniture,East,8,13101,0,331,1061,104808,8,3,2025
3675,2025-11-23,Office Chair,Furniture,West,11,36133,16,397,3246,397463,11,4,2025
3676,2025-05-17,Dining Table,Furniture,West,7,40373,10,333,8430,282611,5,2,2025
3677,2024-04-02,Bed,Furniture,East,20,24081,0,266,7187,481620,4,2,2024
3678,2025-04-02,Wardrobe,Furniture,West,5,21286,16,197,9936,106430,4,2,2025
3679,2023-05-12,Bookshelf,Furniture,East,15,16994,14,440,1363,254910,5,2,2023
3680,2025-11-27,Sofa,Furniture,West,17,29906,3,360,2999,508402,11,4,2025
3681,2023-09-08,Study Table,Furniture,North,18,35991,4,148,4154,647838,9,3,2023
3682,2025-10-31,Sofa,Furniture,East,6,47428,0,70,9663,284568,10,4,2025
3683,2022-11-21,Study Table,Furniture,West,5,8821,8,499,9660,44105,11,4,2022
3684,2022-04-21,Sofa,Furniture,West,8,5550,8,423,3315,44400,4,2,2022
3685,2022-05-10,Bookshelf,Furniture,West,14,30520,20,69,4643,427280,5,2,2022
3686,2023-09-14,Wardrobe,Furniture,East,14,34891,18,305,1659,488474,9,3,2023
3687,2024-11-02,Dining Table,Furniture,South,9,48928,0,200,6911,440352,11,4,2024
3688,2025-04-12,Bookshelf,Furniture,South,16,14853,13,413,2684,237648,4,2,2025
3689,2023-06-09,Bookshelf,Furniture,North,13,39435,1,207,7203,512655,6,2,2023
3690,2025-01-19,Sofa,Furniture,South,11,20362,15,331,1411,223982,1,1,2025
3691,2024-04-08,Bookshelf,Furniture,North,9,15618,17,254,6939,140562,4,2,2024
3692,2023-03-15,Wardrobe,Furniture,South,12,23874,11,277,4178,286488,3,1,2023
3693,2022-11-21,Dining Table,Furniture,West,13,36715,10,192,8483,477295,11,4,2022
3694,2024-01-30,Bed,Furniture,West,2,48266,10,437,3462,96532,1,1,2024
3695,2024-07-09,Sofa,Furniture,East,13,21523,19,470,9146,279799,7,3,2024
3696,2025-01-26,Office Chair,Furniture,North,6,35812,10,271,6469,214872,1,1,2025
3697,2024-01-05,Dining Table,Furniture,East,8,37477,11,203,9626,299816,1,1,2024
3698,2023-12-07,Coffee Table,Furniture,East,16,7652,13,402,1992,122432,12,4,2023
3699,2022-07-31,Bed,Furniture,West,4,17686,8,74,7690,70744,7,3,2022
3700,2022-08-15,Wardrobe,Furniture,North,9,48009,7,317,4425,432081,8,3,2022
3701,2023-08-09,Bed,Furniture,South,16,39859,15,425,6713,637744,8,3,2023
3702,2025-10-08,Sofa,Furniture,West,8,22142,4,60,7000,177136,10,4,2025
3703,2025-01-01,Bed,Furniture,East,10,21270,4,380,5173,212700,1,1,2025
3704,2025-11-10,Coffee Table,Furniture,West,20,49745,11,233,3648,994900,11,4,2025
3705,2024-02-21,Office Chair,Furniture,North,8,11397,7,170,8641,91176,2,1,2024
3706,2022-12-20,Coffee Table,Furniture,West,1,10054,13,55,6489,10054,12,4,2022
3707,2022-08-18,Office Chair,Furniture,East,20,40930,8,348,4957,818600,8,3,2022
3708,2025-08-12,Coffee Table,Furniture,West,3,22625,8,259,5898,67875,8,3,2025
3709,2024-10-04,Office Chair,Furniture,West,2,32104,11,409,8895,64208,10,4,2024
3710,2022-04-12,Dining Table,Furniture,South,15,24670,17,227,2551,370050,4,2,2022
3711,2024-11-23,Study Table,Furniture,North,11,46598,3,227,1211,512578,11,4,2024
3712,2022-09-12,Wardrobe,Furniture,West,17,42766,7,84,1337,727022,9,3,2022
3713,2022-04-03,Coffee Table,Furniture,North,12,13014,17,421,8265,156168,4,2,2022
3714,2025-06-05,Dining Table,Furniture,North,20,28606,20,328,3684,572120,6,2,2025
3715,2023-03-29,Sofa,Furniture,South,13,27934,5,161,9160,363142,3,1,2023
3716,2025-04-28,Office Chair,Furniture,West,8,17442,14,172,8361,139536,4,2,2025
3717,2023-10-23,Office Chair,Furniture,East,1,4838,5,123,6982,4838,10,4,2023
3718,2022-05-19,Bookshelf,Furniture,North,20,48062,11,338,2653,961240,5,2,2022
3719,2023-08-14,Coffee Table,Furniture,East,20,45584,15,474,6022,911680,8,3,2023
3720,2023-11-14,Bookshelf,Furniture,South,12,18778,13,182,8842,225336,11,4,2023
3721,2024-11-14,Wardrobe,Furniture,South,16,4212,5,213,2748,67392,11,4,2024
3722,2022-06-11,Office Chair,Furniture,West,11,4578,17,80,5152,50358,6,2,2022
3723,2024-09-02,Sofa,Furniture,West,2,38114,2,155,7247,76228,9,3,2024
3724,2024-09-12,Study Table,Furniture,West,10,15260,19,491,6969,152600,9,3,2024
3725,2023-10-18,Study Table,Furniture,South,9,40144,5,382,5899,361296,10,4,2023
3726,2025-04-22,Study Table,Furniture,East,2,9766,16,325,1238,19532,4,2,2025
3727,2023-04-05,Study Table,Furniture,West,11,17167,12,422,7800,188837,4,2,2023
3728,2024-04-20,Office Chair,Furniture,South,15,44601,14,395,6306,669015,4,2,2024
3729,2022-06-08,Sofa,Furniture,West,2,2434,0,369,1089,4868,6,2,2022
3730,2024-08-17,Wardrobe,Furniture,North,4,27649,3,246,7803,110596,8,3,2024
3731,2025-01-31,Bed,Furniture,East,19,29247,13,436,5354,555693,1,1,2025
3732,2022-01-29,Coffee Table,Furniture,South,15,6471,19,262,7415,97065,1,1,2022
3733,2023-11-20,Bed,Furniture,East,12,18000,19,111,8979,216000,11,4,2023
3734,2023-03-09,Sofa,Furniture,West,3,29766,18,475,2476,89298,3,1,2023
3735,2025-05-15,Coffee Table,Furniture,West,16,47916,10,434,5540,766656,5,2,2025
3736,2024-04-23,Wardrobe,Furniture,West,14,28102,2,393,3011,393428,4,2,2024
3737,2022-07-08,Wardrobe,Furniture,East,15,15339,16,213,2100,230085,7,3,2022
3738,2025-01-20,Bed,Furniture,East,8,36413,20,341,3576,291304,1,1,2025
3739,2024-08-28,Study Table,Furniture,North,2,34078,6,135,9174,68156,8,3,2024
3740,2025-03-03,Dining Table,Furniture,South,13,29478,16,442,6763,383214,3,1,2025
3741,2023-08-29,Sofa,Furniture,East,7,12139,20,173,4903,84973,8,3,2023
3742,2025-09-25,Office Chair,Furniture,East,16,21742,5,101,2654,347872,9,3,2025
3743,2023-07-26,Coffee Table,Furniture,South,9,5072,12,476,8307,45648,7,3,2023
3744,2024-02-05,Study Table,Furniture,West,13,22574,10,392,8206,293462,2,1,2024
3745,2023-11-28,Office Chair,Furniture,West,1,17807,16,107,7398,17807,11,4,2023
3746,2023-12-04,Coffee Table,Furniture,East,20,26519,8,174,4045,530380,12,4,2023
3747,2024-02-29,Dining Table,Furniture,East,9,24105,8,161,3266,216945,2,1,2024
3748,2024-11-17,Sofa,Furniture,South,4,7400,5,96,7596,29600,11,4,2024
3749,2022-10-14,Dining Table,Furniture,West,13,15796,11,277,3423,205348,10,4,2022
3750,2022-02-19,Bed,Furniture,South,3,15061,5,259,4327,45183,2,1,2022
3751,2024-08-05,Bed,Furniture,North,14,6449,8,372,4920,90286,8,3,2024
3752,2022-06-14,Study Table,Furniture,West,20,20653,6,320,8961,413060,6,2,2022
3753,2023-08-17,Office Chair,Furniture,North,7,46249,7,490,1960,323743,8,3,2023
3754,2025-12-15,Bookshelf,Furniture,West,14,17812,18,343,9015,249368,12,4,2025
3755,2022-07-04,Office Chair,Furniture,East,4,33793,17,145,5288,135172,7,3,2022
3756,2024-01-20,Office Chair,Furniture,North,5,22788,1,469,6332,113940,1,1,2024
3757,2023-02-18,Wardrobe,Furniture,West,10,6245,17,443,7654,62450,2,1,2023
3758,2022-12-12,Dining Table,Furniture,South,18,17387,18,484,6515,312966,12,4,2022
3759,2025-05-12,Study Table,Furniture,East,8,4931,4,181,9285,39448,5,2,2025
3760,2025-04-09,Bookshelf,Furniture,East,8,8847,15,437,4172,70776,4,2,2025
3761,2025-10-01,Wardrobe,Furniture,North,19,25652,7,91,1639,487388,10,4,2025
3762,2024-07-13,Bookshelf,Furniture,North,14,19036,4,157,7481,266504,7,3,2024
3763,2023-05-15,Bed,Furniture,North,15,10539,18,321,8126,158085,5,2,2023
3764,2024-09-24,Study Table,Furniture,South,14,6827,3,342,7744,95578,9,3,2024
3765,2023-06-20,Dining Table,Furniture,North,5,11103,8,430,9177,55515,6,2,2023
3766,2022-11-30,Dining Table,Furniture,East,15,18819,13,436,5433,282285,11,4,2022
3767,2023-12-18,Wardrobe,Furniture,West,19,17093,11,354,2408,324767,12,4,2023
3768,2023-02-01,Sofa,Furniture,West,15,33360,9,448,4218,500400,2,1,2023
3769,2022-08-15,Sofa,Furniture,South,2,7378,14,322,3363,14756,8,3,2022
3770,2024-04-02,Study Table,Furniture,South,14,30581,4,485,4098,428134,4,2,2024
3771,2024-12-21,Office Chair,Furniture,East,2,22373,1,417,5307,44746,12,4,2024
3772,2023-01-04,Coffee Table,Furniture,West,4,23577,1,381,5001,94308,1,1,2023
3773,2022-09-27,Coffee Table,Furniture,East,13,16837,18,259,2866,218881,9,3,2022
3774,2023-10-11,Study Table,Furniture,East,13,36755,15,121,6144,477815,10,4,2023
3775,2023-07-23,Dining Table,Furniture,East,11,9152,0,229,3061,100672,7,3,2023
3776,2025-02-13,Coffee Table,Furniture,West,15,33895,17,100,1541,508425,2,1,2025
3777,2022-11-01,Sofa,Furniture,South,8,12010,2,401,3469,96080,11,4,2022
3778,2023-01-25,Dining Table,Furniture,North,4,19515,7,449,3055,78060,1,1,2023
3779,2025-11-30,Study Table,Furniture,East,15,46649,17,385,2130,699735,11,4,2025
3780,2022-06-08,Coffee Table,Furniture,East,10,21092,14,180,9628,210920,6,2,2022
3781,2025-05-14,Bookshelf,Furniture,East,13,33202,0,291,1709,431626,5,2,2025
3782,2025-12-14,Bookshelf,Furniture,South,3,30701,1,61,5086,92103,12,4,2025
3783,2024-01-30,Office Chair,Furniture,West,14,24210,7,175,7528,338940,1,1,2024
3784,2024-01-21,Office Chair,Furniture,North,2,30722,17,470,4859,61444,1,1,2024
3785,2025-07-17,Bookshelf,Furniture,North,9,22183,14,210,5868,199647,7,3,2025
3786,2024-11-21,Wardrobe,Furniture,North,13,14275,0,360,4403,185575,11,4,2024
3787,2023-06-02,Coffee Table,Furniture,West,13,23709,18,257,9905,308217,6,2,2023
3788,2025-03-01,Study Table,Furniture,East,2,22369,9,334,3728,44738,3,1,2025
3789,2023-04-12,Dining Table,Furniture,East,1,23384,11,188,3781,23384,4,2,2023
3790,2022-10-20,Office Chair,Furniture,East,5,21544,0,376,5249,107720,10,4,2022
3791,2025-08-04,Bookshelf,Furniture,South,11,32683,10,230,1139,359513,8,3,2025
3792,2024-12-26,Bookshelf,Furniture,West,5,35366,6,296,4053,176830,12,4,2024
3793,2023-09-20,Dining Table,Furniture,North,8,43662,15,409,2644,349296,9,3,2023
3794,2023-11-29,Office Chair,Furniture,South,15,29737,7,213,7561,446055,11,4,2023
3795,2023-04-24,Bed,Furniture,North,19,42644,4,283,5838,810236,4,2,2023
3796,2024-05-26,Office Chair,Furniture,West,10,27906,18,488,9891,279060,5,2,2024
3797,2022-04-04,Study Table,Furniture,North,6,49809,16,435,7896,298854,4,2,2022
3798,2022-06-16,Bed,Furniture,East,16,26006,14,97,7565,416096,6,2,2022
3799,2023-04-22,Sofa,Furniture,North,1,7810,14,180,4874,7810,4,2,2023
3800,2025-09-03,Sofa,Furniture,North,4,25087,9,219,3331,100348,9,3,2025
3801,2023-01-08,Dining Table,Furniture,South,19,27056,13,279,1386,514064,1,1,2023
3802,2023-03-15,Sofa,Furniture,South,5,43129,13,132,5887,215645,3,1,2023
3803,2023-01-11,Sofa,Furniture,North,17,17078,2,91,1912,290326,1,1,2023
3804,2022-12-29,Study Table,Furniture,North,10,14384,20,363,9572,143840,12,4,2022
3805,2022-12-29,Bookshelf,Furniture,South,5,43745,17,326,4255,218725,12,4,2022
3806,2023-04-07,Study Table,Furniture,West,17,41816,17,303,3007,710872,4,2,2023
3807,2022-08-01,Dining Table,Furniture,West,3,49200,6,174,8968,147600,8,3,2022
3808,2024-04-30,Coffee Table,Furniture,South,9,22122,18,360,5907,199098,4,2,2024
3809,2025-07-09,Office Chair,Furniture,East,16,35901,17,367,5732,574416,7,3,2025
3810,2025-09-16,Bookshelf,Furniture,South,7,31593,3,123,2218,221151,9,3,2025
3811,2023-11-17,Sofa,Furniture,West,6,27786,7,450,6802,166716,11,4,2023
3812,2023-06-29,Bed,Furniture,West,15,4314,13,397,2828,64710,6,2,2023
3813,2023-05-09,Dining Table,Furniture,West,8,34329,0,441,7222,274632,5,2,2023
3814,2022-06-25,Bookshelf,Furniture,South,5,25669,20,445,7712,128345,6,2,2022
3815,2024-02-16,Bed,Furniture,West,19,45819,8,163,2665,870561,2,1,2024
3816,2022-03-15,Coffee Table,Furniture,East,6,15809,4,150,9219,94854,3,1,2022
3817,2022-08-26,Bookshelf,Furniture,South,5,10219,5,385,4962,51095,8,3,2022
3818,2024-04-19,Study Table,Furniture,West,17,48671,2,261,2817,827407,4,2,2024
3819,2022-11-13,Bookshelf,Furniture,North,15,3970,2,71,7341,59550,11,4,2022
3820,2024-06-07,Bed,Furniture,South,15,32076,6,148,7977,481140,6,2,2024
3821,2022-04-05,Coffee Table,Furniture,South,20,11908,9,200,8639,238160,4,2,2022
3822,2024-05-02,Sofa,Furniture,West,20,4633,0,361,1878,92660,5,2,2024
3823,2022-11-13,Study Table,Furniture,West,20,36283,13,263,1469,725660,11,4,2022
3824,2023-11-16,Office Chair,Furniture,North,17,18601,20,320,1188,316217,11,4,2023
3825,2025-05-23,Dining Table,Furniture,East,14,45860,9,228,8510,642040,5,2,2025
3826,2024-04-02,Bookshelf,Furniture,East,16,19889,17,474,4797,318224,4,2,2024
3827,2022-09-13,Bookshelf,Furniture,North,11,48307,16,462,9185,531377,9,3,2022
3828,2022-07-24,Bed,Furniture,East,15,18832,0,358,1541,282480,7,3,2022
3829,2024-01-21,Office Chair,Furniture,South,15,38810,7,371,7791,582150,1,1,2024
3830,2023-06-21,Wardrobe,Furniture,East,16,47526,5,401,1274,760416,6,2,2023
3831,2024-08-07,Sofa,Furniture,South,10,11848,15,432,8268,118480,8,3,2024
3832,2023-10-09,Bookshelf,Furniture,East,12,21311,11,324,8693,255732,10,4,2023
3833,2025-06-01,Office Chair,Furniture,West,20,20932,4,89,8617,418640,6,2,2025
3834,2024-07-18,Study Table,Furniture,South,6,14735,6,293,4596,88410,7,3,2024
3835,2023-11-15,Sofa,Furniture,West,9,42764,10,460,3877,384876,11,4,2023
3836,2025-03-05,Coffee Table,Furniture,East,19,34655,2,199,7921,658445,3,1,2025
3837,2023-11-10,Office Chair,Furniture,East,8,32086,3,144,2486,256688,11,4,2023
3838,2022-03-13,Sofa,Furniture,South,19,31118,8,384,2043,591242,3,1,2022
3839,2022-05-22,Study Table,Furniture,East,20,40520,11,131,3470,810400,5,2,2022
3840,2025-07-11,Office Chair,Furniture,North,15,29056,20,478,3892,435840,7,3,2025
3841,2023-06-29,Office Chair,Furniture,North,13,49218,6,379,4573,639834,6,2,2023
3842,2022-12-04,Dining Table,Furniture,East,17,35302,13,481,1681,600134,12,4,2022
3843,2025-06-18,Dining Table,Furniture,South,2,35258,10,403,2451,70516,6,2,2025
3844,2024-10-18,Office Chair,Furniture,West,14,33716,16,149,1813,472024,10,4,2024
3845,2022-06-21,Coffee Table,Furniture,East,3,44917,0,272,4436,134751,6,2,2022
3846,2022-08-03,Bed,Furniture,North,10,47778,5,75,7603,477780,8,3,2022
3847,2022-02-25,Sofa,Furniture,West,8,37779,13,281,4195,302232,2,1,2022
3848,2023-04-23,Bed,Furniture,South,1,41039,18,352,5318,41039,4,2,2023
3849,2022-05-23,Bed,Furniture,North,2,43953,12,297,6927,87906,5,2,2022
3850,2023-04-12,Study Table,Furniture,West,8,23619,12,286,6086,188952,4,2,2023
3851,2022-01-14,Study Table,Furniture,West,2,36494,14,411,5757,72988,1,1,2022
3852,2022-09-01,Sofa,Furniture,East,2,29108,9,165,2294,58216,9,3,2022
3853,2025-12-28,Bed,Furniture,North,10,45724,5,326,8806,457240,12,4,2025
3854,2025-07-23,Office Chair,Furniture,North,4,12135,5,187,4759,48540,7,3,2025
3855,2025-01-03,Study Table,Furniture,East,3,9058,7,163,3244,27174,1,1,2025
3856,2025-06-12,Bookshelf,Furniture,West,18,28547,16,132,4972,513846,6,2,2025
3857,2023-06-14,Bed,Furniture,East,9,10873,4,358,1544,97857,6,2,2023
3858,2023-01-10,Wardrobe,Furniture,West,13,2376,12,333,1158,30888,1,1,2023
3859,2022-06-11,Wardrobe,Furniture,East,10,13833,8,104,5225,138330,6,2,2022
3860,2023-06-09,Sofa,Furniture,East,3,10301,5,119,3817,30903,6,2,2023
3861,2022-11-07,Office Chair,Furniture,East,15,3578,10,54,1785,53670,11,4,2022
3862,2024-03-31,Wardrobe,Furniture,South,7,14791,14,364,4365,103537,3,1,2024
3863,2024-04-20,Study Table,Furniture,South,1,28021,18,404,2761,28021,4,2,2024
3864,2025-12-20,Sofa,Furniture,North,14,26100,14,457,7259,365400,12,4,2025
3865,2023-09-28,Wardrobe,Furniture,North,6,26936,3,53,8306,161616,9,3,2023
3866,2023-08-12,Dining Table,Furniture,South,14,30314,8,218,2445,424396,8,3,2023
3867,2023-06-25,Coffee Table,Furniture,East,17,6808,2,458,5835,115736,6,2,2023
3868,2024-08-23,Dining Table,Furniture,West,4,16508,7,482,9920,66032,8,3,2024
3869,2023-09-17,Study Table,Furniture,North,13,13563,15,480,8842,176319,9,3,2023
3870,2024-04-11,Wardrobe,Furniture,South,11,6116,12,194,2814,67276,4,2,2024
3871,2024-04-22,Dining Table,Furniture,East,13,37019,5,209,5002,481247,4,2,2024
3872,2022-10-23,Study Table,Furniture,East,4,28344,14,474,4266,113376,10,4,2022
3873,2025-11-05,Wardrobe,Furniture,West,9,48784,18,420,4846,439056,11,4,2025
3874,2024-04-26,Office Chair,Furniture,East,3,19590,7,262,1971,58770,4,2,2024
3875,2023-08-02,Study Table,Furniture,South,2,9311,10,114,8102,18622,8,3,2023
3876,2025-11-27,Wardrobe,Furniture,West,4,31343,4,258,1181,125372,11,4,2025
3877,2024-08-04,Bookshelf,Furniture,West,10,34577,8,488,3109,345770,8,3,2024
3878,2022-02-27,Bed,Furniture,East,20,9763,14,196,8767,195260,2,1,2022
3879,2024-07-22,Sofa,Furniture,West,8,40539,7,423,2702,324312,7,3,2024
3880,2024-01-31,Bookshelf,Furniture,East,16,44236,2,188,2117,707776,1,1,2024
3881,2022-08-31,Bookshelf,Furniture,North,1,4894,19,214,8133,4894,8,3,2022
3882,2023-06-10,Wardrobe,Furniture,North,20,6145,12,71,1283,122900,6,2,2023
3883,2023-03-16,Bookshelf,Furniture,East,7,27684,10,89,2990,193788,3,1,2023
3884,2025-03-16,Wardrobe,Furniture,North,11,33252,19,305,8501,365772,3,1,2025
3885,2024-09-11,Sofa,Furniture,West,15,48085,1,114,4129,721275,9,3,2024
3886,2024-11-20,Coffee Table,Furniture,East,14,41449,7,121,3137,580286,11,4,2024
3887,2025-10-31,Sofa,Furniture,South,3,41707,19,186,4244,125121,10,4,2025
3888,2022-05-31,Dining Table,Furniture,North,9,7612,19,283,1415,68508,5,2,2022
3889,2025-03-10,Office Chair,Furniture,North,20,14114,6,303,1766,282280,3,1,2025
3890,2022-08-18,Wardrobe,Furniture,South,3,27945,19,402,3822,83835,8,3,2022
3891,2023-05-09,Coffee Table,Furniture,West,6,11867,9,117,8420,71202,5,2,2023
3892,2023-07-30,Bookshelf,Furniture,West,12,48857,20,395,8180,586284,7,3,2023
3893,2022-10-14,Study Table,Furniture,West,19,22611,5,331,4406,429609,10,4,2022
3894,2024-06-02,Bookshelf,Furniture,West,4,2650,13,281,7359,10600,6,2,2024
3895,2024-03-27,Coffee Table,Furniture,East,11,44430,19,256,4211,488730,3,1,2024
3896,2022-10-26,Bookshelf,Furniture,East,5,5867,13,438,9860,29335,10,4,2022
3897,2024-03-13,Office Chair,Furniture,West,1,35062,1,471,2929,35062,3,1,2024
3898,2024-11-15,Study Table,Furniture,South,12,45683,2,119,8143,548196,11,4,2024
3899,2025-11-01,Dining Table,Furniture,East,14,9368,4,115,9358,131152,11,4,2025
3900,2023-04-09,Office Chair,Furniture,South,6,42519,2,94,3428,255114,4,2,2023
3901,2025-09-02,Bed,Furniture,East,20,2677,16,415,5176,53540,9,3,2025
3902,2023-01-30,Bed,Furniture,West,12,28873,8,263,1255,346476,1,1,2023
3903,2025-06-25,Bed,Furniture,South,5,33028,1,146,3121,165140,6,2,2025
3904,2023-05-26,Study Table,Furniture,East,20,12686,9,107,2883,253720,5,2,2023
3905,2025-03-03,Dining Table,Furniture,West,5,42699,12,109,7709,213495,3,1,2025
3906,2022-05-03,Coffee Table,Furniture,West,9,33229,5,264,3703,299061,5,2,2022
3907,2023-09-19,Sofa,Furniture,North,15,7219,11,72,6808,108285,9,3,2023
3908,2024-10-17,Bed,Furniture,North,2,25924,12,459,3422,51848,10,4,2024
3909,2024-05-19,Sofa,Furniture,South,20,49075,6,64,3858,981500,5,2,2024
3910,2024-08-07,Bookshelf,Furniture,South,2,21229,2,456,5316,42458,8,3,2024
3911,2022-03-12,Study Table,Furniture,East,4,17348,17,156,7735,69392,3,1,2022
3912,2022-12-24,Sofa,Furniture,North,16,21717,0,493,6879,347472,12,4,2022
3913,2022-06-14,Bed,Furniture,West,11,46257,18,443,9806,508827,6,2,2022
3914,2022-06-06,Coffee Table,Furniture,South,7,25928,13,255,9735,181496,6,2,2022
3915,2022-12-29,Dining Table,Furniture,East,6,47129,4,91,3987,282774,12,4,2022
3916,2023-04-27,Coffee Table,Furniture,North,11,45037,13,250,3982,495407,4,2,2023
3917,2024-03-06,Sofa,Furniture,South,5,45426,1,288,4259,227130,3,1,2024
3918,2022-11-05,Dining Table,Furniture,South,11,47420,20,375,2494,521620,11,4,2022
3919,2023-05-13,Coffee Table,Furniture,South,17,21504,3,294,6471,365568,5,2,2023
3920,2024-10-23,Coffee Table,Furniture,South,10,11792,11,139,9994,117920,10,4,2024
3921,2022-05-09,Bed,Furniture,North,16,25285,9,139,3423,404560,5,2,2022
3922,2023-09-20,Sofa,Furniture,North,18,19316,1,336,2991,347688,9,3,2023
3923,2023-10-29,Dining Table,Furniture,East,12,36431,14,143,6790,437172,10,4,2023
3924,2025-11-02,Dining Table,Furniture,North,11,8783,0,321,6751,96613,11,4,2025
3925,2025-04-26,Sofa,Furniture,North,2,43918,3,169,4204,87836,4,2,2025
3926,2024-10-13,Wardrobe,Furniture,West,4,39525,15,135,7222,158100,10,4,2024
3927,2025-08-04,Bookshelf,Furniture,South,2,34187,4,345,4408,68374,8,3,2025
3928,2023-10-09,Bed,Furniture,North,12,23746,11,311,3589,284952,10,4,2023
3929,2022-04-06,Study Table,Furniture,North,2,25174,14,284,3488,50348,4,2,2022
3930,2024-05-05,Study Table,Furniture,South,16,29431,20,441,7414,470896,5,2,2024
3931,2024-10-10,Coffee Table,Furniture,West,1,37748,12,433,7053,37748,10,4,2024
3932,2025-10-22,Sofa,Furniture,North,1,35196,14,144,8138,35196,10,4,2025
3933,2025-08-24,Bookshelf,Furniture,East,4,22793,0,360,4754,91172,8,3,2025
3934,2024-11-27,Bookshelf,Furniture,West,8,32278,12,388,3290,258224,11,4,2024
3935,2022-12-17,Bed,Furniture,West,19,44104,12,395,9672,837976,12,4,2022
3936,2023-02-28,Bed,Furniture,North,12,31556,19,182,2442,378672,2,1,2023
3937,2025-01-27,Study Table,Furniture,South,9,2743,11,472,3559,24687,1,1,2025
3938,2022-10-28,Office Chair,Furniture,North,2,25740,1,111,4442,51480,10,4,2022
3939,2024-10-18,Study Table,Furniture,North,4,33616,19,263,3393,134464,10,4,2024
3940,2023-11-28,Bookshelf,Furniture,East,9,19419,18,319,2793,174771,11,4,2023
3941,2022-05-26,Office Chair,Furniture,East,3,17128,13,113,3196,51384,5,2,2022
3942,2024-03-05,Bed,Furniture,East,2,34041,10,316,5296,68082,3,1,2024
3943,2024-02-17,Study Table,Furniture,East,6,25890,20,115,7682,155340,2,1,2024
3944,2024-05-31,Office Chair,Furniture,South,3,44003,2,373,7994,132009,5,2,2024
3945,2024-11-26,Bookshelf,Furniture,North,12,39394,10,183,1518,472728,11,4,2024
3946,2023-11-01,Wardrobe,Furniture,North,20,48878,15,106,5639,977560,11,4,2023
3947,2025-06-10,Bed,Furniture,North,17,46882,15,109,3600,796994,6,2,2025
3948,2023-01-27,Dining Table,Furniture,North,3,47196,14,346,4293,141588,1,1,2023
3949,2024-01-30,Bed,Furniture,East,6,12637,2,56,3492,75822,1,1,2024
3950,2024-10-04,Bookshelf,Furniture,West,12,6996,16,467,8796,83952,10,4,2024
3951,2024-04-24,Office Chair,Furniture,East,3,33002,7,158,2926,99006,4,2,2024
3952,2023-01-01,Study Table,Furniture,South,18,6748,10,99,4563,121464,1,1,2023
3953,2022-04-21,Study Table,Furniture,North,14,20178,3,155,8341,282492,4,2,2022
3954,2023-04-10,Dining Table,Furniture,East,10,45133,17,321,6882,451330,4,2,2023
3955,2022-09-05,Bed,Furniture,South,19,2865,1,214,8885,54435,9,3,2022
3956,2022-05-21,Bookshelf,Furniture,East,11,11000,12,351,6419,121000,5,2,2022
3957,2022-10-03,Dining Table,Furniture,East,1,17597,4,478,4738,17597,10,4,2022
3958,2025-02-02,Office Chair,Furniture,North,2,28526,13,333,1076,57052,2,1,2025
3959,2022-12-21,Sofa,Furniture,South,2,11693,10,184,5465,23386,12,4,2022
3960,2023-09-03,Study Table,Furniture,East,11,35068,16,112,1846,385748,9,3,2023
3961,2024-06-05,Office Chair,Furniture,West,12,31493,14,122,8546,377916,6,2,2024
3962,2022-10-21,Coffee Table,Furniture,North,14,47366,16,348,7877,663124,10,4,2022
3963,2023-06-11,Sofa,Furniture,South,8,30083,3,233,5939,240664,6,2,2023
3964,2023-12-03,Coffee Table,Furniture,West,2,2621,8,468,6491,5242,12,4,2023
3965,2024-03-01,Study Table,Furniture,South,11,29844,19,187,7552,328284,3,1,2024
3966,2025-08-31,Study Table,Furniture,West,5,29326,4,436,1972,146630,8,3,2025
3967,2024-03-24,Dining Table,Furniture,North,6,10298,12,250,9847,61788,3,1,2024
3968,2025-10-13,Bookshelf,Furniture,East,3,6190,0,253,6703,18570,10,4,2025
3969,2022-08-10,Bookshelf,Furniture,North,11,35810,12,350,5529,393910,8,3,2022
3970,2025-04-18,Bed,Furniture,North,16,22877,1,63,5870,366032,4,2,2025
3971,2025-09-24,Bookshelf,Furniture,East,2,31816,19,323,8571,63632,9,3,2025
3972,2025-08-16,Wardrobe,Furniture,North,8,36541,12,229,3109,292328,8,3,2025
3973,2024-07-13,Dining Table,Furniture,West,4,29835,20,149,9639,119340,7,3,2024
3974,2024-04-18,Bed,Furniture,West,19,27416,7,269,4376,520904,4,2,2024
3975,2023-01-22,Wardrobe,Furniture,West,15,4642,6,218,8091,69630,1,1,2023
3976,2024-07-18,Bookshelf,Furniture,East,18,20982,0,320,8341,377676,7,3,2024
3977,2025-05-06,Dining Table,Furniture,East,14,42317,6,249,6157,592438,5,2,2025
3978,2024-11-19,Study Table,Furniture,East,8,33321,4,432,5697,266568,11,4,2024
3979,2024-11-16,Study Table,Furniture,South,17,16029,0,112,5113,272493,11,4,2024
3980,2025-01-09,Office Chair,Furniture,West,2,19263,11,495,1035,38526,1,1,2025
3981,2023-05-19,Bed,Furniture,West,15,8283,10,486,1154,124245,5,2,2023
3982,2025-06-23,Coffee Table,Furniture,East,5,36497,15,52,8229,182485,6,2,2025
3983,2023-11-20,Sofa,Furniture,East,19,38077,15,95,8402,723463,11,4,2023
3984,2023-02-13,Office Chair,Furniture,South,18,46561,8,50,4890,838098,2,1,2023
3985,2023-07-05,Office Chair,Furniture,West,3,23184,4,248,8023,69552,7,3,2023
3986,2022-07-22,Office Chair,Furniture,South,16,26320,10,399,5662,421120,7,3,2022
3987,2024-12-19,Bookshelf,Furniture,South,1,12593,16,367,8601,12593,12,4,2024
3988,2025-11-10,Study Table,Furniture,South,12,41019,12,387,6192,492228,11,4,2025
3989,2022-11-16,Wardrobe,Furniture,South,4,37021,20,497,5097,148084,11,4,2022
3990,2023-01-20,Wardrobe,Furniture,North,17,17807,19,419,1320,302719,1,1,2023
3991,2024-04-14,Dining Table,Furniture,North,3,25820,18,313,9495,77460,4,2,2024
3992,2025-04-03,Bed,Furniture,South,16,45400,1,262,6258,726400,4,2,2025
3993,2025-04-17,Wardrobe,Furniture,South,1,15949,14,350,4387,15949,4,2,2025
3994,2023-12-17,Office Chair,Furniture,West,16,2291,17,272,8461,36656,12,4,2023
3995,2023-12-26,Coffee Table,Furniture,North,3,43199,13,254,8200,129597,12,4,2023
3996,2023-06-11,Bed,Furniture,South,16,39727,13,462,9093,635632,6,2,2023
3997,2025-01-20,Coffee Table,Furniture,West,8,44269,6,480,8869,354152,1,1,2025
3998,2025-05-13,Office Chair,Furniture,West,14,14693,7,299,1629,205702,5,2,2025
3999,2024-02-28,Bed,Furniture,East,15,14441,10,249,7707,216615,2,1,2024
4000,2024-04-22,Bed,Furniture,North,19,46282,14,158,5044,879358,4,2,2024
4001,2024-09-04,Study Table,Furniture,East,15,7114,17,68,9159,106710,9,3,2024
4002,2025-06-06,Office Chair,Furniture,West,15,41779,2,389,2818,626685,6,2,2025
4003,2023-11-30,Study Table,Furniture,East,1,40217,8,288,6160,40217,11,4,2023
4004,2023-08-04,Office Chair,Furniture,South,1,13758,3,276,8817,13758,8,3,2023
4005,2023-12-02,Bed,Furniture,South,3,40866,2,291,7191,122598,12,4,2023
4006,2025-09-26,Bed,Furniture,North,2,38283,14,118,2816,76566,9,3,2025
4007,2022-08-22,Study Table,Furniture,South,8,4414,18,279,8660,35312,8,3,2022
4008,2024-06-18,Bed,Furniture,West,13,24557,4,214,6487,319241,6,2,2024
4009,2024-08-23,Study Table,Furniture,East,4,42895,12,172,3253,171580,8,3,2024
4010,2025-02-04,Dining Table,Furniture,North,10,15501,12,234,1412,155010,2,1,2025
4011,2025-05-31,Wardrobe,Furniture,East,16,39875,7,304,6479,638000,5,2,2025
4012,2023-08-18,Dining Table,Furniture,South,19,9568,10,393,5963,181792,8,3,2023
4013,2023-04-08,Bed,Furniture,North,20,22705,4,289,6884,454100,4,2,2023
4014,2023-07-21,Office Chair,Furniture,East,5,34734,1,468,2043,173670,7,3,2023
4015,2025-03-27,Office Chair,Furniture,South,8,38334,4,360,4437,306672,3,1,2025
4016,2022-05-19,Study Table,Furniture,South,17,3803,9,321,1386,64651,5,2,2022
4017,2025-08-03,Office Chair,Furniture,North,16,30489,5,317,3841,487824,8,3,2025
4018,2025-11-07,Dining Table,Furniture,East,11,4050,5,267,5460,44550,11,4,2025
4019,2022-06-19,Wardrobe,Furniture,South,2,32734,1,408,3043,65468,6,2,2022
4020,2022-07-30,Bookshelf,Furniture,West,18,21752,4,370,9374,391536,7,3,2022
4021,2025-10-25,Bookshelf,Furniture,West,2,45238,17,327,9239,90476,10,4,2025
4022,2023-07-19,Bookshelf,Furniture,West,17,7463,1,54,5028,126871,7,3,2023
4023,2025-04-18,Bed,Furniture,North,11,46359,7,129,9485,509949,4,2,2025
4024,2024-12-01,Office Chair,Furniture,West,5,28083,19,86,8655,140415,12,4,2024
4025,2023-07-26,Wardrobe,Furniture,West,9,34661,15,399,2442,311949,7,3,2023
4026,2023-01-05,Wardrobe,Furniture,East,8,40531,20,130,2897,324248,1,1,2023
4027,2025-10-09,Study Table,Furniture,South,7,28945,16,140,3255,202615,10,4,2025
4028,2024-08-31,Coffee Table,Furniture,East,10,42150,15,189,9552,421500,8,3,2024
4029,2025-08-31,Coffee Table,Furniture,East,19,27910,13,187,6425,530290,8,3,2025
4030,2024-07-23,Coffee Table,Furniture,East,18,11333,7,190,8840,203994,7,3,2024
4031,2022-09-20,Study Table,Furniture,South,6,3968,11,354,3772,23808,9,3,2022
4032,2025-04-15,Wardrobe,Furniture,South,6,32501,9,204,9035,195006,4,2,2025
4033,2022-12-13,Bookshelf,Furniture,North,17,15743,19,87,5913,267631,12,4,2022
4034,2024-12-04,Office Chair,Furniture,East,10,26112,11,392,3243,261120,12,4,2024
4035,2022-07-01,Bed,Furniture,South,5,13927,8,473,2983,69635,7,3,2022
4036,2023-01-04,Study Table,Furniture,West,5,41311,2,149,3757,206555,1,1,2023
4037,2025-07-11,Dining Table,Furniture,West,5,13924,2,167,4140,69620,7,3,2025
4038,2022-06-09,Study Table,Furniture,North,9,44293,12,356,4427,398637,6,2,2022
4039,2025-09-04,Sofa,Furniture,North,1,15592,4,347,7588,15592,9,3,2025
4040,2025-07-09,Dining Table,Furniture,West,5,16567,11,212,5658,82835,7,3,2025
4041,2025-01-12,Office Chair,Furniture,South,1,15022,19,258,1111,15022,1,1,2025
4042,2022-08-12,Bookshelf,Furniture,North,16,5764,17,151,7629,92224,8,3,2022
4043,2023-10-19,Wardrobe,Furniture,East,16,49831,5,56,8065,797296,10,4,2023
4044,2025-02-28,Office Chair,Furniture,North,4,31016,19,309,1019,124064,2,1,2025
4045,2025-10-08,Bookshelf,Furniture,West,1,17260,2,312,1710,17260,10,4,2025
4046,2022-06-23,Study Table,Furniture,East,5,4777,8,92,3572,23885,6,2,2022
4047,2023-05-27,Study Table,Furniture,East,4,49903,5,416,8396,199612,5,2,2023
4048,2022-07-05,Wardrobe,Furniture,East,3,49578,4,151,8442,148734,7,3,2022
4049,2022-08-30,Dining Table,Furniture,West,11,25101,19,485,5778,276111,8,3,2022
4050,2022-02-19,Coffee Table,Furniture,East,12,34060,10,129,5520,408720,2,1,2022
4051,2022-01-14,Coffee Table,Furniture,East,14,25855,19,433,7154,361970,1,1,2022
4052,2025-04-24,Wardrobe,Furniture,West,6,7790,8,298,6634,46740,4,2,2025
4053,2025-12-20,Office Chair,Furniture,South,15,6938,15,382,5276,104070,12,4,2025
4054,2022-01-23,Study Table,Furniture,South,16,42202,18,132,7933,675232,1,1,2022
4055,2023-05-05,Sofa,Furniture,East,16,44657,14,447,7955,714512,5,2,2023
4056,2022-09-13,Office Chair,Furniture,South,17,7004,2,117,7595,119068,9,3,2022
4057,2024-04-30,Bookshelf,Furniture,South,8,29375,7,54,7572,235000,4,2,2024
4058,2025-02-01,Wardrobe,Furniture,North,18,10901,3,216,7826,196218,2,1,2025
4059,2023-08-22,Sofa,Furniture,North,7,48017,19,399,2883,336119,8,3,2023
4060,2023-10-26,Bookshelf,Furniture,North,14,30472,1,485,7259,426608,10,4,2023
4061,2022-09-11,Dining Table,Furniture,East,17,20106,11,81,3574,341802,9,3,2022
4062,2022-10-20,Bookshelf,Furniture,South,14,49472,20,255,5676,692608,10,4,2022
4063,2022-08-16,Wardrobe,Furniture,North,7,45157,17,279,6482,316099,8,3,2022
4064,2025-04-03,Office Chair,Furniture,West,1,35909,12,199,7039,35909,4,2,2025
4065,2023-09-22,Coffee Table,Furniture,North,20,19503,8,333,2782,390060,9,3,2023
4066,2023-05-29,Coffee Table,Furniture,North,16,28600,0,155,1565,457600,5,2,2023
4067,2023-11-15,Wardrobe,Furniture,North,13,27372,11,379,9805,355836,11,4,2023
4068,2022-09-10,Bookshelf,Furniture,East,13,42357,7,241,6690,550641,9,3,2022
4069,2024-09-09,Bookshelf,Furniture,East,15,31533,4,139,1598,472995,9,3,2024
4070,2025-02-27,Sofa,Furniture,South,2,5059,11,367,4002,10118,2,1,2025
4071,2023-04-12,Sofa,Furniture,North,19,30589,14,156,5835,581191,4,2,2023
4072,2025-08-01,Study Table,Furniture,South,12,38272,1,370,1764,459264,8,3,2025
4073,2022-05-08,Bed,Furniture,East,8,32680,15,227,5351,261440,5,2,2022
4074,2022-04-10,Sofa,Furniture,North,17,3769,20,77,3872,64073,4,2,2022
4075,2023-12-29,Study Table,Furniture,South,8,37674,2,481,1916,301392,12,4,2023
4076,2023-03-19,Bed,Furniture,East,10,27933,4,453,5995,279330,3,1,2023
4077,2023-03-29,Bed,Furniture,West,8,48481,4,279,8174,387848,3,1,2023
4078,2022-12-21,Coffee Table,Furniture,East,12,16931,7,446,1749,203172,12,4,2022
4079,2023-05-09,Coffee Table,Furniture,North,18,14365,11,185,2091,258570,5,2,2023
4080,2024-02-26,Bookshelf,Furniture,West,12,45182,3,394,6149,542184,2,1,2024
4081,2023-12-21,Sofa,Furniture,West,9,46192,2,250,1365,415728,12,4,2023
4082,2023-09-01,Bed,Furniture,West,7,15395,7,313,6994,107765,9,3,2023
4083,2024-10-09,Wardrobe,Furniture,South,4,25451,10,323,9148,101804,10,4,2024
4084,2025-09-15,Bed,Furniture,North,6,19337,14,365,3689,116022,9,3,2025
4085,2023-11-11,Sofa,Furniture,West,18,38005,11,198,8688,684090,11,4,2023
4086,2022-02-20,Wardrobe,Furniture,East,16,41282,14,172,6524,660512,2,1,2022
4087,2023-10-30,Bed,Furniture,West,3,48574,16,308,9249,145722,10,4,2023
4088,2025-10-19,Bed,Furniture,North,18,44363,5,131,5889,798534,10,4,2025
4089,2022-05-31,Dining Table,Furniture,North,13,25263,8,339,3557,328419,5,2,2022
4090,2025-06-20,Office Chair,Furniture,East,7,48818,7,128,5932,341726,6,2,2025
4091,2022-07-25,Wardrobe,Furniture,North,1,28740,9,367,4773,28740,7,3,2022
4092,2025-01-12,Wardrobe,Furniture,East,16,5992,13,52,3353,95872,1,1,2025
4093,2024-11-06,Office Chair,Furniture,South,10,34599,14,60,9444,345990,11,4,2024
4094,2023-04-11,Bed,Furniture,West,9,20881,12,250,3717,187929,4,2,2023
4095,2024-09-28,Wardrobe,Furniture,West,15,39302,3,399,3716,589530,9,3,2024
4096,2025-01-11,Study Table,Furniture,West,19,44573,8,292,8958,846887,1,1,2025
4097,2022-07-05,Study Table,Furniture,West,9,39862,19,231,2049,358758,7,3,2022
4098,2022-06-15,Office Chair,Furniture,South,13,17680,8,110,9891,229840,6,2,2022
4099,2025-02-20,Coffee Table,Furniture,West,7,39654,15,424,8052,277578,2,1,2025
4100,2024-11-20,Office Chair,Furniture,West,10,14104,12,315,5939,141040,11,4,2024
4101,2024-01-29,Sofa,Furniture,West,6,32925,2,150,1808,197550,1,1,2024
4102,2022-06-16,Bookshelf,Furniture,East,5,22046,14,280,3489,110230,6,2,2022
4103,2023-10-04,Office Chair,Furniture,South,1,38419,11,210,2285,38419,10,4,2023
4104,2025-08-13,Sofa,Furniture,North,13,16321,6,273,5410,212173,8,3,2025
4105,2024-01-22,Wardrobe,Furniture,East,20,48626,18,345,4778,972520,1,1,2024
4106,2022-02-07,Dining Table,Furniture,North,3,41542,3,408,2276,124626,2,1,2022
4107,2023-08-16,Wardrobe,Furniture,South,18,19903,11,466,7333,358254,8,3,2023
4108,2024-09-11,Office Chair,Furniture,South,8,18351,1,217,8082,146808,9,3,2024
4109,2025-02-26,Sofa,Furniture,South,7,11489,12,174,8747,80423,2,1,2025
4110,2022-10-25,Bookshelf,Furniture,West,12,33878,20,150,8724,406536,10,4,2022
4111,2024-10-01,Dining Table,Furniture,East,19,41330,5,462,8234,785270,10,4,2024
4112,2022-01-31,Dining Table,Furniture,South,4,4840,13,125,2829,19360,1,1,2022
4113,2023-11-16,Sofa,Furniture,South,10,29539,19,191,5948,295390,11,4,2023
4114,2024-03-18,Coffee Table,Furniture,North,17,17167,5,212,8269,291839,3,1,2024
4115,2024-12-21,Study Table,Furniture,South,11,48441,6,351,3678,532851,12,4,2024
4116,2022-03-29,Study Table,Furniture,South,16,38153,3,494,3931,610448,3,1,2022
4117,2022-11-16,Bookshelf,Furniture,South,4,24358,19,402,1491,97432,11,4,2022
4118,2022-01-01,Wardrobe,Furniture,West,19,33974,3,50,8215,645506,1,1,2022
4119,2022-01-18,Dining Table,Furniture,North,2,48143,13,382,4044,96286,1,1,2022
4120,2023-06-15,Bed,Furniture,East,7,13514,11,173,4538,94598,6,2,2023
4121,2025-11-23,Bed,Furniture,East,12,19094,17,244,4134,229128,11,4,2025
4122,2023-03-09,Sofa,Furniture,South,18,15456,3,244,2623,278208,3,1,2023
4123,2025-12-04,Coffee Table,Furniture,South,8,37699,14,256,6503,301592,12,4,2025
4124,2024-03-26,Study Table,Furniture,East,5,25522,15,339,9331,127610,3,1,2024
4125,2022-09-15,Study Table,Furniture,South,9,25068,13,222,8614,225612,9,3,2022
4126,2024-02-02,Bed,Furniture,West,14,44839,19,361,6811,627746,2,1,2024
4127,2024-06-30,Office Chair,Furniture,North,7,46452,8,356,1605,325164,6,2,2024
4128,2025-01-29,Wardrobe,Furniture,South,11,34850,8,396,1272,383350,1,1,2025
4129,2025-11-05,Coffee Table,Furniture,North,20,2545,16,452,3225,50900,11,4,2025
4130,2022-11-16,Bookshelf,Furniture,West,17,23621,4,142,9501,401557,11,4,2022
4131,2023-06-15,Bookshelf,Furniture,South,4,13162,15,448,8099,52648,6,2,2023
4132,2022-09-15,Office Chair,Furniture,West,15,42756,2,134,6627,641340,9,3,2022
4133,2025-10-11,Coffee Table,Furniture,West,6,45786,19,260,7477,274716,10,4,2025
4134,2023-07-10,Bookshelf,Furniture,East,1,9866,12,291,7384,9866,7,3,2023
4135,2025-04-08,Bookshelf,Furniture,South,17,35388,8,334,5831,601596,4,2,2025
4136,2024-02-06,Bed,Furniture,South,19,49579,20,119,1946,942001,2,1,2024
4137,2024-04-15,Sofa,Furniture,North,2,16300,0,259,1333,32600,4,2,2024
4138,2025-04-29,Coffee Table,Furniture,East,9,31316,8,262,8555,281844,4,2,2025
4139,2023-10-11,Coffee Table,Furniture,South,4,28764,12,424,3772,115056,10,4,2023
4140,2023-10-17,Office Chair,Furniture,West,13,6122,1,96,1680,79586,10,4,2023
4141,2022-01-18,Coffee Table,Furniture,South,6,29102,17,95,1936,174612,1,1,2022
4142,2022-01-21,Office Chair,Furniture,West,5,34524,19,163,7869,172620,1,1,2022
4143,2025-10-25,Office Chair,Furniture,West,10,18365,17,338,4218,183650,10,4,2025
4144,2022-05-11,Bookshelf,Furniture,South,2,16730,1,271,5937,33460,5,2,2022
4145,2025-09-18,Office Chair,Furniture,South,9,35071,3,404,4179,315639,9,3,2025
4146,2024-05-16,Bed,Furniture,South,17,10484,8,369,6862,178228,5,2,2024
4147,2022-06-21,Office Chair,Furniture,West,19,3986,10,222,6951,75734,6,2,2022
4148,2025-03-28,Bookshelf,Furniture,East,11,45901,0,172,8654,504911,3,1,2025
4149,2024-06-03,Bookshelf,Furniture,South,7,9838,19,211,4677,68866,6,2,2024
4150,2024-03-24,Office Chair,Furniture,West,15,37666,4,154,5248,564990,3,1,2024
4151,2025-11-27,Sofa,Furniture,North,20,41042,17,499,4107,820840,11,4,2025
4152,2025-05-28,Sofa,Furniture,East,18,5294,3,218,5349,95292,5,2,2025
4153,2023-05-30,Bed,Furniture,South,6,26846,18,107,2522,161076,5,2,2023
4154,2024-09-16,Bed,Furniture,North,12,18988,11,497,7339,227856,9,3,2024
4155,2022-01-29,Office Chair,Furniture,West,14,9256,6,463,5907,129584,1,1,2022
4156,2025-04-26,Office Chair,Furniture,South,3,40298,11,156,4435,120894,4,2,2025
4157,2025-11-02,Office Chair,Furniture,South,18,4325,7,265,2947,77850,11,4,2025
4158,2023-01-23,Study Table,Furniture,South,6,17499,9,376,7342,104994,1,1,2023
4159,2023-05-15,Sofa,Furniture,East,17,35605,10,494,4116,605285,5,2,2023
4160,2024-01-09,Bed,Furniture,North,19,40153,8,393,3821,762907,1,1,2024
4161,2024-04-18,Study Table,Furniture,East,16,47840,16,192,6054,765440,4,2,2024
4162,2024-08-22,Sofa,Furniture,West,19,17492,12,419,5259,332348,8,3,2024
4163,2022-04-10,Bookshelf,Furniture,South,18,16260,17,290,5596,292680,4,2,2022
4164,2025-06-03,Study Table,Furniture,South,1,41383,1,425,7503,41383,6,2,2025
4165,2022-10-29,Study Table,Furniture,East,1,19667,14,283,4536,19667,10,4,2022
4166,2023-06-29,Wardrobe,Furniture,South,10,47845,10,356,3649,478450,6,2,2023
4167,2022-06-08,Office Chair,Furniture,West,11,14874,8,116,2997,163614,6,2,2022
4168,2022-07-13,Office Chair,Furniture,East,20,37813,8,118,5213,756260,7,3,2022
4169,2025-05-05,Coffee Table,Furniture,East,10,43014,1,433,6774,430140,5,2,2025
4170,2023-01-08,Wardrobe,Furniture,East,5,15676,16,400,8157,78380,1,1,2023
4171,2022-03-01,Wardrobe,Furniture,North,7,16176,8,264,9456,113232,3,1,2022
4172,2024-09-12,Sofa,Furniture,East,9,32513,18,430,5097,292617,9,3,2024
4173,2023-03-30,Bookshelf,Furniture,East,16,15772,16,343,3183,252352,3,1,2023
4174,2022-02-17,Office Chair,Furniture,North,14,29069,4,154,9688,406966,2,1,2022
4175,2023-05-30,Bed,Furniture,North,15,38374,2,113,7193,575610,5,2,2023
4176,2025-12-11,Office Chair,Furniture,West,12,31898,15,80,6126,382776,12,4,2025
4177,2022-06-02,Coffee Table,Furniture,South,18,11077,18,453,1854,199386,6,2,2022
4178,2022-06-22,Office Chair,Furniture,South,19,34702,0,449,8639,659338,6,2,2022
4179,2022-08-28,Wardrobe,Furniture,East,3,47193,16,169,6479,141579,8,3,2022
4180,2025-12-09,Wardrobe,Furniture,East,17,34940,9,230,6967,593980,12,4,2025
4181,2025-08-01,Wardrobe,Furniture,West,11,21732,8,344,2398,239052,8,3,2025
4182,2024-11-30,Wardrobe,Furniture,West,16,29802,6,483,3512,476832,11,4,2024
4183,2022-07-01,Bookshelf,Furniture,North,13,38623,7,447,2937,502099,7,3,2022
4184,2025-08-10,Sofa,Furniture,North,11,18576,1,393,2530,204336,8,3,2025
4185,2025-12-28,Wardrobe,Furniture,West,20,40865,3,124,4221,817300,12,4,2025
4186,2024-07-15,Coffee Table,Furniture,North,20,46203,14,123,6211,924060,7,3,2024
4187,2025-09-05,Bookshelf,Furniture,East,2,8301,3,136,6105,16602,9,3,2025
4188,2024-01-12,Sofa,Furniture,West,16,40489,19,339,5476,647824,1,1,2024
4189,2025-11-15,Wardrobe,Furniture,North,3,26865,18,136,2214,80595,11,4,2025
4190,2024-06-20,Bookshelf,Furniture,West,20,40250,2,283,3056,805000,6,2,2024
4191,2024-10-01,Bookshelf,Furniture,West,16,15383,6,156,4447,246128,10,4,2024
4192,2024-01-17,Wardrobe,Furniture,North,7,33629,1,124,6025,235403,1,1,2024
4193,2025-05-10,Bed,Furniture,North,5,26012,15,197,9607,130060,5,2,2025
4194,2022-04-22,Study Table,Furniture,South,8,14635,0,456,9307,117080,4,2,2022
4195,2022-07-29,Dining Table,Furniture,South,9,39273,15,424,5769,353457,7,3,2022
4196,2022-05-19,Sofa,Furniture,South,16,30010,2,429,6448,480160,5,2,2022
4197,2023-09-29,Study Table,Furniture,South,4,16843,4,279,2205,67372,9,3,2023
4198,2024-01-22,Bed,Furniture,West,2,21831,4,56,8192,43662,1,1,2024
4199,2023-08-20,Office Chair,Furniture,East,15,24440,8,347,9976,366600,8,3,2023
4200,2024-11-17,Study Table,Furniture,South,5,7616,12,70,8909,38080,11,4,2024
4201,2024-01-24,Study Table,Furniture,West,3,20861,9,285,9837,62583,1,1,2024
4202,2023-07-26,Wardrobe,Furniture,West,14,31834,18,383,1351,445676,7,3,2023
4203,2022-07-05,Coffee Table,Furniture,West,12,14870,5,327,8803,178440,7,3,2022
4204,2025-05-08,Wardrobe,Furniture,East,9,9840,17,493,5211,88560,5,2,2025
4205,2025-09-08,Bed,Furniture,North,5,46272,3,55,2372,231360,9,3,2025
4206,2023-03-07,Sofa,Furniture,West,10,36724,15,121,8227,367240,3,1,2023
4207,2023-09-02,Bed,Furniture,South,9,21973,0,373,6652,197757,9,3,2023
4208,2023-06-21,Wardrobe,Furniture,North,13,49188,1,426,8033,639444,6,2,2023
4209,2023-12-08,Dining Table,Furniture,West,18,37753,17,212,6428,679554,12,4,2023
4210,2024-11-09,Sofa,Furniture,East,5,10242,0,124,9004,51210,11,4,2024
4211,2025-01-19,Office Chair,Furniture,West,19,29148,5,440,6364,553812,1,1,2025
4212,2023-07-18,Wardrobe,Furniture,West,14,46904,20,63,9173,656656,7,3,2023
4213,2024-09-15,Dining Table,Furniture,South,6,32353,14,128,6547,194118,9,3,2024
4214,2024-07-04,Coffee Table,Furniture,North,6,29117,11,183,2705,174702,7,3,2024
4215,2022-03-19,Coffee Table,Furniture,North,18,43978,16,247,5196,791604,3,1,2022
4216,2022-01-05,Coffee Table,Furniture,West,8,17385,12,297,2626,139080,1,1,2022
4217,2025-12-13,Bookshelf,Furniture,East,5,20857,7,429,9836,104285,12,4,2025
4218,2022-05-18,Sofa,Furniture,South,19,32255,18,146,5573,612845,5,2,2022
4219,2025-02-13,Study Table,Furniture,South,12,21730,20,441,5313,260760,2,1,2025
4220,2024-07-18,Sofa,Furniture,South,2,29153,10,367,9186,58306,7,3,2024
4221,2022-01-17,Bookshelf,Furniture,North,13,45376,11,78,6602,589888,1,1,2022
4222,2022-05-29,Dining Table,Furniture,West,3,12148,12,273,7390,36444,5,2,2022
4223,2022-07-04,Sofa,Furniture,West,12,45791,6,354,6351,549492,7,3,2022
4224,2023-11-10,Bed,Furniture,South,17,45252,11,489,1531,769284,11,4,2023
4225,2025-09-17,Dining Table,Furniture,West,4,10021,10,151,5687,40084,9,3,2025
4226,2024-12-07,Dining Table,Furniture,North,8,14894,11,383,9422,119152,12,4,2024
4227,2023-07-25,Dining Table,Furniture,North,17,11409,15,129,8724,193953,7,3,2023
4228,2025-06-29,Dining Table,Furniture,West,10,17174,3,94,3983,171740,6,2,2025
4229,2024-03-06,Dining Table,Furniture,West,1,6917,0,137,5121,6917,3,1,2024
4230,2022-06-13,Study Table,Furniture,South,7,7359,0,179,8110,51513,6,2,2022
4231,2024-09-29,Office Chair,Furniture,South,3,43391,20,204,4756,130173,9,3,2024
4232,2024-08-26,Study Table,Furniture,South,9,17397,2,419,9288,156573,8,3,2024
4233,2025-10-12,Office Chair,Furniture,North,20,22596,20,465,9801,451920,10,4,2025
4234,2023-12-21,Coffee Table,Furniture,South,20,25656,15,367,2378,513120,12,4,2023
4235,2023-05-24,Coffee Table,Furniture,East,18,19771,18,93,8827,355878,5,2,2023
4236,2023-08-01,Coffee Table,Furniture,East,15,39465,13,470,1475,591975,8,3,2023
4237,2022-05-21,Coffee Table,Furniture,West,19,45041,16,93,6245,855779,5,2,2022
4238,2023-09-02,Dining Table,Furniture,South,15,8531,8,185,9919,127965,9,3,2023
4239,2022-04-11,Wardrobe,Furniture,West,18,9857,13,115,5245,177426,4,2,2022
4240,2024-03-10,Wardrobe,Furniture,East,7,36230,19,206,4276,253610,3,1,2024
4241,2023-05-22,Bed,Furniture,South,13,49584,5,257,6137,644592,5,2,2023
4242,2024-10-08,Bookshelf,Furniture,East,3,20256,9,274,3017,60768,10,4,2024
4243,2023-05-13,Bed,Furniture,North,15,44799,5,367,6329,671985,5,2,2023
4244,2025-10-18,Sofa,Furniture,East,10,30006,15,153,8060,300060,10,4,2025
4245,2024-03-18,Coffee Table,Furniture,West,3,3356,18,436,2078,10068,3,1,2024
4246,2025-01-24,Sofa,Furniture,West,6,48711,13,180,6594,292266,1,1,2025
4247,2024-03-17,Bed,Furniture,South,4,10076,20,315,6297,40304,3,1,2024
4248,2025-05-10,Sofa,Furniture,South,12,15155,8,158,8643,181860,5,2,2025
4249,2025-04-30,Bed,Furniture,North,1,46703,7,247,8849,46703,4,2,2025
4250,2024-08-17,Office Chair,Furniture,South,17,7922,3,255,8709,134674,8,3,2024
4251,2022-06-07,Wardrobe,Furniture,North,18,3762,20,152,2339,67716,6,2,2022
4252,2025-01-19,Bookshelf,Furniture,North,14,39577,11,105,7881,554078,1,1,2025
4253,2023-01-28,Wardrobe,Furniture,North,18,9123,7,166,1813,164214,1,1,2023
4254,2023-11-15,Wardrobe,Furniture,West,20,5525,0,243,8653,110500,11,4,2023
4255,2025-02-22,Coffee Table,Furniture,West,18,7160,5,278,3498,128880,2,1,2025
4256,2022-09-05,Bookshelf,Furniture,East,14,30034,7,448,1542,420476,9,3,2022
4257,2025-07-10,Study Table,Furniture,West,18,8790,11,232,4300,158220,7,3,2025
4258,2022-07-21,Office Chair,Furniture,South,5,33711,12,215,2916,168555,7,3,2022
4259,2023-08-10,Dining Table,Furniture,East,2,5385,3,318,6137,10770,8,3,2023
4260,2024-07-25,Coffee Table,Furniture,North,9,4368,4,74,4308,39312,7,3,2024
4261,2023-03-13,Study Table,Furniture,South,18,9970,13,308,6358,179460,3,1,2023
4262,2024-12-07,Office Chair,Furniture,South,4,18101,1,55,9781,72404,12,4,2024
4263,2025-10-20,Office Chair,Furniture,South,5,33614,12,173,5987,168070,10,4,2025
4264,2025-09-23,Coffee Table,Furniture,North,20,26238,0,77,9279,524760,9,3,2025
4265,2025-03-08,Wardrobe,Furniture,North,19,30639,3,254,3664,582141,3,1,2025
4266,2025-12-12,Bed,Furniture,South,10,22243,11,345,9527,222430,12,4,2025
4267,2022-01-24,Bookshelf,Furniture,North,15,23937,13,392,2083,359055,1,1,2022
4268,2023-08-08,Dining Table,Furniture,East,7,30356,8,305,3518,212492,8,3,2023
4269,2023-04-01,Bookshelf,Furniture,West,1,15642,8,426,7128,15642,4,2,2023
4270,2022-11-06,Dining Table,Furniture,South,4,12586,15,428,6199,50344,11,4,2022
4271,2025-08-04,Bookshelf,Furniture,West,15,9364,2,54,5995,140460,8,3,2025
4272,2024-08-30,Bed,Furniture,East,12,48736,18,288,6291,584832,8,3,2024
4273,2025-08-02,Wardrobe,Furniture,West,14,38844,2,152,8323,543816,8,3,2025
4274,2025-08-13,Dining Table,Furniture,South,18,22022,0,113,2822,396396,8,3,2025
4275,2023-09-23,Coffee Table,Furniture,North,4,22003,3,215,4281,88012,9,3,2023
4276,2023-11-27,Sofa,Furniture,North,1,35709,8,144,9387,35709,11,4,2023
4277,2025-01-01,Study Table,Furniture,East,17,40020,9,192,8555,680340,1,1,2025
4278,2023-12-24,Coffee Table,Furniture,West,10,36049,1,232,8412,360490,12,4,2023
4279,2022-07-17,Office Chair,Furniture,East,4,2271,15,261,1631,9084,7,3,2022
4280,2023-07-23,Dining Table,Furniture,South,5,9945,8,246,7143,49725,7,3,2023
4281,2024-10-11,Bed,Furniture,West,2,14175,5,460,7113,28350,10,4,2024
4282,2025-04-08,Dining Table,Furniture,South,19,33691,19,71,8628,640129,4,2,2025
4283,2024-05-06,Bed,Furniture,South,5,4922,11,165,3552,24610,5,2,2024
4284,2024-09-19,Coffee Table,Furniture,North,6,41658,20,176,8514,249948,9,3,2024
4285,2024-01-30,Bed,Furniture,North,8,16164,12,399,7978,129312,1,1,2024
4286,2025-04-04,Dining Table,Furniture,North,4,26579,3,485,4423,106316,4,2,2025
4287,2025-11-24,Office Chair,Furniture,North,14,11352,2,371,9585,158928,11,4,2025
4288,2025-06-02,Wardrobe,Furniture,East,15,13508,18,90,3912,202620,6,2,2025
4289,2024-08-06,Study Table,Furniture,North,20,49202,19,61,5504,984040,8,3,2024
4290,2024-03-17,Sofa,Furniture,West,15,28557,4,170,4388,428355,3,1,2024
4291,2022-04-02,Study Table,Furniture,North,17,2577,9,70,7985,43809,4,2,2022
4292,2025-02-04,Office Chair,Furniture,West,17,4381,15,51,3776,74477,2,1,2025
4293,2022-07-22,Office Chair,Furniture,West,18,32108,6,257,5524,577944,7,3,2022
4294,2023-09-29,Bookshelf,Furniture,West,8,30218,15,374,4184,241744,9,3,2023
4295,2025-02-18,Wardrobe,Furniture,West,12,11505,5,72,4277,138060,2,1,2025
4296,2023-04-25,Wardrobe,Furniture,West,8,34092,20,363,1892,272736,4,2,2023
4297,2024-03-13,Wardrobe,Furniture,West,19,28312,20,406,9968,537928,3,1,2024
4298,2024-03-25,Wardrobe,Furniture,North,9,24362,15,406,9278,219258,3,1,2024
4299,2024-03-10,Dining Table,Furniture,North,8,13132,6,223,1275,105056,3,1,2024
4300,2024-05-05,Wardrobe,Furniture,South,8,9374,18,51,7122,74992,5,2,2024
4301,2025-05-12,Office Chair,Furniture,North,9,36736,2,370,5531,330624,5,2,2025
4302,2024-03-28,Bookshelf,Furniture,East,3,10836,16,497,4807,32508,3,1,2024
4303,2025-06-09,Office Chair,Furniture,North,11,28839,13,495,4168,317229,6,2,2025
4304,2023-11-07,Office Chair,Furniture,West,15,25958,19,341,9111,389370,11,4,2023
4305,2022-07-25,Wardrobe,Furniture,East,19,14053,5,276,8438,267007,7,3,2022
4306,2023-02-03,Office Chair,Furniture,East,12,26490,14,85,4568,317880,2,1,2023
4307,2024-06-30,Dining Table,Furniture,West,2,48172,5,385,2941,96344,6,2,2024
4308,2024-04-29,Sofa,Furniture,South,20,41288,10,450,4500,825760,4,2,2024
4309,2023-04-30,Office Chair,Furniture,West,18,29087,11,102,1823,523566,4,2,2023
4310,2025-01-26,Bed,Furniture,East,1,48002,2,458,8693,48002,1,1,2025
4311,2023-08-01,Coffee Table,Furniture,West,6,44616,11,400,2011,267696,8,3,2023
4312,2023-01-24,Wardrobe,Furniture,North,19,7604,9,171,2277,144476,1,1,2023
4313,2025-03-07,Study Table,Furniture,South,14,11224,9,168,9075,157136,3,1,2025
4314,2023-12-05,Coffee Table,Furniture,West,13,28885,7,54,9347,375505,12,4,2023
4315,2025-01-04,Bookshelf,Furniture,West,14,20032,8,337,7450,280448,1,1,2025
4316,2025-11-11,Study Table,Furniture,North,4,13632,15,418,6236,54528,11,4,2025
4317,2023-07-21,Coffee Table,Furniture,East,6,34749,6,459,5567,208494,7,3,2023
4318,2023-01-07,Sofa,Furniture,West,8,35141,2,362,5342,281128,1,1,2023
4319,2023-02-15,Wardrobe,Furniture,North,11,37619,20,447,2607,413809,2,1,2023
4320,2025-01-11,Sofa,Furniture,East,3,30757,4,455,3136,92271,1,1,2025
4321,2022-10-20,Study Table,Furniture,South,2,18150,14,83,5785,36300,10,4,2022
4322,2024-07-11,Sofa,Furniture,North,14,4844,14,321,8045,67816,7,3,2024
4323,2022-08-13,Dining Table,Furniture,West,1,44085,5,111,1227,44085,8,3,2022
4324,2024-10-12,Office Chair,Furniture,North,20,32542,5,348,8233,650840,10,4,2024
4325,2024-05-06,Office Chair,Furniture,North,19,44867,4,215,8989,852473,5,2,2024
4326,2025-06-16,Wardrobe,Furniture,South,8,2494,9,459,4046,19952,6,2,2025
4327,2025-04-18,Study Table,Furniture,East,2,48740,15,107,9081,97480,4,2,2025
4328,2024-05-20,Office Chair,Furniture,East,20,48386,14,484,4188,967720,5,2,2024
4329,2022-02-14,Coffee Table,Furniture,East,20,10246,15,402,3555,204920,2,1,2022
4330,2024-08-20,Study Table,Furniture,East,12,49554,3,305,2692,594648,8,3,2024
4331,2022-04-03,Bookshelf,Furniture,West,1,8725,16,289,2199,8725,4,2,2022
4332,2023-08-15,Bed,Furniture,South,9,45000,17,118,9564,405000,8,3,2023
4333,2025-08-13,Dining Table,Furniture,South,16,19257,2,203,4124,308112,8,3,2025
4334,2025-06-24,Study Table,Furniture,East,8,4876,13,156,7687,39008,6,2,2025
4335,2025-01-29,Sofa,Furniture,North,9,14870,0,444,6579,133830,1,1,2025
4336,2023-11-25,Study Table,Furniture,North,17,36126,20,223,1811,614142,11,4,2023
4337,2025-12-05,Dining Table,Furniture,South,7,35584,16,450,2688,249088,12,4,2025
4338,2023-09-03,Sofa,Furniture,South,4,40070,7,149,8122,160280,9,3,2023
4339,2025-12-26,Study Table,Furniture,West,13,9760,19,314,1264,126880,12,4,2025
4340,2023-09-23,Study Table,Furniture,East,2,8729,17,495,2654,17458,9,3,2023
4341,2025-09-08,Dining Table,Furniture,North,2,46257,7,238,7888,92514,9,3,2025
4342,2024-05-28,Coffee Table,Furniture,South,16,32805,1,273,9926,524880,5,2,2024
4343,2022-05-02,Wardrobe,Furniture,West,5,14522,15,104,3060,72610,5,2,2022
4344,2024-12-31,Dining Table,Furniture,East,12,8122,4,190,2141,97464,12,4,2024
4345,2024-06-26,Study Table,Furniture,West,7,38019,6,466,3075,266133,6,2,2024
4346,2022-12-03,Coffee Table,Furniture,North,2,3950,1,425,1652,7900,12,4,2022
4347,2024-06-22,Dining Table,Furniture,North,10,10350,6,185,3886,103500,6,2,2024
4348,2025-08-03,Dining Table,Furniture,North,16,22961,8,221,4763,367376,8,3,2025
4349,2022-04-03,Office Chair,Furniture,North,7,30504,19,67,8368,213528,4,2,2022
4350,2023-07-17,Bookshelf,Furniture,East,12,44124,8,254,4366,529488,7,3,2023
4351,2024-05-31,Dining Table,Furniture,South,17,15404,7,416,3206,261868,5,2,2024
4352,2022-01-14,Dining Table,Furniture,South,11,40546,12,325,8427,446006,1,1,2022
4353,2022-10-15,Sofa,Furniture,South,20,25743,16,314,3038,514860,10,4,2022
4354,2025-12-24,Office Chair,Furniture,South,18,29875,17,452,6178,537750,12,4,2025
4355,2025-10-14,Wardrobe,Furniture,East,5,18471,3,242,3642,92355,10,4,2025
4356,2023-01-10,Office Chair,Furniture,West,10,21538,13,336,6413,215380,1,1,2023
4357,2023-09-02,Bookshelf,Furniture,West,2,4623,4,123,5737,9246,9,3,2023
4358,2023-01-08,Bed,Furniture,North,2,22975,2,187,5159,45950,1,1,2023
4359,2025-03-02,Study Table,Furniture,West,2,25648,5,324,4835,51296,3,1,2025
4360,2023-01-29,Study Table,Furniture,East,2,48349,18,120,8896,96698,1,1,2023
4361,2022-11-03,Dining Table,Furniture,East,14,4845,2,222,7972,67830,11,4,2022
4362,2022-07-21,Bookshelf,Furniture,East,20,7917,6,98,8093,158340,7,3,2022
4363,2025-02-06,Sofa,Furniture,West,1,38728,5,294,8509,38728,2,1,2025
4364,2023-12-19,Dining Table,Furniture,West,15,39624,3,196,3590,594360,12,4,2023
4365,2024-02-09,Bookshelf,Furniture,West,9,5634,15,276,5940,50706,2,1,2024
4366,2024-04-27,Coffee Table,Furniture,East,12,40882,13,422,5540,490584,4,2,2024
4367,2024-06-30,Bed,Furniture,South,1,36442,10,106,7460,36442,6,2,2024
4368,2025-06-17,Dining Table,Furniture,South,2,34071,5,397,7081,68142,6,2,2025
4369,2022-08-10,Office Chair,Furniture,North,15,39041,20,172,5986,585615,8,3,2022
4370,2025-05-06,Study Table,Furniture,North,3,30725,18,417,4667,92175,5,2,2025
4371,2022-06-22,Office Chair,Furniture,North,7,24243,5,218,1217,169701,6,2,2022
4372,2025-06-06,Wardrobe,Furniture,South,18,11101,17,207,3905,199818,6,2,2025
4373,2024-02-18,Bed,Furniture,North,6,42067,11,73,6902,252402,2,1,2024
4374,2024-01-17,Study Table,Furniture,West,2,27958,15,90,1083,55916,1,1,2024
4375,2025-02-27,Study Table,Furniture,North,7,7581,13,103,3431,53067,2,1,2025
4376,2023-06-23,Wardrobe,Furniture,North,15,43787,13,266,3033,656805,6,2,2023
4377,2024-02-21,Sofa,Furniture,South,3,3834,14,233,8119,11502,2,1,2024
4378,2024-12-23,Coffee Table,Furniture,West,14,17044,6,224,8420,238616,12,4,2024
4379,2023-03-28,Dining Table,Furniture,West,4,25396,5,146,9975,101584,3,1,2023
4380,2023-11-24,Bookshelf,Furniture,South,6,46960,11,421,4143,281760,11,4,2023
4381,2024-12-26,Wardrobe,Furniture,West,13,46291,6,360,6201,601783,12,4,2024
4382,2023-01-09,Bed,Furniture,South,7,19023,18,407,4754,133161,1,1,2023
4383,2025-07-25,Coffee Table,Furniture,North,4,37144,2,138,2046,148576,7,3,2025
4384,2022-05-23,Dining Table,Furniture,East,9,36431,5,105,7379,327879,5,2,2022
4385,2023-06-25,Office Chair,Furniture,South,10,13501,19,367,2605,135010,6,2,2023
4386,2025-02-10,Study Table,Furniture,North,12,15425,10,97,4672,185100,2,1,2025
4387,2025-09-10,Office Chair,Furniture,East,17,10841,14,309,5496,184297,9,3,2025
4388,2022-03-12,Sofa,Furniture,South,13,49733,16,213,8033,646529,3,1,2022
4389,2025-11-23,Coffee Table,Furniture,South,15,35459,1,479,3500,531885,11,4,2025
4390,2022-02-12,Office Chair,Furniture,East,4,20571,1,148,3251,82284,2,1,2022
4391,2025-02-19,Wardrobe,Furniture,East,2,49108,9,66,7524,98216,2,1,2025
4392,2023-08-27,Study Table,Furniture,South,18,48580,0,418,6394,874440,8,3,2023
4393,2024-12-16,Coffee Table,Furniture,East,4,35722,11,228,5735,142888,12,4,2024
4394,2022-02-10,Dining Table,Furniture,North,10,19194,3,83,3311,191940,2,1,2022
4395,2024-02-04,Bookshelf,Furniture,East,19,35362,16,230,3145,671878,2,1,2024
4396,2024-11-21,Bed,Furniture,West,8,42799,7,457,3714,342392,11,4,2024
4397,2025-02-23,Bookshelf,Furniture,North,19,17009,2,490,2538,323171,2,1,2025
4398,2022-01-30,Dining Table,Furniture,West,4,32138,0,478,6932,128552,1,1,2022
4399,2022-04-07,Bookshelf,Furniture,East,9,46560,2,413,7448,419040,4,2,2022
4400,2025-04-05,Bed,Furniture,South,8,31180,1,69,8904,249440,4,2,2025
4401,2022-07-16,Bookshelf,Furniture,North,10,24042,20,199,1867,240420,7,3,2022
4402,2024-09-14,Wardrobe,Furniture,West,12,22517,16,269,3496,270204,9,3,2024
4403,2023-11-05,Bed,Furniture,South,15,5654,11,289,2388,84810,11,4,2023
4404,2025-08-30,Dining Table,Furniture,North,13,14151,10,182,9618,183963,8,3,2025
4405,2022-12-20,Wardrobe,Furniture,South,12,8692,3,485,1088,104304,12,4,2022
4406,2022-01-09,Wardrobe,Furniture,East,7,26725,15,178,7276,187075,1,1,2022
4407,2022-11-07,Study Table,Furniture,West,6,16994,20,71,7363,101964,11,4,2022
4408,2024-08-31,Office Chair,Furniture,North,15,4686,20,386,2128,70290,8,3,2024
4409,2023-06-11,Sofa,Furniture,East,17,2460,5,449,6999,41820,6,2,2023
4410,2023-01-18,Wardrobe,Furniture,East,12,10471,7,388,4348,125652,1,1,2023
4411,2024-08-10,Wardrobe,Furniture,West,4,7246,20,345,7628,28984,8,3,2024
4412,2025-07-23,Bookshelf,Furniture,North,19,27689,15,374,6250,526091,7,3,2025
4413,2024-12-04,Bookshelf,Furniture,East,6,11789,9,202,3638,70734,12,4,2024
4414,2025-08-26,Bookshelf,Furniture,South,1,28282,6,133,9319,28282,8,3,2025
4415,2025-07-11,Dining Table,Furniture,West,12,24755,7,374,6050,297060,7,3,2025
4416,2022-08-15,Coffee Table,Furniture,South,19,37940,14,376,5701,720860,8,3,2022
4417,2023-12-22,Office Chair,Furniture,West,15,4819,8,306,1062,72285,12,4,2023
4418,2024-11-23,Bed,Furniture,North,9,29333,1,486,8395,263997,11,4,2024
4419,2022-11-25,Bed,Furniture,West,13,13876,19,116,5503,180388,11,4,2022
4420,2025-06-18,Bed,Furniture,South,3,22368,15,239,5514,67104,6,2,2025
4421,2025-05-07,Coffee Table,Furniture,East,9,32188,14,380,2852,289692,5,2,2025
4422,2023-04-09,Bed,Furniture,East,20,3777,0,129,1733,75540,4,2,2023
4423,2025-02-13,Bookshelf,Furniture,West,13,41449,6,430,4146,538837,2,1,2025
4424,2024-10-11,Coffee Table,Furniture,North,4,35622,1,243,1155,142488,10,4,2024
4425,2023-08-21,Office Chair,Furniture,East,15,6747,11,281,6734,101205,8,3,2023
4426,2024-03-10,Bed,Furniture,East,10,34309,4,414,6725,343090,3,1,2024
4427,2024-09-13,Office Chair,Furniture,South,19,48617,16,452,1572,923723,9,3,2024
4428,2025-01-13,Office Chair,Furniture,South,3,13592,17,132,3513,40776,1,1,2025
4429,2022-06-14,Sofa,Furniture,South,14,27136,12,54,7923,379904,6,2,2022
4430,2023-07-07,Bed,Furniture,East,6,29857,8,51,6608,179142,7,3,2023
4431,2024-02-29,Bookshelf,Furniture,West,16,46452,13,109,4965,743232,2,1,2024
4432,2023-05-17,Bed,Furniture,East,2,2090,10,122,3897,4180,5,2,2023
4433,2024-03-02,Study Table,Furniture,South,7,19823,10,142,3798,138761,3,1,2024
4434,2022-02-21,Wardrobe,Furniture,East,15,25420,14,344,5240,381300,2,1,2022
4435,2024-05-05,Office Chair,Furniture,East,12,11335,9,456,3178,136020,5,2,2024
4436,2023-12-11,Study Table,Furniture,West,1,29359,17,169,8415,29359,12,4,2023
4437,2022-02-05,Coffee Table,Furniture,South,6,35897,3,104,1574,215382,2,1,2022
4438,2023-06-11,Bookshelf,Furniture,South,13,47470,9,158,6151,617110,6,2,2023
4439,2024-11-12,Bookshelf,Furniture,East,12,23977,17,341,7877,287724,11,4,2024
4440,2025-10-27,Coffee Table,Furniture,North,9,19191,8,446,3769,172719,10,4,2025
4441,2025-05-10,Wardrobe,Furniture,North,8,38428,18,255,1742,307424,5,2,2025
4442,2024-12-17,Sofa,Furniture,North,2,45957,16,86,3279,91914,12,4,2024
4443,2023-04-05,Coffee Table,Furniture,East,10,30729,2,138,5333,307290,4,2,2023
4444,2024-12-30,Wardrobe,Furniture,North,13,35633,20,150,1805,463229,12,4,2024
4445,2023-11-13,Dining Table,Furniture,North,5,30052,7,180,7828,150260,11,4,2023
4446,2022-01-05,Office Chair,Furniture,West,17,13980,2,198,4494,237660,1,1,2022
4447,2024-07-22,Wardrobe,Furniture,North,2,22107,14,359,6429,44214,7,3,2024
4448,2025-03-16,Bookshelf,Furniture,North,17,7571,7,459,3201,128707,3,1,2025
4449,2022-04-21,Bed,Furniture,North,6,31420,16,257,4890,188520,4,2,2022
4450,2023-04-13,Wardrobe,Furniture,East,16,8426,3,336,3351,134816,4,2,2023
4451,2024-05-01,Office Chair,Furniture,East,7,36605,17,424,4726,256235,5,2,2024
4452,2022-01-23,Office Chair,Furniture,West,15,32776,12,277,7549,491640,1,1,2022
4453,2022-05-26,Coffee Table,Furniture,North,2,46758,2,315,5195,93516,5,2,2022
4454,2024-10-08,Sofa,Furniture,South,9,27032,2,390,3172,243288,10,4,2024
4455,2024-06-02,Wardrobe,Furniture,West,19,5007,19,432,4954,95133,6,2,2024
4456,2023-04-08,Dining Table,Furniture,West,7,47739,20,236,8964,334173,4,2,2023
4457,2022-10-16,Bookshelf,Furniture,East,5,18129,15,202,9739,90645,10,4,2022
4458,2022-06-06,Sofa,Furniture,North,17,30978,3,321,2473,526626,6,2,2022
4459,2022-06-23,Sofa,Furniture,West,15,9246,5,135,6323,138690,6,2,2022
4460,2023-02-09,Wardrobe,Furniture,North,3,17919,11,345,6555,53757,2,1,2023
4461,2025-11-12,Study Table,Furniture,West,15,2682,11,137,8944,40230,11,4,2025
4462,2022-03-23,Office Chair,Furniture,North,14,22090,7,393,1997,309260,3,1,2022
4463,2022-02-10,Sofa,Furniture,North,17,8693,14,62,1748,147781,2,1,2022
4464,2024-05-16,Office Chair,Furniture,East,17,10430,16,349,4512,177310,5,2,2024
4465,2023-04-05,Bookshelf,Furniture,East,2,46196,9,394,7335,92392,4,2,2023
4466,2024-12-15,Study Table,Furniture,South,2,39632,0,159,9434,79264,12,4,2024
4467,2022-10-15,Coffee Table,Furniture,West,20,48891,10,229,6729,977820,10,4,2022
4468,2023-05-07,Wardrobe,Furniture,East,5,16850,5,392,3719,84250,5,2,2023
4469,2022-06-07,Dining Table,Furniture,West,4,41620,14,158,3032,166480,6,2,2022
4470,2024-10-16,Dining Table,Furniture,West,2,36349,5,118,7353,72698,10,4,2024
4471,2025-02-27,Bed,Furniture,South,8,5439,5,202,8272,43512,2,1,2025
4472,2022-02-17,Dining Table,Furniture,East,9,18078,14,109,5916,162702,2,1,2022
4473,2024-07-30,Wardrobe,Furniture,North,14,38853,16,495,1322,543942,7,3,2024
4474,2025-05-12,Study Table,Furniture,West,19,18835,1,411,9798,357865,5,2,2025
4475,2022-08-19,Office Chair,Furniture,East,19,28162,16,65,9006,535078,8,3,2022
4476,2025-03-18,Office Chair,Furniture,South,14,44254,1,455,4985,619556,3,1,2025
4477,2024-04-15,Bookshelf,Furniture,West,13,48186,3,463,3567,626418,4,2,2024
4478,2024-10-19,Sofa,Furniture,North,6,12767,14,450,6924,76602,10,4,2024
4479,2024-06-22,Wardrobe,Furniture,North,11,22514,15,473,5196,247654,6,2,2024
4480,2022-10-21,Sofa,Furniture,South,18,28056,19,324,6741,505008,10,4,2022
4481,2025-03-28,Bookshelf,Furniture,East,8,6420,10,483,4165,51360,3,1,2025
4482,2025-09-17,Study Table,Furniture,East,13,37480,3,122,7748,487240,9,3,2025
4483,2022-01-17,Wardrobe,Furniture,North,5,6198,7,391,1432,30990,1,1,2022
4484,2024-08-30,Office Chair,Furniture,North,20,24087,9,373,1303,481740,8,3,2024
4485,2022-02-26,Sofa,Furniture,North,15,24649,8,490,8621,369735,2,1,2022
4486,2025-06-13,Office Chair,Furniture,East,20,20324,1,259,3931,406480,6,2,2025
4487,2023-07-19,Sofa,Furniture,East,13,27336,0,149,8689,355368,7,3,2023
4488,2024-08-27,Study Table,Furniture,South,17,19922,12,460,3474,338674,8,3,2024
4489,2025-05-05,Dining Table,Furniture,East,13,35396,7,135,9901,460148,5,2,2025
4490,2025-02-20,Dining Table,Furniture,East,7,43561,5,160,2134,304927,2,1,2025
4491,2024-09-02,Wardrobe,Furniture,East,11,44399,3,138,8818,488389,9,3,2024
4492,2024-05-11,Office Chair,Furniture,North,19,18743,13,223,2275,356117,5,2,2024
4493,2025-07-12,Coffee Table,Furniture,West,7,44395,2,70,3348,310765,7,3,2025
4494,2023-08-06,Study Table,Furniture,South,4,41055,2,85,9627,164220,8,3,2023
4495,2022-08-31,Dining Table,Furniture,East,3,41880,11,438,1163,125640,8,3,2022
4496,2023-01-11,Sofa,Furniture,North,3,10778,15,469,9003,32334,1,1,2023
4497,2022-03-01,Dining Table,Furniture,East,10,40787,11,156,2265,407870,3,1,2022
4498,2025-07-19,Sofa,Furniture,South,6,38183,3,69,4571,229098,7,3,2025
4499,2025-03-17,Bed,Furniture,East,11,26280,3,146,6778,289080,3,1,2025
4500,2023-06-08,Bed,Furniture,East,13,33683,20,91,6364,437879,6,2,2023
4501,2025-09-27,Coffee Table,Furniture,South,17,9124,1,425,1880,155108,9,3,2025
4502,2024-01-15,Office Chair,Furniture,East,5,22390,7,236,1178,111950,1,1,2024
4503,2022-01-10,Dining Table,Furniture,West,17,49196,12,258,7099,836332,1,1,2022
4504,2024-01-19,Office Chair,Furniture,South,2,12381,1,52,9666,24762,1,1,2024
4505,2025-06-04,Coffee Table,Furniture,South,11,38677,3,143,9078,425447,6,2,2025
4506,2025-09-26,Sofa,Furniture,West,11,14417,8,251,2092,158587,9,3,2025
4507,2024-04-15,Bed,Furniture,North,20,4505,11,371,2258,90100,4,2,2024
4508,2023-06-22,Wardrobe,Furniture,East,18,9265,5,175,5335,166770,6,2,2023
4509,2023-09-14,Wardrobe,Furniture,East,9,3553,15,197,9948,31977,9,3,2023
4510,2022-09-06,Coffee Table,Furniture,West,7,25873,4,333,7004,181111,9,3,2022
4511,2025-08-21,Wardrobe,Furniture,West,8,30181,13,107,8750,241448,8,3,2025
4512,2023-05-06,Wardrobe,Furniture,West,20,40537,17,61,2456,810740,5,2,2023
4513,2024-07-27,Coffee Table,Furniture,North,2,49464,11,172,1440,98928,7,3,2024
4514,2025-09-19,Coffee Table,Furniture,North,6,23362,9,167,8912,140172,9,3,2025
4515,2024-09-27,Bed,Furniture,South,6,23185,8,412,8858,139110,9,3,2024
4516,2025-03-01,Office Chair,Furniture,South,19,33788,4,219,4798,641972,3,1,2025
4517,2023-02-15,Office Chair,Furniture,West,13,28297,11,375,6680,367861,2,1,2023
4518,2025-07-04,Sofa,Furniture,West,2,42544,5,138,5312,85088,7,3,2025
4519,2022-08-12,Bed,Furniture,North,13,34901,14,166,7768,453713,8,3,2022
4520,2023-11-22,Study Table,Furniture,South,17,38959,1,249,3206,662303,11,4,2023
4521,2025-02-25,Office Chair,Furniture,South,12,10379,6,385,6653,124548,2,1,2025
4522,2023-02-24,Office Chair,Furniture,North,7,4827,3,449,5616,33789,2,1,2023
4523,2025-02-09,Coffee Table,Furniture,West,11,44178,14,346,3476,485958,2,1,2025
4524,2024-05-10,Wardrobe,Furniture,North,18,40085,6,151,4726,721530,5,2,2024
4525,2025-01-06,Study Table,Furniture,East,6,20380,1,478,3159,122280,1,1,2025
4526,2024-09-05,Sofa,Furniture,West,1,3151,0,362,4064,3151,9,3,2024
4527,2024-02-11,Sofa,Furniture,North,6,28284,17,465,2516,169704,2,1,2024
4528,2025-06-06,Bookshelf,Furniture,West,3,2032,5,132,2334,6096,6,2,2025
4529,2024-07-16,Wardrobe,Furniture,East,6,26896,16,308,3562,161376,7,3,2024
4530,2025-12-06,Bed,Furniture,East,2,6011,6,268,4391,12022,12,4,2025
4531,2025-01-02,Sofa,Furniture,East,19,35650,15,282,6667,677350,1,1,2025
4532,2023-11-18,Bookshelf,Furniture,North,10,16801,13,149,4744,168010,11,4,2023
4533,2024-02-04,Bookshelf,Furniture,South,16,40239,4,130,1044,643824,2,1,2024
4534,2023-03-21,Sofa,Furniture,South,1,4614,15,447,8338,4614,3,1,2023
4535,2024-08-25,Coffee Table,Furniture,North,9,46109,18,477,1866,414981,8,3,2024
4536,2023-08-08,Bookshelf,Furniture,West,1,31139,16,218,1555,31139,8,3,2023
4537,2024-05-11,Dining Table,Furniture,North,4,21451,19,85,5247,85804,5,2,2024
4538,2023-03-19,Sofa,Furniture,West,17,46975,5,242,8990,798575,3,1,2023
4539,2022-07-30,Wardrobe,Furniture,North,20,15544,3,256,1875,310880,7,3,2022
4540,2023-11-09,Dining Table,Furniture,East,4,15550,14,270,7520,62200,11,4,2023
4541,2025-11-28,Bookshelf,Furniture,North,11,13364,15,321,7409,147004,11,4,2025
4542,2025-09-28,Study Table,Furniture,West,1,10004,4,213,6677,10004,9,3,2025
4543,2024-11-27,Bed,Furniture,North,10,45288,13,218,5839,452880,11,4,2024
4544,2023-07-24,Bookshelf,Furniture,West,15,21875,15,256,9976,328125,7,3,2023
4545,2025-01-07,Bookshelf,Furniture,East,2,40053,8,348,8359,80106,1,1,2025
4546,2024-08-01,Dining Table,Furniture,East,16,44503,5,216,2051,712048,8,3,2024
4547,2025-01-24,Bed,Furniture,South,15,13311,20,447,9035,199665,1,1,2025
4548,2022-06-20,Sofa,Furniture,South,3,17199,15,128,7227,51597,6,2,2022
4549,2025-12-20,Office Chair,Furniture,West,14,32907,16,420,2262,460698,12,4,2025
4550,2023-12-12,Coffee Table,Furniture,East,3,48009,13,58,3560,144027,12,4,2023
4551,2025-08-16,Bookshelf,Furniture,South,20,15708,5,320,3129,314160,8,3,2025
4552,2025-07-04,Wardrobe,Furniture,West,10,39538,11,279,4585,395380,7,3,2025
4553,2024-12-27,Office Chair,Furniture,South,2,22697,2,477,5407,45394,12,4,2024
4554,2024-06-24,Bed,Furniture,East,6,26719,20,220,9189,160314,6,2,2024
4555,2024-06-24,Coffee Table,Furniture,East,2,26295,15,124,2614,52590,6,2,2024
4556,2022-04-21,Bookshelf,Furniture,East,11,21450,12,127,5662,235950,4,2,2022
4557,2022-09-24,Office Chair,Furniture,South,4,7062,7,178,3385,28248,9,3,2022
4558,2024-05-10,Bed,Furniture,South,11,9780,11,115,8203,107580,5,2,2024
4559,2022-03-19,Dining Table,Furniture,East,18,35422,15,252,8489,637596,3,1,2022
4560,2022-07-21,Study Table,Furniture,West,1,36442,12,369,1815,36442,7,3,2022
4561,2024-08-14,Sofa,Furniture,West,1,27960,19,324,6235,27960,8,3,2024
4562,2023-01-18,Bed,Furniture,North,16,11532,9,94,6140,184512,1,1,2023
4563,2023-11-23,Study Table,Furniture,East,3,14433,9,146,8177,43299,11,4,2023
4564,2022-06-26,Sofa,Furniture,South,8,20202,10,128,5453,161616,6,2,2022
4565,2022-04-17,Coffee Table,Furniture,South,9,17054,7,267,8521,153486,4,2,2022
4566,2024-07-01,Dining Table,Furniture,North,10,20736,0,263,1446,207360,7,3,2024
4567,2025-05-18,Bookshelf,Furniture,South,8,40965,19,173,5885,327720,5,2,2025
4568,2022-10-20,Study Table,Furniture,South,6,4585,14,229,4198,27510,10,4,2022
4569,2022-03-18,Bookshelf,Furniture,West,20,19588,6,55,6886,391760,3,1,2022
4570,2022-11-24,Coffee Table,Furniture,East,5,45695,7,383,2467,228475,11,4,2022
4571,2025-11-06,Wardrobe,Furniture,North,17,41973,2,177,9413,713541,11,4,2025
4572,2025-01-07,Sofa,Furniture,West,12,8920,3,397,8234,107040,1,1,2025
4573,2022-02-01,Dining Table,Furniture,South,10,11699,14,106,4713,116990,2,1,2022
4574,2023-03-15,Coffee Table,Furniture,East,12,3029,16,448,5318,36348,3,1,2023
4575,2023-07-19,Wardrobe,Furniture,West,8,7140,13,404,6999,57120,7,3,2023
4576,2025-10-04,Coffee Table,Furniture,West,13,43646,17,423,3020,567398,10,4,2025
4577,2025-12-15,Sofa,Furniture,East,1,5488,7,415,4732,5488,12,4,2025
4578,2024-11-03,Office Chair,Furniture,East,1,14027,4,478,1472,14027,11,4,2024
4579,2025-02-01,Sofa,Furniture,South,16,5552,7,295,2991,88832,2,1,2025
4580,2025-02-24,Bookshelf,Furniture,West,1,27097,6,336,1423,27097,2,1,2025
4581,2022-08-04,Office Chair,Furniture,North,3,24303,2,271,6333,72909,8,3,2022
4582,2022-09-08,Wardrobe,Furniture,East,7,49754,5,97,1370,348278,9,3,2022
4583,2025-05-31,Dining Table,Furniture,North,2,19577,5,152,9969,39154,5,2,2025
4584,2024-05-29,Bed,Furniture,North,11,13444,5,410,6825,147884,5,2,2024
4585,2023-08-30,Bed,Furniture,North,7,23950,16,456,5891,167650,8,3,2023
4586,2023-11-12,Sofa,Furniture,North,4,47441,6,398,8341,189764,11,4,2023
4587,2023-12-20,Bed,Furniture,North,11,22434,4,461,6630,246774,12,4,2023
4588,2025-10-10,Bookshelf,Furniture,West,20,15505,11,361,4106,310100,10,4,2025
4589,2023-07-23,Bookshelf,Furniture,North,8,18824,2,181,4009,150592,7,3,2023
4590,2024-05-12,Office Chair,Furniture,North,14,40382,15,398,6772,565348,5,2,2024
4591,2022-05-04,Wardrobe,Furniture,West,9,31693,7,199,4714,285237,5,2,2022
4592,2023-05-25,Dining Table,Furniture,South,8,5336,12,436,9246,42688,5,2,2023
4593,2022-10-27,Dining Table,Furniture,East,18,41147,8,286,1251,740646,10,4,2022
4594,2025-05-31,Office Chair,Furniture,South,3,36327,16,141,6876,108981,5,2,2025
4595,2023-01-26,Dining Table,Furniture,South,9,46871,16,306,8402,421839,1,1,2023
4596,2022-02-02,Study Table,Furniture,East,18,41095,10,476,9229,739710,2,1,2022
4597,2025-10-30,Study Table,Furniture,East,9,14557,20,74,7178,131013,10,4,2025
4598,2024-02-22,Dining Table,Furniture,South,15,2512,15,250,8786,37680,2,1,2024
4599,2025-05-14,Study Table,Furniture,East,2,45410,12,444,9240,90820,5,2,2025
4600,2025-01-20,Sofa,Furniture,South,12,18166,1,463,6973,217992,1,1,2025
4601,2023-08-22,Sofa,Furniture,East,18,4974,13,182,8825,89532,8,3,2023
4602,2025-11-27,Bed,Furniture,West,16,5004,19,132,8617,80064,11,4,2025
4603,2025-11-30,Dining Table,Furniture,West,12,37828,10,361,6591,453936,11,4,2025
4604,2025-12-21,Bookshelf,Furniture,South,8,37964,5,429,8394,303712,12,4,2025
4605,2025-07-29,Study Table,Furniture,North,9,42498,10,420,7192,382482,7,3,2025
4606,2024-06-01,Office Chair,Furniture,East,8,41288,10,476,4029,330304,6,2,2024
4607,2023-12-12,Office Chair,Furniture,East,11,19432,0,424,2639,213752,12,4,2023
4608,2023-02-02,Bookshelf,Furniture,North,9,7348,17,282,4439,66132,2,1,2023
4609,2025-12-02,Study Table,Furniture,South,11,36760,10,342,6811,404360,12,4,2025
4610,2023-08-09,Sofa,Furniture,East,6,29006,0,430,5158,174036,8,3,2023
4611,2022-01-03,Wardrobe,Furniture,North,11,27045,4,138,4962,297495,1,1,2022
4612,2024-10-29,Bed,Furniture,North,6,4205,19,306,7115,25230,10,4,2024
4613,2023-12-19,Office Chair,Furniture,North,1,21035,7,114,1540,21035,12,4,2023
4614,2023-12-21,Coffee Table,Furniture,South,5,29822,16,404,4883,149110,12,4,2023
4615,2025-07-31,Bed,Furniture,East,10,15311,17,282,7977,153110,7,3,2025
4616,2025-12-11,Bookshelf,Furniture,South,6,34227,15,351,7201,205362,12,4,2025
4617,2023-04-07,Dining Table,Furniture,East,8,38581,10,407,4357,308648,4,2,2023
4618,2022-04-20,Sofa,Furniture,East,16,15155,17,80,1017,242480,4,2,2022
4619,2022-11-18,Dining Table,Furniture,North,18,32097,1,356,7953,577746,11,4,2022
4620,2022-06-01,Sofa,Furniture,South,11,18153,0,301,9302,199683,6,2,2022
4621,2024-01-12,Bed,Furniture,East,10,24371,4,297,2374,243710,1,1,2024
4622,2023-08-08,Sofa,Furniture,South,13,21442,2,270,9700,278746,8,3,2023
4623,2024-09-30,Study Table,Furniture,North,4,13049,12,453,3587,52196,9,3,2024
4624,2024-04-17,Coffee Table,Furniture,North,3,6594,7,160,2390,19782,4,2,2024
4625,2022-08-01,Wardrobe,Furniture,East,5,21464,7,111,5640,107320,8,3,2022
4626,2024-04-16,Coffee Table,Furniture,West,10,38322,15,176,1909,383220,4,2,2024
4627,2022-06-19,Dining Table,Furniture,West,10,5743,11,374,1661,57430,6,2,2022
4628,2022-05-13,Bed,Furniture,West,3,5392,1,283,4567,16176,5,2,2022
4629,2024-07-04,Bed,Furniture,North,14,27813,18,118,8620,389382,7,3,2024
4630,2023-03-31,Wardrobe,Furniture,South,13,27878,16,379,3427,362414,3,1,2023
4631,2022-05-11,Wardrobe,Furniture,South,15,16180,12,183,3233,242700,5,2,2022
4632,2022-11-25,Office Chair,Furniture,East,7,48939,7,417,8589,342573,11,4,2022
4633,2023-09-17,Study Table,Furniture,East,17,38988,9,227,5224,662796,9,3,2023
4634,2023-02-11,Wardrobe,Furniture,West,2,46057,11,93,6100,92114,2,1,2023
4635,2024-07-08,Sofa,Furniture,East,8,2434,5,182,7665,19472,7,3,2024
4636,2022-03-27,Study Table,Furniture,South,13,3141,2,364,2004,40833,3,1,2022
4637,2025-02-07,Sofa,Furniture,East,20,37145,16,473,6887,742900,2,1,2025
4638,2025-10-12,Coffee Table,Furniture,North,6,13341,20,160,5472,80046,10,4,2025
4639,2024-09-17,Bookshelf,Furniture,West,8,6378,11,227,8748,51024,9,3,2024
4640,2022-12-17,Sofa,Furniture,East,14,10411,19,307,5965,145754,12,4,2022
4641,2023-05-23,Study Table,Furniture,West,1,10551,5,133,5961,10551,5,2,2023
4642,2024-08-12,Coffee Table,Furniture,North,6,17574,2,242,2147,105444,8,3,2024
4643,2024-09-03,Sofa,Furniture,West,4,25275,12,244,9267,101100,9,3,2024
4644,2025-08-20,Bookshelf,Furniture,South,3,36457,2,396,4721,109371,8,3,2025
4645,2025-01-01,Dining Table,Furniture,East,4,11454,0,226,3482,45816,1,1,2025
4646,2023-11-30,Coffee Table,Furniture,West,1,30308,17,483,1501,30308,11,4,2023
4647,2024-03-27,Office Chair,Furniture,East,17,18872,20,135,2246,320824,3,1,2024
4648,2023-08-21,Study Table,Furniture,East,5,41618,9,178,7793,208090,8,3,2023
4649,2023-10-05,Bed,Furniture,South,8,47635,3,344,1482,381080,10,4,2023
4650,2024-10-02,Bookshelf,Furniture,West,11,29193,15,323,2167,321123,10,4,2024
4651,2023-12-03,Bookshelf,Furniture,South,6,30125,13,245,9322,180750,12,4,2023
4652,2023-08-19,Office Chair,Furniture,North,18,20856,14,434,8443,375408,8,3,2023
4653,2025-01-29,Wardrobe,Furniture,East,12,25708,12,289,2630,308496,1,1,2025
4654,2022-10-24,Coffee Table,Furniture,West,6,40358,7,372,6059,242148,10,4,2022
4655,2022-06-03,Study Table,Furniture,East,5,38963,20,368,3052,194815,6,2,2022
4656,2022-03-29,Sofa,Furniture,West,12,13413,1,434,1496,160956,3,1,2022
4657,2025-08-15,Bookshelf,Furniture,West,10,44775,10,371,5912,447750,8,3,2025
4658,2024-03-05,Study Table,Furniture,West,13,21486,15,136,8529,279318,3,1,2024
4659,2022-05-09,Dining Table,Furniture,South,11,11637,1,113,1074,128007,5,2,2022
4660,2025-12-25,Office Chair,Furniture,East,4,8085,9,207,9363,32340,12,4,2025
4661,2025-05-02,Dining Table,Furniture,West,17,5969,2,235,4235,101473,5,2,2025
4662,2022-09-24,Dining Table,Furniture,West,19,30600,19,390,8019,581400,9,3,2022
4663,2024-10-01,Bookshelf,Furniture,North,17,42896,20,477,1739,729232,10,4,2024
4664,2024-06-12,Wardrobe,Furniture,South,1,34709,18,101,9156,34709,6,2,2024
4665,2024-09-01,Office Chair,Furniture,South,10,47965,15,144,3843,479650,9,3,2024
4666,2022-12-21,Study Table,Furniture,South,19,7090,19,381,7833,134710,12,4,2022
4667,2022-06-29,Wardrobe,Furniture,East,15,24240,6,210,2166,363600,6,2,2022
4668,2024-10-20,Bed,Furniture,East,16,25215,4,442,9012,403440,10,4,2024
4669,2023-05-19,Bed,Furniture,West,19,32558,13,188,4092,618602,5,2,2023
4670,2023-05-29,Sofa,Furniture,West,14,47341,1,485,8231,662774,5,2,2023
4671,2025-05-02,Bookshelf,Furniture,West,4,33210,17,414,8031,132840,5,2,2025
4672,2023-05-29,Bed,Furniture,South,17,32205,19,271,1896,547485,5,2,2023
4673,2024-09-24,Bookshelf,Furniture,North,10,6140,17,315,7849,61400,9,3,2024
4674,2022-11-25,Coffee Table,Furniture,South,12,39660,18,416,4646,475920,11,4,2022
4675,2022-05-06,Coffee Table,Furniture,North,12,15828,2,327,6937,189936,5,2,2022
4676,2023-04-28,Coffee Table,Furniture,South,19,25763,12,190,3334,489497,4,2,2023
4677,2023-07-23,Sofa,Furniture,East,13,35917,5,170,1725,466921,7,3,2023
4678,2024-12-12,Study Table,Furniture,South,17,9351,17,477,3864,158967,12,4,2024
4679,2022-02-11,Study Table,Furniture,South,6,37197,4,435,7416,223182,2,1,2022
4680,2025-08-01,Coffee Table,Furniture,East,4,32339,9,129,7458,129356,8,3,2025
4681,2024-07-27,Dining Table,Furniture,West,14,21360,5,374,3430,299040,7,3,2024
4682,2024-04-28,Bookshelf,Furniture,East,15,19590,2,408,8276,293850,4,2,2024
4683,2024-04-17,Bookshelf,Furniture,North,2,4825,1,220,8713,9650,4,2,2024
4684,2022-04-01,Wardrobe,Furniture,South,10,18088,5,410,2301,180880,4,2,2022
4685,2023-07-21,Study Table,Furniture,North,19,23880,7,490,3145,453720,7,3,2023
4686,2023-03-03,Bed,Furniture,West,2,16816,14,359,5682,33632,3,1,2023
4687,2023-12-22,Study Table,Furniture,North,12,14909,4,71,7721,178908,12,4,2023
4688,2023-03-08,Wardrobe,Furniture,North,19,10343,14,483,3280,196517,3,1,2023
4689,2023-06-07,Wardrobe,Furniture,West,12,41902,18,357,3843,502824,6,2,2023
4690,2024-08-07,Sofa,Furniture,West,16,35292,12,339,5889,564672,8,3,2024
4691,2022-06-26,Bed,Furniture,West,13,10109,14,111,8780,131417,6,2,2022
4692,2022-09-20,Bookshelf,Furniture,North,13,43770,19,124,9696,569010,9,3,2022
4693,2024-10-03,Bookshelf,Furniture,North,8,16789,17,367,1130,134312,10,4,2024
4694,2022-02-06,Bed,Furniture,North,9,23161,8,174,9736,208449,2,1,2022
4695,2023-05-16,Coffee Table,Furniture,South,15,2641,17,250,6591,39615,5,2,2023
4696,2022-04-30,Bookshelf,Furniture,East,19,9775,10,381,3070,185725,4,2,2022
4697,2024-12-11,Study Table,Furniture,South,1,21000,7,276,7982,21000,12,4,2024
4698,2022-04-17,Sofa,Furniture,East,7,28309,15,221,5585,198163,4,2,2022
4699,2025-05-08,Bookshelf,Furniture,South,14,30861,14,466,8556,432054,5,2,2025
4700,2022-03-08,Coffee Table,Furniture,South,16,5816,8,382,3868,93056,3,1,2022
4701,2022-10-01,Office Chair,Furniture,North,19,44253,11,462,9261,840807,10,4,2022
4702,2025-07-25,Sofa,Furniture,South,6,46482,4,114,2983,278892,7,3,2025
4703,2022-01-22,Sofa,Furniture,South,20,10781,1,314,3848,215620,1,1,2022
4704,2024-07-22,Dining Table,Furniture,East,13,14445,19,421,2594,187785,7,3,2024
4705,2023-02-07,Study Table,Furniture,West,1,30629,5,277,3306,30629,2,1,2023
4706,2025-04-07,Study Table,Furniture,East,9,38417,11,447,4911,345753,4,2,2025
4707,2024-10-22,Study Table,Furniture,West,16,26551,17,496,5531,424816,10,4,2024
4708,2025-11-07,Dining Table,Furniture,North,1,2139,8,57,2526,2139,11,4,2025
4709,2022-10-15,Office Chair,Furniture,South,1,31815,3,292,4027,31815,10,4,2022
4710,2025-12-20,Dining Table,Furniture,South,15,43665,0,148,4141,654975,12,4,2025
4711,2025-09-06,Wardrobe,Furniture,South,14,13340,2,437,8364,186760,9,3,2025
4712,2025-07-17,Bed,Furniture,North,12,47435,13,53,3463,569220,7,3,2025
4713,2024-01-03,Study Table,Furniture,South,3,31753,5,349,2200,95259,1,1,2024
4714,2022-09-30,Bookshelf,Furniture,West,6,3828,15,443,6180,22968,9,3,2022
4715,2025-03-02,Wardrobe,Furniture,South,1,19680,4,289,7293,19680,3,1,2025
4716,2024-11-04,Dining Table,Furniture,North,11,43458,6,189,1401,478038,11,4,2024
4717,2024-05-26,Dining Table,Furniture,East,10,37775,3,338,6799,377750,5,2,2024
4718,2022-11-23,Dining Table,Furniture,East,16,40418,4,177,6768,646688,11,4,2022
4719,2024-03-01,Bed,Furniture,North,1,23758,19,416,1091,23758,3,1,2024
4720,2023-11-01,Sofa,Furniture,South,3,19260,4,472,3803,57780,11,4,2023
4721,2025-08-11,Bed,Furniture,East,2,35361,12,243,1389,70722,8,3,2025
4722,2024-06-22,Office Chair,Furniture,South,11,27441,8,218,5850,301851,6,2,2024
4723,2025-07-27,Bed,Furniture,North,8,2294,2,377,1849,18352,7,3,2025
4724,2023-09-27,Bookshelf,Furniture,South,19,11013,0,76,4870,209247,9,3,2023
4725,2024-03-04,Bed,Furniture,East,2,43488,7,431,8587,86976,3,1,2024
4726,2025-08-06,Sofa,Furniture,North,5,11128,9,390,8755,55640,8,3,2025
4727,2024-12-17,Dining Table,Furniture,North,4,24997,14,69,5677,99988,12,4,2024
4728,2023-10-31,Wardrobe,Furniture,West,1,2050,10,413,1149,2050,10,4,2023
4729,2024-09-01,Office Chair,Furniture,North,13,41314,13,217,5968,537082,9,3,2024
4730,2023-06-08,Office Chair,Furniture,North,2,41164,14,351,9820,82328,6,2,2023
4731,2025-11-08,Sofa,Furniture,North,18,25890,15,138,8566,466020,11,4,2025
4732,2024-05-02,Bookshelf,Furniture,South,17,42797,3,459,2143,727549,5,2,2024
4733,2022-03-02,Sofa,Furniture,South,14,48521,11,307,9166,679294,3,1,2022
4734,2025-11-11,Office Chair,Furniture,North,15,25141,9,416,6846,377115,11,4,2025
4735,2024-08-08,Bed,Furniture,North,11,12876,4,83,8012,141636,8,3,2024
4736,2022-03-30,Coffee Table,Furniture,North,18,5322,0,57,1134,95796,3,1,2022
4737,2022-05-18,Sofa,Furniture,North,13,23518,15,410,2743,305734,5,2,2022
4738,2024-12-27,Coffee Table,Furniture,South,17,14014,16,457,6886,238238,12,4,2024
4739,2024-11-30,Wardrobe,Furniture,North,11,13093,12,254,9287,144023,11,4,2024
4740,2022-07-12,Coffee Table,Furniture,East,6,42638,19,120,9266,255828,7,3,2022
4741,2022-05-07,Dining Table,Furniture,South,5,41669,13,294,7112,208345,5,2,2022
4742,2024-06-23,Office Chair,Furniture,North,1,10141,20,248,1309,10141,6,2,2024
4743,2025-11-27,Study Table,Furniture,South,18,4676,8,225,9681,84168,11,4,2025
4744,2024-12-13,Dining Table,Furniture,West,1,45581,16,348,6043,45581,12,4,2024
4745,2025-09-08,Bookshelf,Furniture,North,5,13449,12,339,6789,67245,9,3,2025
4746,2022-11-21,Coffee Table,Furniture,South,1,32459,9,228,6060,32459,11,4,2022
4747,2025-08-31,Bookshelf,Furniture,West,8,48009,3,124,6805,384072,8,3,2025
4748,2025-04-04,Wardrobe,Furniture,West,19,6893,12,240,5583,130967,4,2,2025
4749,2022-08-30,Study Table,Furniture,West,11,32883,14,273,4886,361713,8,3,2022
4750,2023-04-21,Study Table,Furniture,South,19,22679,14,390,5175,430901,4,2,2023
4751,2023-03-07,Office Chair,Furniture,East,11,15289,20,320,9183,168179,3,1,2023
4752,2024-01-21,Study Table,Furniture,East,4,42028,2,389,4839,168112,1,1,2024
4753,2025-05-07,Study Table,Furniture,South,13,4921,18,449,2553,63973,5,2,2025
4754,2024-12-12,Sofa,Furniture,East,1,17782,20,167,3651,17782,12,4,2024
4755,2022-02-02,Wardrobe,Furniture,South,19,27726,0,301,3824,526794,2,1,2022
4756,2024-11-07,Sofa,Furniture,West,14,22343,12,103,9787,312802,11,4,2024
4757,2025-03-08,Wardrobe,Furniture,South,19,9715,8,76,9341,184585,3,1,2025
4758,2022-12-26,Bookshelf,Furniture,North,16,47504,19,194,6525,760064,12,4,2022
4759,2022-12-29,Dining Table,Furniture,South,18,20863,14,480,5252,375534,12,4,2022
4760,2024-11-29,Bookshelf,Furniture,West,15,28396,2,344,8318,425940,11,4,2024
4761,2024-06-19,Sofa,Furniture,North,18,30381,14,192,3187,546858,6,2,2024
4762,2023-07-09,Bed,Furniture,North,14,33737,17,156,6019,472318,7,3,2023
4763,2025-03-20,Study Table,Furniture,North,3,30703,17,297,4851,92109,3,1,2025
4764,2024-03-30,Coffee Table,Furniture,South,20,43550,11,103,8289,871000,3,1,2024
4765,2025-11-09,Wardrobe,Furniture,North,9,28072,3,241,3950,252648,11,4,2025
4766,2025-11-06,Sofa,Furniture,North,13,5446,15,267,6322,70798,11,4,2025
4767,2025-03-30,Coffee Table,Furniture,East,15,41438,7,194,7875,621570,3,1,2025
4768,2024-09-05,Office Chair,Furniture,South,11,20865,13,358,6728,229515,9,3,2024
4769,2023-06-08,Bed,Furniture,South,18,13000,16,302,7640,234000,6,2,2023
4770,2025-10-15,Bed,Furniture,South,1,42252,18,239,1113,42252,10,4,2025
4771,2022-07-11,Bed,Furniture,South,12,18618,17,271,6753,223416,7,3,2022
4772,2023-09-22,Office Chair,Furniture,East,18,29084,16,330,1893,523512,9,3,2023
4773,2025-04-15,Sofa,Furniture,West,4,5675,19,147,1526,22700,4,2,2025
4774,2025-04-19,Sofa,Furniture,West,1,13853,11,386,6770,13853,4,2,2025
4775,2023-06-26,Sofa,Furniture,South,10,16950,10,462,8805,169500,6,2,2023
4776,2024-03-16,Coffee Table,Furniture,East,9,37971,9,56,8990,341739,3,1,2024
4777,2024-12-21,Study Table,Furniture,South,18,13082,5,489,7054,235476,12,4,2024
4778,2024-09-08,Study Table,Furniture,East,7,36727,0,80,5500,257089,9,3,2024
4779,2023-10-10,Wardrobe,Furniture,East,13,24498,20,458,8654,318474,10,4,2023
4780,2022-11-23,Study Table,Furniture,South,2,48739,12,490,2972,97478,11,4,2022
4781,2023-05-02,Wardrobe,Furniture,South,11,12499,10,157,2091,137489,5,2,2023
4782,2022-10-23,Bookshelf,Furniture,East,16,20686,1,190,5450,330976,10,4,2022
4783,2023-07-22,Study Table,Furniture,North,2,39539,0,480,8598,79078,7,3,2023
4784,2023-04-26,Office Chair,Furniture,North,17,5944,12,201,3653,101048,4,2,2023
4785,2025-03-13,Bed,Furniture,South,16,43757,10,388,9788,700112,3,1,2025
4786,2024-02-15,Dining Table,Furniture,North,3,3859,18,231,5462,11577,2,1,2024
4787,2022-05-21,Dining Table,Furniture,West,10,45043,6,347,1629,450430,5,2,2022
4788,2024-05-24,Wardrobe,Furniture,West,9,8580,11,55,3937,77220,5,2,2024
4789,2025-01-25,Study Table,Furniture,South,2,16060,20,366,7003,32120,1,1,2025
4790,2023-09-12,Coffee Table,Furniture,West,20,39000,18,113,9557,780000,9,3,2023
4791,2023-01-04,Office Chair,Furniture,North,10,7888,9,111,6297,78880,1,1,2023
4792,2024-07-27,Bed,Furniture,East,2,26987,20,90,9291,53974,7,3,2024
4793,2022-03-12,Sofa,Furniture,South,19,21691,18,396,5763,412129,3,1,2022
4794,2022-02-14,Study Table,Furniture,West,2,27801,10,459,3133,55602,2,1,2022
4795,2022-09-06,Bed,Furniture,East,12,24978,12,173,1095,299736,9,3,2022
4796,2022-09-12,Office Chair,Furniture,North,6,36656,20,274,7096,219936,9,3,2022
4797,2025-08-28,Coffee Table,Furniture,West,8,35469,3,256,8694,283752,8,3,2025
4798,2025-05-18,Sofa,Furniture,West,3,3589,2,224,2655,10767,5,2,2025
4799,2022-10-14,Dining Table,Furniture,West,2,47239,1,93,1291,94478,10,4,2022
4800,2025-06-03,Coffee Table,Furniture,South,16,30576,4,262,3521,489216,6,2,2025
4801,2023-07-12,Bed,Furniture,East,17,4128,16,158,6777,70176,7,3,2023
4802,2024-06-15,Bookshelf,Furniture,East,11,43712,3,347,3426,480832,6,2,2024
4803,2022-09-27,Coffee Table,Furniture,East,11,22646,1,483,3542,249106,9,3,2022
4804,2025-04-07,Bed,Furniture,North,13,20212,15,249,2675,262756,4,2,2025
4805,2022-05-30,Study Table,Furniture,South,3,19508,11,94,3870,58524,5,2,2022
4806,2022-05-19,Study Table,Furniture,West,13,37110,0,468,8903,482430,5,2,2022
4807,2023-06-17,Bed,Furniture,North,3,15432,20,245,2332,46296,6,2,2023
4808,2024-05-30,Bookshelf,Furniture,North,18,18367,16,246,8829,330606,5,2,2024
4809,2023-11-20,Sofa,Furniture,South,13,5087,19,453,5573,66131,11,4,2023
4810,2023-07-31,Bed,Furniture,East,11,24005,5,418,4992,264055,7,3,2023
4811,2024-04-07,Office Chair,Furniture,North,18,7110,13,157,8702,127980,4,2,2024
4812,2024-08-11,Bookshelf,Furniture,North,12,8798,17,182,2792,105576,8,3,2024
4813,2022-01-12,Office Chair,Furniture,East,4,22566,14,204,5680,90264,1,1,2022
4814,2022-12-15,Bookshelf,Furniture,South,12,38502,17,263,2451,462024,12,4,2022
4815,2022-01-08,Sofa,Furniture,North,1,42391,10,316,1084,42391,1,1,2022
4816,2025-05-15,Bookshelf,Furniture,North,19,6179,16,238,5066,117401,5,2,2025
4817,2022-10-04,Coffee Table,Furniture,East,13,6434,11,373,2420,83642,10,4,2022
4818,2023-12-08,Wardrobe,Furniture,East,16,36912,15,451,5731,590592,12,4,2023
4819,2022-09-26,Dining Table,Furniture,South,17,35362,10,90,8404,601154,9,3,2022
4820,2022-09-17,Dining Table,Furniture,East,5,19714,19,318,3998,98570,9,3,2022
4821,2023-12-12,Bookshelf,Furniture,East,2,34391,9,448,9145,68782,12,4,2023
4822,2024-06-11,Office Chair,Furniture,South,17,5751,5,376,9790,97767,6,2,2024
4823,2024-11-05,Coffee Table,Furniture,West,4,12146,18,285,2193,48584,11,4,2024
4824,2023-11-15,Office Chair,Furniture,South,19,30541,11,173,2121,580279,11,4,2023
4825,2023-12-07,Office Chair,Furniture,East,16,23924,3,272,4148,382784,12,4,2023
4826,2025-03-13,Wardrobe,Furniture,West,10,21822,14,289,6420,218220,3,1,2025
4827,2022-06-14,Dining Table,Furniture,West,4,22361,14,121,4664,89444,6,2,2022
4828,2023-10-24,Coffee Table,Furniture,West,16,18776,13,252,4874,300416,10,4,2023
4829,2024-08-16,Wardrobe,Furniture,West,4,15599,15,196,5778,62396,8,3,2024
4830,2023-05-22,Coffee Table,Furniture,East,19,16858,8,296,7724,320302,5,2,2023
4831,2024-07-01,Office Chair,Furniture,West,5,5470,11,403,6864,27350,7,3,2024
4832,2024-01-29,Coffee Table,Furniture,North,4,34339,6,131,7623,137356,1,1,2024
4833,2024-10-01,Office Chair,Furniture,East,14,18045,15,428,7566,252630,10,4,2024
4834,2025-04-24,Wardrobe,Furniture,East,11,47789,17,389,3228,525679,4,2,2025
4835,2025-09-25,Sofa,Furniture,North,11,6154,8,454,4318,67694,9,3,2025
4836,2022-08-11,Dining Table,Furniture,East,5,15027,5,235,5281,75135,8,3,2022
4837,2023-12-12,Office Chair,Furniture,South,20,46034,14,232,3123,920680,12,4,2023
4838,2024-06-24,Study Table,Furniture,West,16,17666,0,451,3471,282656,6,2,2024
4839,2022-06-30,Dining Table,Furniture,North,7,49931,1,499,7641,349517,6,2,2022
4840,2023-10-20,Office Chair,Furniture,North,6,11042,11,121,2847,66252,10,4,2023
4841,2022-06-09,Sofa,Furniture,West,16,41328,15,299,5011,661248,6,2,2022
4842,2024-07-11,Study Table,Furniture,West,5,39296,4,179,2694,196480,7,3,2024
4843,2022-12-22,Sofa,Furniture,East,1,3565,19,421,3282,3565,12,4,2022
4844,2024-06-17,Coffee Table,Furniture,South,9,36872,17,455,1261,331848,6,2,2024
4845,2024-01-01,Dining Table,Furniture,East,1,49828,14,337,8775,49828,1,1,2024
4846,2023-10-27,Dining Table,Furniture,East,8,31747,19,342,9234,253976,10,4,2023
4847,2024-06-09,Office Chair,Furniture,South,7,31865,16,377,5361,223055,6,2,2024
4848,2022-03-13,Dining Table,Furniture,North,5,4587,19,336,2190,22935,3,1,2022
4849,2024-07-12,Office Chair,Furniture,East,15,43023,4,474,9440,645345,7,3,2024
4850,2024-04-09,Bookshelf,Furniture,East,14,35717,12,428,2767,500038,4,2,2024
4851,2022-01-17,Study Table,Furniture,South,4,28267,6,357,3297,113068,1,1,2022
4852,2024-12-01,Office Chair,Furniture,West,19,49606,0,398,1163,942514,12,4,2024
4853,2022-12-04,Bookshelf,Furniture,East,18,27429,2,402,1713,493722,12,4,2022
4854,2023-08-01,Sofa,Furniture,East,15,14867,18,236,9289,223005,8,3,2023
4855,2023-12-24,Dining Table,Furniture,East,9,23801,14,430,3734,214209,12,4,2023
4856,2022-03-20,Sofa,Furniture,North,14,33056,18,153,1687,462784,3,1,2022
4857,2023-06-20,Coffee Table,Furniture,East,18,31054,9,283,4938,558972,6,2,2023
4858,2023-10-10,Wardrobe,Furniture,South,4,19251,19,249,3321,77004,10,4,2023
4859,2025-06-18,Office Chair,Furniture,East,18,40525,17,493,3082,729450,6,2,2025
4860,2022-06-05,Wardrobe,Furniture,West,12,43018,12,355,4640,516216,6,2,2022
4861,2022-10-16,Bed,Furniture,South,5,2131,3,337,5347,10655,10,4,2022
4862,2023-10-30,Study Table,Furniture,West,14,18235,16,300,7580,255290,10,4,2023
4863,2022-11-29,Study Table,Furniture,East,12,12550,11,189,6531,150600,11,4,2022
4864,2022-11-20,Sofa,Furniture,South,12,35172,11,179,1227,422064,11,4,2022
4865,2022-07-15,Office Chair,Furniture,South,2,43902,8,63,2970,87804,7,3,2022
4866,2024-09-04,Sofa,Furniture,North,7,46964,3,268,7965,328748,9,3,2024
4867,2025-08-21,Bookshelf,Furniture,North,16,41707,19,367,1633,667312,8,3,2025
4868,2022-11-01,Office Chair,Furniture,North,19,10030,0,264,9748,190570,11,4,2022
4869,2025-01-14,Study Table,Furniture,East,7,30596,14,201,4862,214172,1,1,2025
4870,2024-11-29,Bed,Furniture,West,11,35061,4,359,5867,385671,11,4,2024
4871,2025-12-13,Wardrobe,Furniture,South,6,3451,14,499,6381,20706,12,4,2025
4872,2022-03-07,Office Chair,Furniture,North,14,49632,16,91,6991,694848,3,1,2022
4873,2023-10-08,Coffee Table,Furniture,West,13,44557,3,307,2521,579241,10,4,2023
4874,2024-10-11,Dining Table,Furniture,East,4,11161,20,200,2817,44644,10,4,2024
4875,2023-08-04,Coffee Table,Furniture,West,15,34763,7,143,6184,521445,8,3,2023
4876,2024-08-21,Bookshelf,Furniture,East,20,11898,3,125,3563,237960,8,3,2024
4877,2024-04-19,Bed,Furniture,West,6,39381,20,186,2786,236286,4,2,2024
4878,2022-10-19,Wardrobe,Furniture,East,20,47547,4,131,8663,950940,10,4,2022
4879,2023-03-15,Bookshelf,Furniture,East,14,48442,1,163,7096,678188,3,1,2023
4880,2025-07-29,Sofa,Furniture,South,15,47511,10,478,7173,712665,7,3,2025
4881,2024-02-20,Bed,Furniture,South,8,46527,16,277,7498,372216,2,1,2024
4882,2025-03-31,Bookshelf,Furniture,East,11,37208,9,203,5861,409288,3,1,2025
4883,2023-06-29,Dining Table,Furniture,East,14,34982,11,60,6962,489748,6,2,2023
4884,2022-11-30,Study Table,Furniture,North,4,33807,8,289,1427,135228,11,4,2022
4885,2024-02-06,Dining Table,Furniture,South,17,7580,8,295,9504,128860,2,1,2024
4886,2024-10-04,Office Chair,Furniture,West,4,22160,18,451,6659,88640,10,4,2024
4887,2023-04-22,Bookshelf,Furniture,South,16,8374,3,179,1757,133984,4,2,2023
4888,2024-03-10,Coffee Table,Furniture,North,13,8729,6,488,8827,113477,3,1,2024
4889,2022-01-16,Sofa,Furniture,West,20,38027,20,117,6291,760540,1,1,2022
4890,2025-05-10,Bed,Furniture,West,9,41196,2,440,4836,370764,5,2,2025
4891,2022-07-06,Study Table,Furniture,North,14,29648,8,90,6721,415072,7,3,2022
4892,2024-06-04,Study Table,Furniture,East,7,23371,17,239,5773,163597,6,2,2024
4893,2025-12-12,Office Chair,Furniture,North,12,44857,8,213,2528,538284,12,4,2025
4894,2024-12-29,Sofa,Furniture,West,3,44143,5,207,4614,132429,12,4,2024
4895,2024-10-07,Bed,Furniture,West,17,46058,15,424,3067,782986,10,4,2024
4896,2023-04-21,Dining Table,Furniture,North,18,36423,0,323,5018,655614,4,2,2023
4897,2023-11-12,Dining Table,Furniture,North,8,30997,6,498,2132,247976,11,4,2023
4898,2025-03-31,Bookshelf,Furniture,South,4,7794,15,224,2991,31176,3,1,2025
4899,2023-01-29,Wardrobe,Furniture,North,18,12228,12,296,1521,220104,1,1,2023
4900,2023-09-01,Bookshelf,Furniture,South,13,38683,9,265,6819,502879,9,3,2023
4901,2022-10-01,Office Chair,Furniture,South,9,2318,20,352,9626,20862,10,4,2022
4902,2024-06-10,Office Chair,Furniture,West,6,21781,11,291,2754,130686,6,2,2024
4903,2025-06-09,Office Chair,Furniture,South,7,6676,5,320,6959,46732,6,2,2025
4904,2023-09-30,Study Table,Furniture,North,7,47209,18,484,9364,330463,9,3,2023
4905,2023-01-11,Wardrobe,Furniture,West,2,17162,11,84,3741,34324,1,1,2023
4906,2024-09-09,Office Chair,Furniture,West,10,41774,14,264,5526,417740,9,3,2024
4907,2023-05-24,Sofa,Furniture,North,20,40421,12,100,5169,808420,5,2,2023
4908,2024-04-14,Dining Table,Furniture,West,5,22384,7,159,8421,111920,4,2,2024
4909,2024-08-05,Study Table,Furniture,East,20,47701,6,350,2630,954020,8,3,2024
4910,2025-09-15,Sofa,Furniture,East,14,12405,15,439,7106,173670,9,3,2025
4911,2023-10-31,Bed,Furniture,East,3,39675,4,230,3535,119025,10,4,2023
4912,2025-08-20,Dining Table,Furniture,West,4,43146,7,406,6052,172584,8,3,2025
4913,2024-10-16,Bed,Furniture,West,1,47202,6,323,8897,47202,10,4,2024
4914,2024-09-08,Study Table,Furniture,North,19,6877,6,267,6032,130663,9,3,2024
4915,2025-12-16,Study Table,Furniture,East,19,44439,10,152,1545,844341,12,4,2025
4916,2025-09-11,Dining Table,Furniture,North,5,43934,17,315,4469,219670,9,3,2025
4917,2022-06-09,Office Chair,Furniture,East,2,17889,9,268,6191,35778,6,2,2022
4918,2025-12-20,Wardrobe,Furniture,North,11,47767,9,129,5775,525437,12,4,2025
4919,2023-07-11,Study Table,Furniture,North,1,35025,19,364,4332,35025,7,3,2023
4920,2023-01-19,Dining Table,Furniture,East,10,38909,0,145,7259,389090,1,1,2023
4921,2022-09-26,Sofa,Furniture,South,17,29120,19,251,7061,495040,9,3,2022
4922,2023-04-07,Office Chair,Furniture,South,13,33052,5,96,1743,429676,4,2,2023
4923,2024-04-11,Sofa,Furniture,West,10,38633,11,289,9399,386330,4,2,2024
4924,2024-04-07,Wardrobe,Furniture,West,13,37542,17,393,4689,488046,4,2,2024
4925,2024-04-13,Sofa,Furniture,West,12,41449,9,88,1626,497388,4,2,2024
4926,2023-09-18,Bookshelf,Furniture,East,11,44529,15,398,2062,489819,9,3,2023
4927,2025-07-17,Coffee Table,Furniture,West,19,35203,20,370,2303,668857,7,3,2025
4928,2025-09-17,Study Table,Furniture,East,5,26112,1,55,8702,130560,9,3,2025
4929,2024-09-08,Coffee Table,Furniture,South,5,40261,8,111,9603,201305,9,3,2024
4930,2023-11-30,Wardrobe,Furniture,South,10,17619,17,196,9016,176190,11,4,2023
4931,2024-04-02,Bookshelf,Furniture,South,13,19965,4,425,5813,259545,4,2,2024
4932,2024-03-20,Study Table,Furniture,North,14,40211,2,143,2577,562954,3,1,2024
4933,2024-12-26,Wardrobe,Furniture,North,15,15564,5,235,1612,233460,12,4,2024
4934,2023-04-16,Wardrobe,Furniture,East,20,46129,5,405,4190,922580,4,2,2023
4935,2022-07-30,Office Chair,Furniture,East,19,45233,6,68,8409,859427,7,3,2022
4936,2024-01-26,Wardrobe,Furniture,South,20,47999,9,130,7681,959980,1,1,2024
4937,2022-06-19,Study Table,Furniture,West,19,45691,15,66,8135,868129,6,2,2022
4938,2024-07-27,Bed,Furniture,West,12,37164,10,231,7167,445968,7,3,2024
4939,2023-11-30,Office Chair,Furniture,South,16,33165,6,263,9194,530640,11,4,2023
4940,2023-07-01,Wardrobe,Furniture,South,3,41564,2,328,6640,124692,7,3,2023
4941,2023-02-12,Dining Table,Furniture,South,1,37481,20,288,9602,37481,2,1,2023
4942,2024-04-02,Wardrobe,Furniture,North,11,5651,19,442,3890,62161,4,2,2024
4943,2023-04-18,Bed,Furniture,East,6,21540,19,381,1449,129240,4,2,2023
4944,2025-09-09,Dining Table,Furniture,South,9,44249,4,363,8116,398241,9,3,2025
4945,2024-10-17,Coffee Table,Furniture,South,14,26343,11,236,7872,368802,10,4,2024
4946,2022-01-30,Bed,Furniture,West,14,28736,5,344,8101,402304,1,1,2022
4947,2022-10-09,Dining Table,Furniture,South,17,7065,3,223,8034,120105,10,4,2022
4948,2023-01-15,Bookshelf,Furniture,North,15,40748,6,58,2647,611220,1,1,2023
4949,2024-03-28,Study Table,Furniture,South,5,22955,1,155,1927,114775,3,1,2024
4950,2024-01-09,Wardrobe,Furniture,East,12,28039,13,414,3234,336468,1,1,2024
4951,2025-04-03,Office Chair,Furniture,South,6,7140,18,57,5514,42840,4,2,2025
4952,2023-01-20,Sofa,Furniture,North,3,39969,13,187,3854,119907,1,1,2023
4953,2024-06-15,Bookshelf,Furniture,West,16,33728,14,145,6483,539648,6,2,2024
4954,2024-10-11,Wardrobe,Furniture,East,19,26993,8,274,2738,512867,10,4,2024
4955,2022-10-03,Bed,Furniture,West,5,27855,3,384,4074,139275,10,4,2022
4956,2025-05-27,Dining Table,Furniture,South,1,26411,3,340,5507,26411,5,2,2025
4957,2024-03-19,Wardrobe,Furniture,East,20,45009,17,106,3537,900180,3,1,2024
4958,2023-07-15,Bed,Furniture,West,19,25414,13,127,4967,482866,7,3,2023
4959,2023-09-16,Dining Table,Furniture,South,13,32597,0,441,6389,423761,9,3,2023
4960,2025-05-01,Coffee Table,Furniture,West,15,9610,5,86,6042,144150,5,2,2025
4961,2022-10-08,Dining Table,Furniture,North,2,40766,4,469,5792,81532,10,4,2022
4962,2025-09-01,Bed,Furniture,West,15,3402,4,464,5611,51030,9,3,2025
4963,2025-11-01,Wardrobe,Furniture,West,12,32986,2,488,8544,395832,11,4,2025
4964,2022-04-20,Bookshelf,Furniture,North,16,28571,20,460,6961,457136,4,2,2022
4965,2024-07-26,Bed,Furniture,East,18,3161,7,58,4990,56898,7,3,2024
4966,2023-08-24,Study Table,Furniture,West,16,27368,6,315,9293,437888,8,3,2023
4967,2023-09-08,Sofa,Furniture,North,11,29556,5,407,7170,325116,9,3,2023
4968,2022-12-23,Coffee Table,Furniture,South,17,21574,0,338,8988,366758,12,4,2022
4969,2025-02-01,Bed,Furniture,North,5,5725,10,317,5232,28625,2,1,2025
4970,2022-06-25,Sofa,Furniture,West,16,14476,15,298,3704,231616,6,2,2022
4971,2022-10-21,Wardrobe,Furniture,South,7,28970,16,393,4006,202790,10,4,2022
4972,2024-11-13,Study Table,Furniture,North,11,34720,2,229,1975,381920,11,4,2024
4973,2022-06-09,Study Table,Furniture,West,1,8823,4,491,3645,8823,6,2,2022
4974,2024-06-17,Bookshelf,Furniture,West,10,22636,7,337,2382,226360,6,2,2024
4975,2024-09-12,Dining Table,Furniture,South,12,13089,7,88,3106,157068,9,3,2024
4976,2025-08-02,Office Chair,Furniture,West,2,13126,5,210,6914,26252,8,3,2025
4977,2022-11-03,Coffee Table,Furniture,South,4,36356,14,150,2081,145424,11,4,2022
4978,2024-02-11,Dining Table,Furniture,West,12,26833,0,177,7578,321996,2,1,2024
4979,2025-12-22,Bookshelf,Furniture,South,14,13589,16,488,3577,190246,12,4,2025
4980,2022-10-27,Sofa,Furniture,North,17,45593,11,346,8827,775081,10,4,2022
4981,2024-10-24,Bookshelf,Furniture,East,6,23718,5,429,5329,142308,10,4,2024
4982,2025-03-22,Study Table,Furniture,South,7,31761,0,282,3338,222327,3,1,2025
4983,2023-03-09,Sofa,Furniture,North,17,25802,18,453,9533,438634,3,1,2023
4984,2024-01-01,Dining Table,Furniture,East,4,32972,10,63,9494,131888,1,1,2024
4985,2023-02-10,Bed,Furniture,West,1,25801,8,404,1700,25801,2,1,2023
4986,2025-07-20,Office Chair,Furniture,East,20,13198,13,227,9088,263960,7,3,2025
4987,2023-08-08,Wardrobe,Furniture,West,8,24706,14,395,8645,197648,8,3,2023
4988,2023-02-17,Office Chair,Furniture,East,12,29385,8,243,6380,352620,2,1,2023
4989,2022-06-23,Bookshelf,Furniture,North,14,10966,9,136,3800,153524,6,2,2022
4990,2024-01-18,Wardrobe,Furniture,West,6,39118,12,153,1627,234708,1,1,2024
4991,2024-10-21,Bed,Furniture,North,9,11838,2,419,5952,106542,10,4,2024
4992,2023-03-15,Coffee Table,Furniture,East,19,45471,8,332,2311,863949,3,1,2023
4993,2025-04-02,Wardrobe,Furniture,South,3,44828,5,338,3927,134484,4,2,2025
4994,2025-06-19,Office Chair,Furniture,East,3,23991,7,215,9698,71973,6,2,2025
4995,2024-10-02,Bookshelf,Furniture,North,7,12184,10,442,9287,85288,10,4,2024
4996,2023-01-12,Dining Table,Furniture,North,20,28472,5,90,8701,569440,1,1,2023
4997,2024-03-28,Bed,Furniture,West,12,4201,6,141,8640,50412,3,1,2024
4998,2022-06-27,Wardrobe,Furniture,East,17,15434,8,377,8618,262378,6,2,2022
4999,2022-03-31,Bookshelf,Furniture,East,13,20431,7,267,5921,265603,3,1,2022
5000,2022-05-07,Study Table,Furniture,East,15,43307,10,439,3822,649605,5,2,2022
5001,2025-02-05,Bookshelf,Furniture,West,20,9407,15,335,3260,188140,2,1,2025
5002,2024-08-23,Study Table,Furniture,West,16,27879,11,457,3037,446064,8,3,2024
5003,2024-02-12,Dining Table,Furniture,South,18,23641,17,244,2022,425538,2,1,2024
5004,2025-10-04,Dining Table,Furniture,West,3,17063,9,58,9721,51189,10,4,2025
5005,2024-10-19,Coffee Table,Furniture,South,17,33929,9,98,9610,576793,10,4,2024
5006,2023-07-29,Dining Table,Furniture,East,17,3290,12,327,6750,55930,7,3,2023
5007,2022-11-30,Bookshelf,Furniture,East,6,39545,2,418,3516,237270,11,4,2022
5008,2023-06-13,Wardrobe,Furniture,South,16,23495,18,140,1424,375920,6,2,2023
5009,2023-06-28,Bookshelf,Furniture,South,9,5753,20,62,9361,51777,6,2,2023
5010,2022-02-15,Office Chair,Furniture,West,12,12688,2,251,1095,152256,2,1,2022
5011,2023-12-29,Office Chair,Furniture,South,13,29653,14,246,9879,385489,12,4,2023
5012,2022-07-20,Bookshelf,Furniture,North,9,48246,9,278,5895,434214,7,3,2022
5013,2023-05-20,Bed,Furniture,West,7,19980,12,497,1370,139860,5,2,2023
5014,2024-10-01,Dining Table,Furniture,South,20,46194,14,250,5937,923880,10,4,2024
5015,2022-03-25,Coffee Table,Furniture,East,18,47153,16,303,8529,848754,3,1,2022
5016,2022-05-04,Coffee Table,Furniture,East,14,9399,15,485,2069,131586,5,2,2022
5017,2022-12-17,Coffee Table,Furniture,East,19,29817,5,340,6452,566523,12,4,2022
5018,2024-12-23,Bed,Furniture,North,19,33762,5,467,9828,641478,12,4,2024
5019,2023-01-30,Office Chair,Furniture,East,2,19548,7,308,6621,39096,1,1,2023
5020,2022-03-27,Office Chair,Furniture,North,18,19881,9,261,4764,357858,3,1,2022
5021,2025-08-10,Sofa,Furniture,North,14,5780,12,240,7385,80920,8,3,2025
5022,2024-03-03,Coffee Table,Furniture,East,11,49304,14,460,2101,542344,3,1,2024
5023,2023-05-30,Coffee Table,Furniture,West,19,28264,8,297,7856,537016,5,2,2023
5024,2022-08-22,Coffee Table,Furniture,South,3,48631,1,474,6080,145893,8,3,2022
5025,2025-04-25,Sofa,Furniture,South,1,29383,1,401,8600,29383,4,2,2025
5026,2024-07-02,Study Table,Furniture,East,2,26594,12,51,4645,53188,7,3,2024
5027,2025-04-11,Sofa,Furniture,North,8,21306,2,351,2101,170448,4,2,2025
5028,2023-08-12,Wardrobe,Furniture,West,3,26734,12,314,3686,80202,8,3,2023
5029,2023-08-06,Wardrobe,Furniture,West,3,29063,20,292,7092,87189,8,3,2023
5030,2023-10-05,Sofa,Furniture,West,3,21996,19,201,1617,65988,10,4,2023
5031,2023-03-01,Wardrobe,Furniture,North,20,36411,2,202,1270,728220,3,1,2023
5032,2023-03-07,Study Table,Furniture,West,2,16418,19,109,5935,32836,3,1,2023
5033,2024-11-05,Dining Table,Furniture,West,8,31805,2,207,7331,254440,11,4,2024
5034,2023-10-04,Dining Table,Furniture,East,5,37947,14,99,6009,189735,10,4,2023
5035,2022-04-28,Dining Table,Furniture,East,9,28671,11,286,2049,258039,4,2,2022
5036,2024-02-18,Wardrobe,Furniture,South,16,23438,8,441,8632,375008,2,1,2024
5037,2024-09-27,Study Table,Furniture,South,4,32314,10,433,5732,129256,9,3,2024
5038,2023-08-20,Coffee Table,Furniture,North,16,14293,19,73,5248,228688,8,3,2023
5039,2024-09-17,Study Table,Furniture,South,5,49111,6,215,3461,245555,9,3,2024
5040,2023-11-29,Office Chair,Furniture,North,14,33075,17,245,2559,463050,11,4,2023
5041,2023-10-08,Bed,Furniture,West,12,7997,17,114,8939,95964,10,4,2023
5042,2022-12-13,Wardrobe,Furniture,West,4,44287,2,443,3101,177148,12,4,2022
5043,2025-03-14,Coffee Table,Furniture,North,2,42655,2,103,6029,85310,3,1,2025
5044,2025-09-24,Sofa,Furniture,South,7,31520,8,51,4547,220640,9,3,2025
5045,2022-10-05,Wardrobe,Furniture,West,9,14795,13,215,8891,133155,10,4,2022
5046,2024-01-12,Study Table,Furniture,East,9,46798,10,336,7636,421182,1,1,2024
5047,2022-12-20,Coffee Table,Furniture,South,15,19359,11,82,7806,290385,12,4,2022
5048,2024-06-01,Wardrobe,Furniture,West,6,25851,13,317,8860,155106,6,2,2024
5049,2025-07-23,Bed,Furniture,South,12,16230,18,312,6058,194760,7,3,2025
5050,2023-08-30,Study Table,Furniture,East,4,20044,1,440,7096,80176,8,3,2023
5051,2023-08-10,Bookshelf,Furniture,East,14,30048,18,294,1650,420672,8,3,2023
5052,2025-01-27,Bookshelf,Furniture,West,11,25419,16,264,4026,279609,1,1,2025
5053,2025-10-29,Study Table,Furniture,West,13,9044,2,73,6125,117572,10,4,2025
5054,2023-04-27,Dining Table,Furniture,East,9,21413,15,453,7945,192717,4,2,2023
5055,2023-05-04,Study Table,Furniture,North,15,31827,12,300,3814,477405,5,2,2023
5056,2023-06-21,Bookshelf,Furniture,West,9,12364,12,422,7292,111276,6,2,2023
5057,2023-08-24,Office Chair,Furniture,East,16,47774,1,173,6132,764384,8,3,2023
5058,2024-11-10,Bed,Furniture,North,7,6038,19,99,5511,42266,11,4,2024
5059,2025-09-16,Study Table,Furniture,North,9,35723,8,130,6515,321507,9,3,2025
5060,2025-08-18,Wardrobe,Furniture,South,16,31720,2,434,3501,507520,8,3,2025
5061,2023-01-06,Bed,Furniture,North,4,25774,15,84,4361,103096,1,1,2023
5062,2024-12-08,Bed,Furniture,South,7,21252,15,259,6601,148764,12,4,2024
5063,2024-01-10,Study Table,Furniture,South,6,46814,13,123,1302,280884,1,1,2024
5064,2025-06-07,Bed,Furniture,North,3,10955,16,150,4534,32865,6,2,2025
5065,2025-12-13,Bed,Furniture,East,5,9674,5,169,3836,48370,12,4,2025
5066,2025-11-21,Study Table,Furniture,West,12,47718,6,439,9255,572616,11,4,2025
5067,2024-03-28,Sofa,Furniture,South,18,48818,13,269,3465,878724,3,1,2024
5068,2022-03-31,Bed,Furniture,South,7,46006,18,245,4446,322042,3,1,2022
5069,2023-01-22,Office Chair,Furniture,East,12,39691,5,110,9912,476292,1,1,2023
5070,2024-05-31,Sofa,Furniture,West,6,20091,9,245,2439,120546,5,2,2024
5071,2024-05-18,Bookshelf,Furniture,South,3,15054,16,271,9221,45162,5,2,2024
5072,2024-10-04,Office Chair,Furniture,West,2,42214,19,474,5542,84428,10,4,2024
5073,2024-01-18,Bed,Furniture,North,9,11914,5,494,7360,107226,1,1,2024
5074,2023-02-20,Bed,Furniture,East,1,33924,3,405,5127,33924,2,1,2023
5075,2025-02-15,Study Table,Furniture,West,13,5517,11,227,6883,71721,2,1,2025
5076,2024-08-27,Study Table,Furniture,South,16,9186,16,329,1102,146976,8,3,2024
5077,2022-07-10,Dining Table,Furniture,South,9,31689,2,275,7953,285201,7,3,2022
5078,2025-11-22,Sofa,Furniture,South,3,3440,2,300,2124,10320,11,4,2025
5079,2025-12-19,Study Table,Furniture,South,8,47636,17,464,8690,381088,12,4,2025
5080,2023-05-25,Wardrobe,Furniture,East,11,31618,15,164,8444,347798,5,2,2023
5081,2025-01-01,Bookshelf,Furniture,South,2,39962,18,296,2971,79924,1,1,2025
5082,2023-12-25,Wardrobe,Furniture,West,8,24416,9,219,4637,195328,12,4,2023
5083,2025-10-22,Sofa,Furniture,North,10,22036,4,260,1440,220360,10,4,2025
5084,2023-08-07,Office Chair,Furniture,East,10,31942,20,255,9045,319420,8,3,2023
5085,2023-09-07,Bed,Furniture,North,6,33288,6,381,1473,199728,9,3,2023
5086,2025-04-14,Bookshelf,Furniture,North,14,22506,3,163,2355,315084,4,2,2025
5087,2024-06-13,Sofa,Furniture,South,9,45549,16,118,7217,409941,6,2,2024
5088,2022-08-12,Wardrobe,Furniture,East,19,21326,17,287,4426,405194,8,3,2022
5089,2022-01-28,Office Chair,Furniture,East,20,35175,16,273,6482,703500,1,1,2022
5090,2024-03-03,Sofa,Furniture,North,12,39645,11,158,5592,475740,3,1,2024
5091,2022-05-07,Sofa,Furniture,North,10,39803,18,246,8338,398030,5,2,2022
5092,2025-07-25,Sofa,Furniture,West,14,36001,7,271,4364,504014,7,3,2025
5093,2023-03-20,Sofa,Furniture,East,4,30053,16,216,9932,120212,3,1,2023
5094,2023-11-07,Office Chair,Furniture,South,11,45052,16,498,8051,495572,11,4,2023
5095,2025-10-15,Bookshelf,Furniture,West,11,23031,20,151,3658,253341,10,4,2025
5096,2022-10-03,Office Chair,Furniture,South,1,37736,13,140,3693,37736,10,4,2022
5097,2023-08-25,Coffee Table,Furniture,West,18,29404,6,471,4713,529272,8,3,2023
5098,2022-07-15,Sofa,Furniture,East,7,12583,13,132,9979,88081,7,3,2022
5099,2023-05-16,Coffee Table,Furniture,West,18,22381,10,332,2924,402858,5,2,2023
5100,2025-05-18,Sofa,Furniture,East,14,13949,2,175,8857,195286,5,2,2025
5101,2022-01-02,Bookshelf,Furniture,East,5,28568,1,460,5101,142840,1,1,2022
5102,2023-02-13,Bed,Furniture,South,8,12654,18,357,8607,101232,2,1,2023
5103,2022-01-02,Dining Table,Furniture,West,11,30770,8,290,7629,338470,1,1,2022
5104,2025-10-07,Wardrobe,Furniture,West,15,8388,11,315,4129,125820,10,4,2025
5105,2022-08-12,Bed,Furniture,South,10,15954,5,386,5962,159540,8,3,2022
5106,2022-01-03,Bed,Furniture,West,5,25333,17,113,3136,126665,1,1,2022
5107,2022-06-25,Bed,Furniture,West,4,5000,20,77,5777,20000,6,2,2022
5108,2024-08-25,Bookshelf,Furniture,North,19,16167,4,194,4416,307173,8,3,2024
5109,2023-04-20,Coffee Table,Furniture,East,6,48001,11,445,2013,288006,4,2,2023
5110,2025-09-21,Bookshelf,Furniture,North,14,12739,1,317,8098,178346,9,3,2025
5111,2024-03-12,Wardrobe,Furniture,West,1,41024,19,358,9796,41024,3,1,2024
5112,2022-01-07,Office Chair,Furniture,South,18,44916,16,230,7896,808488,1,1,2022
5113,2025-02-26,Coffee Table,Furniture,South,15,14060,5,469,5965,210900,2,1,2025
5114,2023-07-28,Dining Table,Furniture,West,2,25155,17,498,6986,50310,7,3,2023
5115,2023-07-06,Study Table,Furniture,West,3,14705,13,188,2353,44115,7,3,2023
5116,2022-10-18,Study Table,Furniture,East,17,40959,8,215,1622,696303,10,4,2022
5117,2023-04-02,Office Chair,Furniture,East,9,27387,10,62,6768,246483,4,2,2023
5118,2024-10-25,Dining Table,Furniture,East,6,25210,11,498,8613,151260,10,4,2024
5119,2022-08-15,Wardrobe,Furniture,East,10,47215,5,354,7326,472150,8,3,2022
5120,2024-04-23,Bed,Furniture,South,17,20665,20,65,5499,351305,4,2,2024
5121,2023-02-17,Sofa,Furniture,East,6,30327,10,381,6593,181962,2,1,2023
5122,2023-12-12,Office Chair,Furniture,East,11,40206,20,325,4598,442266,12,4,2023
5123,2023-10-15,Wardrobe,Furniture,South,4,7885,2,273,2611,31540,10,4,2023
5124,2024-07-12,Sofa,Furniture,East,5,24749,5,359,7978,123745,7,3,2024
5125,2024-06-11,Coffee Table,Furniture,West,16,40115,14,58,3527,641840,6,2,2024
5126,2023-09-29,Wardrobe,Furniture,West,3,27632,6,219,1514,82896,9,3,2023
5127,2024-02-02,Bed,Furniture,West,1,25033,3,284,1810,25033,2,1,2024
5128,2025-09-30,Coffee Table,Furniture,East,3,42128,0,127,9773,126384,9,3,2025
5129,2024-11-09,Sofa,Furniture,West,19,39701,11,208,4076,754319,11,4,2024
5130,2024-02-21,Wardrobe,Furniture,South,8,26768,10,238,8462,214144,2,1,2024
5131,2024-12-08,Coffee Table,Furniture,West,19,10419,7,393,2297,197961,12,4,2024
5132,2022-10-27,Office Chair,Furniture,North,14,20171,15,488,2147,282394,10,4,2022
5133,2022-12-09,Dining Table,Furniture,East,16,16599,4,479,5569,265584,12,4,2022
5134,2024-10-20,Coffee Table,Furniture,East,19,38264,17,174,7941,727016,10,4,2024
5135,2022-05-18,Dining Table,Furniture,South,2,27441,20,304,6989,54882,5,2,2022
5136,2025-07-16,Sofa,Furniture,East,19,23933,1,314,1909,454727,7,3,2025
5137,2023-10-19,Study Table,Furniture,East,3,46166,16,82,1181,138498,10,4,2023
5138,2023-10-12,Bookshelf,Furniture,North,20,34048,9,293,3484,680960,10,4,2023
5139,2024-02-29,Bookshelf,Furniture,East,15,11206,10,56,7344,168090,2,1,2024
5140,2022-02-27,Dining Table,Furniture,West,4,27589,15,387,1577,110356,2,1,2022
5141,2024-02-06,Sofa,Furniture,East,1,31683,0,173,2042,31683,2,1,2024
5142,2025-09-09,Coffee Table,Furniture,West,10,38705,15,148,2479,387050,9,3,2025
5143,2022-04-12,Wardrobe,Furniture,West,20,17471,5,160,1164,349420,4,2,2022
5144,2025-09-14,Coffee Table,Furniture,North,4,46719,16,284,5564,186876,9,3,2025
5145,2023-05-27,Sofa,Furniture,North,10,32507,20,446,9395,325070,5,2,2023
5146,2023-02-20,Coffee Table,Furniture,North,9,26676,17,247,2965,240084,2,1,2023
5147,2023-12-15,Coffee Table,Furniture,South,7,21899,18,380,7378,153293,12,4,2023
5148,2025-09-05,Dining Table,Furniture,North,1,21010,3,182,8016,21010,9,3,2025
5149,2023-08-18,Dining Table,Furniture,East,10,26777,20,408,1929,267770,8,3,2023
5150,2023-03-16,Wardrobe,Furniture,West,3,8617,15,384,2405,25851,3,1,2023
5151,2023-10-03,Bookshelf,Furniture,North,9,38385,8,255,5505,345465,10,4,2023
5152,2023-01-11,Coffee Table,Furniture,South,4,15655,20,63,1911,62620,1,1,2023
5153,2024-12-06,Wardrobe,Furniture,East,13,44227,6,233,8125,574951,12,4,2024
5154,2025-07-01,Sofa,Furniture,South,9,47599,5,141,2422,428391,7,3,2025
5155,2025-09-11,Bookshelf,Furniture,South,20,41019,19,261,8158,820380,9,3,2025
5156,2022-03-19,Study Table,Furniture,South,12,4608,4,467,6185,55296,3,1,2022
5157,2024-12-07,Sofa,Furniture,South,11,11641,17,147,3933,128051,12,4,2024
5158,2023-01-10,Bookshelf,Furniture,South,11,35505,3,489,2382,390555,1,1,2023
5159,2024-10-30,Bookshelf,Furniture,North,12,31707,10,58,1348,380484,10,4,2024
5160,2024-06-03,Sofa,Furniture,South,15,7602,6,102,3645,114030,6,2,2024
5161,2023-03-04,Wardrobe,Furniture,North,14,5746,16,222,5190,80444,3,1,2023
5162,2023-01-04,Bookshelf,Furniture,North,12,30462,14,429,8377,365544,1,1,2023
5163,2025-03-03,Dining Table,Furniture,South,6,34321,15,240,1536,205926,3,1,2025
5164,2022-01-19,Study Table,Furniture,South,3,13809,19,388,9251,41427,1,1,2022
5165,2024-04-23,Wardrobe,Furniture,South,10,46390,10,217,1208,463900,4,2,2024
5166,2025-05-19,Study Table,Furniture,South,14,13597,6,153,1518,190358,5,2,2025
5167,2022-03-21,Wardrobe,Furniture,North,1,10735,14,147,2251,10735,3,1,2022
5168,2022-07-06,Bookshelf,Furniture,North,15,44840,13,494,1366,672600,7,3,2022
5169,2025-07-23,Sofa,Furniture,West,16,40696,3,74,1599,651136,7,3,2025
5170,2023-11-23,Dining Table,Furniture,South,15,8943,12,285,2385,134145,11,4,2023
5171,2023-08-01,Dining Table,Furniture,South,9,15604,12,257,3910,140436,8,3,2023
5172,2024-09-16,Bookshelf,Furniture,West,2,28183,6,500,9083,56366,9,3,2024
5173,2023-04-23,Study Table,Furniture,South,19,10137,9,254,5679,192603,4,2,2023
5174,2024-05-04,Wardrobe,Furniture,West,12,2114,3,283,5647,25368,5,2,2024
5175,2025-08-28,Coffee Table,Furniture,West,7,22997,12,74,9626,160979,8,3,2025
5176,2024-09-14,Sofa,Furniture,South,8,24909,5,395,6538,199272,9,3,2024
5177,2023-01-07,Wardrobe,Furniture,West,2,46517,8,451,4838,93034,1,1,2023
5178,2022-08-20,Bookshelf,Furniture,North,13,39847,16,168,5531,518011,8,3,2022
5179,2024-12-04,Bookshelf,Furniture,West,7,15562,13,111,6546,108934,12,4,2024
5180,2024-09-04,Study Table,Furniture,South,19,8027,17,294,3801,152513,9,3,2024
5181,2023-08-25,Office Chair,Furniture,East,19,16272,12,477,1338,309168,8,3,2023
5182,2024-06-15,Study Table,Furniture,South,13,45562,20,488,4632,592306,6,2,2024
5183,2024-02-01,Wardrobe,Furniture,West,19,15227,1,256,4782,289313,2,1,2024
5184,2025-07-17,Office Chair,Furniture,North,9,42646,18,218,2304,383814,7,3,2025
5185,2023-12-21,Dining Table,Furniture,South,5,8106,0,261,5763,40530,12,4,2023
5186,2023-07-05,Bed,Furniture,North,15,49983,11,172,1297,749745,7,3,2023
5187,2023-05-23,Dining Table,Furniture,South,12,23752,2,50,3787,285024,5,2,2023
5188,2023-12-01,Coffee Table,Furniture,North,9,15999,16,433,1465,143991,12,4,2023
5189,2025-11-07,Wardrobe,Furniture,North,4,22618,17,257,3021,90472,11,4,2025
5190,2025-07-24,Sofa,Furniture,South,10,13293,1,469,4873,132930,7,3,2025
5191,2023-12-31,Coffee Table,Furniture,South,11,29333,1,157,5163,322663,12,4,2023
5192,2024-09-27,Study Table,Furniture,South,18,33233,10,363,5494,598194,9,3,2024
5193,2022-06-03,Dining Table,Furniture,South,5,8755,11,269,4124,43775,6,2,2022
5194,2025-10-11,Coffee Table,Furniture,North,4,9137,6,332,6337,36548,10,4,2025
5195,2022-04-23,Coffee Table,Furniture,East,20,22526,20,289,1454,450520,4,2,2022
5196,2023-10-15,Office Chair,Furniture,South,18,7561,12,294,9688,136098,10,4,2023
5197,2025-07-18,Bookshelf,Furniture,South,18,27175,13,305,3473,489150,7,3,2025
5198,2024-10-11,Bookshelf,Furniture,West,11,48970,14,108,9315,538670,10,4,2024
5199,2024-05-24,Study Table,Furniture,South,14,38010,15,62,2142,532140,5,2,2024
5200,2024-06-02,Bookshelf,Furniture,West,3,6504,20,471,6680,19512,6,2,2024
5201,2023-11-20,Dining Table,Furniture,West,14,14554,1,63,2483,203756,11,4,2023
5202,2023-02-07,Wardrobe,Furniture,North,12,17742,15,160,6952,212904,2,1,2023
5203,2025-02-20,Bed,Furniture,East,13,20651,12,169,1208,268463,2,1,2025
5204,2024-08-27,Dining Table,Furniture,West,13,20609,4,356,4205,267917,8,3,2024
5205,2022-12-04,Sofa,Furniture,North,4,22603,11,237,1089,90412,12,4,2022
5206,2024-03-11,Office Chair,Furniture,East,10,37746,9,298,2025,377460,3,1,2024
5207,2024-01-02,Coffee Table,Furniture,North,6,4653,6,264,1367,27918,1,1,2024
5208,2025-11-02,Dining Table,Furniture,South,7,30475,7,71,6870,213325,11,4,2025
5209,2023-10-28,Office Chair,Furniture,South,6,24576,8,456,8037,147456,10,4,2023
5210,2024-01-27,Bed,Furniture,East,16,22464,18,67,5134,359424,1,1,2024
5211,2024-01-01,Bookshelf,Furniture,West,9,22189,17,275,9408,199701,1,1,2024
5212,2024-08-17,Wardrobe,Furniture,North,2,31979,12,162,3959,63958,8,3,2024
5213,2023-06-23,Coffee Table,Furniture,North,5,28763,10,377,1940,143815,6,2,2023
5214,2023-09-06,Bookshelf,Furniture,South,5,47340,16,267,4070,236700,9,3,2023
5215,2024-09-29,Coffee Table,Furniture,East,19,9313,2,449,8409,176947,9,3,2024
5216,2024-06-15,Bookshelf,Furniture,North,7,8539,13,184,8828,59773,6,2,2024
5217,2023-03-18,Study Table,Furniture,East,7,14070,3,70,1852,98490,3,1,2023
5218,2024-02-21,Sofa,Furniture,East,1,11838,11,96,1577,11838,2,1,2024
5219,2024-04-22,Bookshelf,Furniture,North,15,17779,19,255,3117,266685,4,2,2024
5220,2023-08-02,Dining Table,Furniture,South,6,21908,1,414,1549,131448,8,3,2023
5221,2023-03-06,Study Table,Furniture,East,4,25248,3,134,1207,100992,3,1,2023
5222,2023-05-20,Office Chair,Furniture,West,15,28157,12,60,2408,422355,5,2,2023
5223,2023-08-13,Bed,Furniture,South,19,34266,20,100,6114,651054,8,3,2023
5224,2024-09-07,Coffee Table,Furniture,West,18,22158,11,173,5785,398844,9,3,2024
5225,2025-10-13,Office Chair,Furniture,West,10,39981,7,114,9643,399810,10,4,2025
5226,2022-03-05,Bookshelf,Furniture,West,17,5117,12,292,5645,86989,3,1,2022
5227,2025-07-21,Coffee Table,Furniture,East,13,2969,18,396,4194,38597,7,3,2025
5228,2025-07-30,Coffee Table,Furniture,South,19,7993,1,338,8811,151867,7,3,2025
5229,2025-02-08,Coffee Table,Furniture,North,13,12572,2,370,2331,163436,2,1,2025
5230,2025-03-19,Wardrobe,Furniture,West,12,42119,10,251,7076,505428,3,1,2025
5231,2024-08-13,Bookshelf,Furniture,East,6,21194,13,216,7592,127164,8,3,2024
5232,2022-10-25,Study Table,Furniture,West,7,36283,3,399,7951,253981,10,4,2022
5233,2022-06-27,Coffee Table,Furniture,North,4,13147,19,54,8832,52588,6,2,2022
5234,2024-10-12,Wardrobe,Furniture,South,17,3674,3,112,4017,62458,10,4,2024
5235,2024-07-06,Office Chair,Furniture,East,7,8762,5,148,9640,61334,7,3,2024
5236,2022-10-05,Bed,Furniture,East,17,28147,11,248,2674,478499,10,4,2022
5237,2025-06-25,Coffee Table,Furniture,South,10,3982,18,356,5726,39820,6,2,2025
5238,2023-12-09,Bookshelf,Furniture,West,13,22187,8,347,8604,288431,12,4,2023
5239,2024-05-22,Office Chair,Furniture,East,1,25207,18,215,1850,25207,5,2,2024
5240,2025-06-26,Wardrobe,Furniture,North,15,29824,11,320,3889,447360,6,2,2025
5241,2024-06-12,Bed,Furniture,West,2,11163,19,54,4561,22326,6,2,2024
5242,2024-12-03,Office Chair,Furniture,South,5,14004,2,418,2867,70020,12,4,2024
5243,2025-11-11,Study Table,Furniture,North,20,24252,3,435,2956,485040,11,4,2025
5244,2023-10-03,Sofa,Furniture,West,4,15907,9,277,9501,63628,10,4,2023
5245,2025-04-07,Wardrobe,Furniture,West,12,10307,3,291,1594,123684,4,2,2025
5246,2025-03-10,Dining Table,Furniture,South,18,11451,3,241,4138,206118,3,1,2025
5247,2025-06-21,Wardrobe,Furniture,East,11,21892,12,153,4609,240812,6,2,2025
5248,2025-04-30,Dining Table,Furniture,South,7,33984,0,232,4179,237888,4,2,2025
5249,2022-04-14,Bookshelf,Furniture,South,17,29841,13,452,3416,507297,4,2,2022
5250,2025-04-22,Wardrobe,Furniture,East,4,3164,10,145,8293,12656,4,2,2025
5251,2024-12-01,Bed,Furniture,West,11,48863,7,104,9259,537493,12,4,2024
5252,2023-06-02,Office Chair,Furniture,West,16,21176,15,500,3916,338816,6,2,2023
5253,2022-07-10,Study Table,Furniture,North,14,8072,7,202,5919,113008,7,3,2022
5254,2025-11-07,Dining Table,Furniture,North,12,12578,2,221,6299,150936,11,4,2025
5255,2023-03-28,Wardrobe,Furniture,West,20,41147,1,487,3941,822940,3,1,2023
5256,2025-10-29,Bookshelf,Furniture,East,1,20168,10,456,5295,20168,10,4,2025
5257,2024-02-15,Dining Table,Furniture,South,4,21169,2,213,6310,84676,2,1,2024
5258,2023-05-27,Study Table,Furniture,North,3,6122,10,331,3707,18366,5,2,2023
5259,2025-03-16,Bookshelf,Furniture,West,11,26876,15,450,4348,295636,3,1,2025
5260,2025-07-30,Bed,Furniture,North,10,46194,10,274,2633,461940,7,3,2025
5261,2024-06-06,Study Table,Furniture,East,5,22844,10,181,9544,114220,6,2,2024
5262,2022-02-06,Study Table,Furniture,South,7,9234,16,213,2666,64638,2,1,2022
5263,2024-09-13,Wardrobe,Furniture,East,15,29458,10,412,2489,441870,9,3,2024
5264,2023-10-10,Study Table,Furniture,South,13,3429,8,431,1974,44577,10,4,2023
5265,2025-01-02,Sofa,Furniture,West,15,18459,8,139,7400,276885,1,1,2025
5266,2023-07-08,Office Chair,Furniture,East,17,43069,20,310,7901,732173,7,3,2023
5267,2024-12-30,Bed,Furniture,East,4,48510,13,378,6803,194040,12,4,2024
5268,2024-06-19,Bookshelf,Furniture,West,19,3871,17,409,7504,73549,6,2,2024
5269,2024-01-17,Bed,Furniture,West,3,9037,16,380,1410,27111,1,1,2024
5270,2023-10-05,Coffee Table,Furniture,West,2,42556,1,442,6816,85112,10,4,2023
5271,2022-04-16,Coffee Table,Furniture,West,1,46807,10,184,8113,46807,4,2,2022
5272,2023-08-30,Wardrobe,Furniture,South,11,44566,10,135,7531,490226,8,3,2023
5273,2024-10-02,Coffee Table,Furniture,West,1,22389,20,325,5820,22389,10,4,2024
5274,2025-05-30,Coffee Table,Furniture,South,9,34307,11,109,3089,308763,5,2,2025
5275,2022-10-26,Bed,Furniture,East,15,26733,16,196,7947,400995,10,4,2022
5276,2023-10-17,Office Chair,Furniture,South,20,16480,17,362,5241,329600,10,4,2023
5277,2024-04-12,Bookshelf,Furniture,North,14,10468,4,315,6290,146552,4,2,2024
5278,2023-04-23,Bookshelf,Furniture,South,16,9399,17,158,2539,150384,4,2,2023
5279,2023-01-31,Dining Table,Furniture,North,18,48869,8,480,2519,879642,1,1,2023
5280,2022-05-28,Bookshelf,Furniture,East,2,23464,9,97,1544,46928,5,2,2022
5281,2023-06-23,Study Table,Furniture,North,11,30479,2,212,2360,335269,6,2,2023
5282,2022-08-01,Coffee Table,Furniture,South,16,4705,9,137,8418,75280,8,3,2022
5283,2025-07-06,Wardrobe,Furniture,West,6,28894,6,176,5772,173364,7,3,2025
5284,2023-10-28,Dining Table,Furniture,West,16,49488,6,333,3371,791808,10,4,2023
5285,2022-11-12,Study Table,Furniture,East,18,24542,7,302,4185,441756,11,4,2022
5286,2024-06-12,Study Table,Furniture,West,20,45665,12,107,4035,913300,6,2,2024
5287,2024-11-24,Bed,Furniture,North,14,22665,9,149,4169,317310,11,4,2024
5288,2024-01-29,Office Chair,Furniture,South,15,22302,3,229,2324,334530,1,1,2024
5289,2023-05-17,Bed,Furniture,East,2,47085,4,102,2691,94170,5,2,2023
5290,2024-04-05,Wardrobe,Furniture,West,9,12921,11,297,3051,116289,4,2,2024
5291,2024-01-09,Bookshelf,Furniture,West,1,47074,19,470,7355,47074,1,1,2024
5292,2022-03-01,Sofa,Furniture,South,10,28639,16,99,5143,286390,3,1,2022
5293,2025-12-11,Bed,Furniture,South,20,15327,6,298,5934,306540,12,4,2025
5294,2024-09-24,Bed,Furniture,East,2,36497,5,486,7500,72994,9,3,2024
5295,2022-11-12,Bed,Furniture,North,4,43978,5,407,5663,175912,11,4,2022
5296,2023-08-03,Sofa,Furniture,West,20,38798,18,393,7080,775960,8,3,2023
5297,2023-04-02,Bed,Furniture,East,8,2658,4,61,9671,21264,4,2,2023
5298,2023-10-14,Office Chair,Furniture,West,17,48444,6,315,6342,823548,10,4,2023
5299,2023-06-02,Office Chair,Furniture,East,20,40797,5,328,8820,815940,6,2,2023
5300,2022-12-31,Coffee Table,Furniture,South,19,11252,17,396,3212,213788,12,4,2022
5301,2024-11-13,Wardrobe,Furniture,South,9,23448,17,385,2264,211032,11,4,2024
5302,2024-06-08,Bookshelf,Furniture,North,2,20121,20,249,3688,40242,6,2,2024
5303,2023-12-29,Bed,Furniture,West,20,27734,20,50,7078,554680,12,4,2023
5304,2022-04-05,Sofa,Furniture,South,1,40134,15,245,1493,40134,4,2,2022
5305,2025-02-09,Bed,Furniture,North,20,6427,10,160,8601,128540,2,1,2025
5306,2022-06-19,Study Table,Furniture,East,10,43781,7,386,4964,437810,6,2,2022
5307,2023-03-18,Bed,Furniture,East,14,22152,13,436,9827,310128,3,1,2023
5308,2024-01-10,Bookshelf,Furniture,West,2,7604,10,179,3926,15208,1,1,2024
5309,2025-07-30,Coffee Table,Furniture,South,2,11716,4,289,1668,23432,7,3,2025
5310,2022-10-12,Dining Table,Furniture,South,1,31276,1,245,8191,31276,10,4,2022
5311,2023-04-26,Bed,Furniture,West,16,15872,9,133,6993,253952,4,2,2023
5312,2025-12-17,Wardrobe,Furniture,East,19,10806,7,145,8187,205314,12,4,2025
5313,2022-09-06,Coffee Table,Furniture,East,15,13184,8,240,6497,197760,9,3,2022
5314,2022-11-10,Wardrobe,Furniture,South,16,30125,5,339,9729,482000,11,4,2022
5315,2025-03-02,Bookshelf,Furniture,East,7,4174,15,69,9406,29218,3,1,2025
5316,2025-05-24,Coffee Table,Furniture,West,4,39694,7,60,8108,158776,5,2,2025
5317,2022-02-13,Bookshelf,Furniture,North,3,45639,3,413,8967,136917,2,1,2022
5318,2025-06-22,Sofa,Furniture,South,18,26429,7,446,9859,475722,6,2,2025
5319,2022-04-21,Sofa,Furniture,West,6,30901,7,344,7510,185406,4,2,2022
5320,2024-03-23,Office Chair,Furniture,South,6,35493,14,289,9794,212958,3,1,2024
5321,2024-05-09,Sofa,Furniture,North,2,12096,6,365,3603,24192,5,2,2024
5322,2025-10-04,Office Chair,Furniture,East,10,9923,19,166,3431,99230,10,4,2025
5323,2023-09-30,Bed,Furniture,South,5,47480,16,289,6844,237400,9,3,2023
5324,2022-11-05,Bookshelf,Furniture,North,20,20920,11,297,8198,418400,11,4,2022
5325,2022-01-28,Dining Table,Furniture,East,20,6366,0,489,4695,127320,1,1,2022
5326,2022-10-05,Dining Table,Furniture,North,19,18988,14,205,2187,360772,10,4,2022
5327,2023-01-13,Bookshelf,Furniture,West,7,4098,5,164,3979,28686,1,1,2023
5328,2025-02-16,Study Table,Furniture,East,11,30585,2,125,8123,336435,2,1,2025
5329,2024-08-08,Wardrobe,Furniture,South,8,43705,20,436,3563,349640,8,3,2024
5330,2023-07-05,Bed,Furniture,South,12,11609,7,213,2410,139308,7,3,2023
5331,2022-12-01,Office Chair,Furniture,West,15,7876,13,427,8732,118140,12,4,2022
5332,2023-01-10,Bookshelf,Furniture,West,16,18107,15,177,3601,289712,1,1,2023
5333,2025-01-11,Coffee Table,Furniture,South,13,4812,16,275,6680,62556,1,1,2025
5334,2022-08-07,Sofa,Furniture,West,14,32689,8,466,6638,457646,8,3,2022
5335,2022-10-07,Office Chair,Furniture,East,12,7287,13,53,2076,87444,10,4,2022
5336,2025-09-01,Sofa,Furniture,East,5,37906,7,302,3866,189530,9,3,2025
5337,2023-01-14,Coffee Table,Furniture,West,16,19642,15,200,3913,314272,1,1,2023
5338,2025-09-23,Bookshelf,Furniture,North,14,2539,4,460,8284,35546,9,3,2025
5339,2023-04-23,Bookshelf,Furniture,South,3,15072,19,432,7758,45216,4,2,2023
5340,2025-10-19,Bookshelf,Furniture,South,17,39288,6,261,8242,667896,10,4,2025
5341,2022-03-29,Dining Table,Furniture,North,6,42139,6,160,2520,252834,3,1,2022
5342,2025-02-02,Office Chair,Furniture,East,17,22097,4,170,5362,375649,2,1,2025
5343,2024-11-16,Study Table,Furniture,South,18,49352,12,264,6994,888336,11,4,2024
5344,2024-11-21,Bed,Furniture,East,10,14723,16,331,3937,147230,11,4,2024
5345,2023-11-22,Study Table,Furniture,West,20,42319,10,189,3740,846380,11,4,2023
5346,2023-06-23,Bed,Furniture,West,2,43183,6,326,9149,86366,6,2,2023
5347,2024-03-06,Sofa,Furniture,East,8,20152,5,336,4769,161216,3,1,2024
5348,2022-05-26,Wardrobe,Furniture,North,14,29931,6,214,1040,419034,5,2,2022
5349,2022-01-10,Dining Table,Furniture,South,2,39055,15,495,6478,78110,1,1,2022
5350,2023-09-22,Bookshelf,Furniture,North,12,20136,12,352,2499,241632,9,3,2023
5351,2022-06-04,Bookshelf,Furniture,West,8,30506,3,474,4861,244048,6,2,2022
5352,2024-04-13,Wardrobe,Furniture,West,1,10990,12,402,1028,10990,4,2,2024
5353,2024-11-04,Bed,Furniture,North,5,18316,16,395,3464,91580,11,4,2024
5354,2023-10-23,Bed,Furniture,South,20,34287,6,282,1350,685740,10,4,2023
5355,2022-08-24,Bookshelf,Furniture,North,20,14096,20,163,4460,281920,8,3,2022
5356,2023-07-12,Sofa,Furniture,North,16,39317,13,326,1960,629072,7,3,2023
5357,2023-11-25,Office Chair,Furniture,North,3,16543,0,500,4465,49629,11,4,2023
5358,2024-05-04,Study Table,Furniture,North,16,17514,14,350,5424,280224,5,2,2024
5359,2023-07-16,Dining Table,Furniture,East,16,29699,5,76,8792,475184,7,3,2023
5360,2025-06-27,Study Table,Furniture,South,17,13298,18,156,1547,226066,6,2,2025
5361,2023-02-07,Office Chair,Furniture,North,13,28453,2,450,8661,369889,2,1,2023
5362,2024-12-17,Coffee Table,Furniture,South,20,8927,5,377,8775,178540,12,4,2024
5363,2023-07-17,Coffee Table,Furniture,East,6,6244,0,419,3523,37464,7,3,2023
5364,2022-05-12,Bed,Furniture,East,15,29878,12,110,7972,448170,5,2,2022
5365,2024-10-18,Sofa,Furniture,South,10,44801,16,183,5989,448010,10,4,2024
5366,2025-07-30,Sofa,Furniture,West,1,12124,0,84,4247,12124,7,3,2025
5367,2023-09-13,Coffee Table,Furniture,North,14,15122,13,361,4818,211708,9,3,2023
5368,2022-09-20,Sofa,Furniture,North,15,22141,12,276,7201,332115,9,3,2022
5369,2022-03-04,Coffee Table,Furniture,North,6,24635,10,348,1210,147810,3,1,2022
5370,2023-03-30,Office Chair,Furniture,North,9,43009,17,241,2775,387081,3,1,2023
5371,2024-06-13,Coffee Table,Furniture,West,12,6728,18,357,2632,80736,6,2,2024
5372,2022-12-16,Bed,Furniture,North,15,40752,18,93,2194,611280,12,4,2022
5373,2024-12-22,Study Table,Furniture,North,3,16804,7,81,8834,50412,12,4,2024
5374,2022-10-13,Dining Table,Furniture,South,19,4055,20,371,1123,77045,10,4,2022
5375,2024-10-10,Bookshelf,Furniture,East,4,38734,9,376,4074,154936,10,4,2024
5376,2024-05-24,Study Table,Furniture,West,14,36373,0,316,1484,509222,5,2,2024
5377,2022-09-15,Study Table,Furniture,North,13,13347,10,373,7131,173511,9,3,2022
5378,2025-08-09,Study Table,Furniture,West,11,46692,20,412,7427,513612,8,3,2025
5379,2025-06-14,Sofa,Furniture,North,6,21032,3,409,3542,126192,6,2,2025
5380,2025-11-27,Bookshelf,Furniture,West,15,44743,5,143,4258,671145,11,4,2025
5381,2022-04-28,Office Chair,Furniture,North,19,2893,11,496,4065,54967,4,2,2022
5382,2025-08-25,Wardrobe,Furniture,South,18,11138,8,278,7751,200484,8,3,2025
5383,2023-06-17,Office Chair,Furniture,West,1,25680,4,344,1165,25680,6,2,2023
5384,2023-12-28,Dining Table,Furniture,East,5,3321,12,205,9418,16605,12,4,2023
5385,2023-11-09,Coffee Table,Furniture,West,17,45349,20,395,4434,770933,11,4,2023
5386,2023-03-27,Dining Table,Furniture,West,4,11874,17,333,4572,47496,3,1,2023
5387,2025-06-04,Study Table,Furniture,South,9,21846,10,199,2285,196614,6,2,2025
5388,2022-07-12,Sofa,Furniture,East,2,17907,3,54,6812,35814,7,3,2022
5389,2025-10-05,Wardrobe,Furniture,South,10,45488,10,442,6681,454880,10,4,2025
5390,2023-01-05,Wardrobe,Furniture,South,2,49655,4,197,4522,99310,1,1,2023
5391,2025-01-13,Bed,Furniture,North,16,20213,9,361,1843,323408,1,1,2025
5392,2025-08-11,Dining Table,Furniture,North,5,49322,13,493,8356,246610,8,3,2025
5393,2025-12-11,Sofa,Furniture,North,6,40893,10,245,3473,245358,12,4,2025
5394,2022-12-02,Dining Table,Furniture,West,19,13789,6,148,5048,261991,12,4,2022
5395,2024-04-07,Coffee Table,Furniture,East,4,24862,16,454,9392,99448,4,2,2024
5396,2024-08-26,Study Table,Furniture,West,11,9769,15,294,1433,107459,8,3,2024
5397,2022-02-08,Wardrobe,Furniture,North,2,43756,20,286,7865,87512,2,1,2022
5398,2022-09-03,Bed,Furniture,South,2,23715,16,288,5711,47430,9,3,2022
5399,2023-04-05,Sofa,Furniture,East,2,20547,3,387,2464,41094,4,2,2023
5400,2025-08-23,Office Chair,Furniture,West,6,7403,0,485,7557,44418,8,3,2025
5401,2022-09-06,Sofa,Furniture,South,15,24726,0,348,1659,370890,9,3,2022
5402,2023-09-11,Bed,Furniture,North,4,48356,14,197,9261,193424,9,3,2023
5403,2025-08-20,Wardrobe,Furniture,North,13,18660,14,249,7273,242580,8,3,2025
5404,2023-11-18,Bed,Furniture,West,16,48114,20,380,3353,769824,11,4,2023
5405,2022-01-20,Bookshelf,Furniture,North,5,46482,17,262,6485,232410,1,1,2022
5406,2025-04-13,Study Table,Furniture,East,9,15002,6,208,4565,135018,4,2,2025
5407,2025-10-10,Bookshelf,Furniture,East,20,6752,3,159,6952,135040,10,4,2025
5408,2024-01-23,Bookshelf,Furniture,West,16,13801,3,316,8007,220816,1,1,2024
5409,2025-09-18,Office Chair,Furniture,East,6,18997,17,266,4050,113982,9,3,2025
5410,2024-09-16,Study Table,Furniture,West,2,18008,18,158,7452,36016,9,3,2024
5411,2023-03-22,Bookshelf,Furniture,North,19,5145,14,235,9351,97755,3,1,2023
5412,2025-10-26,Coffee Table,Furniture,North,11,14014,15,350,4603,154154,10,4,2025
5413,2024-09-18,Dining Table,Furniture,North,15,34895,7,307,3380,523425,9,3,2024
5414,2022-05-12,Sofa,Furniture,South,14,49006,15,217,3964,686084,5,2,2022
5415,2022-02-16,Coffee Table,Furniture,South,9,26480,6,239,3319,238320,2,1,2022
5416,2023-03-16,Office Chair,Furniture,West,2,46666,16,483,2768,93332,3,1,2023
5417,2024-03-16,Coffee Table,Furniture,North,14,26825,7,414,9666,375550,3,1,2024
5418,2024-11-01,Bookshelf,Furniture,East,16,26731,2,197,7307,427696,11,4,2024
5419,2025-03-13,Study Table,Furniture,West,3,41543,6,191,4599,124629,3,1,2025
5420,2022-07-01,Coffee Table,Furniture,East,3,40311,9,350,3367,120933,7,3,2022
5421,2025-05-23,Dining Table,Furniture,South,5,18704,17,182,7114,93520,5,2,2025
5422,2022-04-03,Coffee Table,Furniture,West,16,28396,12,149,2227,454336,4,2,2022
5423,2023-03-03,Office Chair,Furniture,East,3,6734,0,228,2782,20202,3,1,2023
5424,2023-11-08,Sofa,Furniture,South,12,46314,14,266,1829,555768,11,4,2023
5425,2024-10-01,Sofa,Furniture,North,19,3394,18,416,1117,64486,10,4,2024
5426,2025-08-25,Sofa,Furniture,East,10,39444,8,82,6138,394440,8,3,2025
5427,2022-03-17,Wardrobe,Furniture,South,2,36053,13,79,9648,72106,3,1,2022
5428,2022-12-27,Study Table,Furniture,North,6,41297,3,494,8212,247782,12,4,2022
5429,2025-03-04,Wardrobe,Furniture,West,6,32872,10,453,2011,197232,3,1,2025
5430,2022-06-13,Coffee Table,Furniture,East,9,41219,0,216,4731,370971,6,2,2022
5431,2024-06-27,Office Chair,Furniture,South,20,30621,11,77,5023,612420,6,2,2024
5432,2024-11-11,Dining Table,Furniture,South,9,18245,16,250,2374,164205,11,4,2024
5433,2025-11-20,Dining Table,Furniture,West,7,30822,0,123,5109,215754,11,4,2025
5434,2025-08-30,Bookshelf,Furniture,West,9,22225,14,435,4926,200025,8,3,2025
5435,2023-06-26,Coffee Table,Furniture,North,17,27251,9,163,5389,463267,6,2,2023
5436,2025-03-19,Dining Table,Furniture,East,18,26567,12,365,7394,478206,3,1,2025
5437,2024-04-01,Coffee Table,Furniture,West,8,6717,5,452,3525,53736,4,2,2024
5438,2024-02-05,Office Chair,Furniture,North,10,43692,1,183,3255,436920,2,1,2024
5439,2022-01-25,Bed,Furniture,East,16,38960,19,223,7838,623360,1,1,2022
5440,2023-02-28,Wardrobe,Furniture,East,11,24470,15,95,3184,269170,2,1,2023
5441,2023-01-27,Sofa,Furniture,East,6,5989,4,165,1107,35934,1,1,2023
5442,2023-11-30,Bookshelf,Furniture,West,10,28407,20,255,8468,284070,11,4,2023
5443,2024-07-10,Bed,Furniture,East,14,36139,12,66,6555,505946,7,3,2024
5444,2022-11-29,Dining Table,Furniture,South,20,22729,18,315,7860,454580,11,4,2022
5445,2024-12-09,Wardrobe,Furniture,North,6,17605,14,167,1590,105630,12,4,2024
5446,2025-02-10,Bookshelf,Furniture,North,18,37580,0,291,7999,676440,2,1,2025
5447,2024-02-12,Study Table,Furniture,South,7,19395,5,497,8076,135765,2,1,2024
5448,2023-02-21,Bed,Furniture,North,12,40133,8,180,2234,481596,2,1,2023
5449,2024-05-14,Coffee Table,Furniture,West,13,6303,19,65,7911,81939,5,2,2024
5450,2024-11-11,Bookshelf,Furniture,East,20,31752,3,465,5463,635040,11,4,2024
5451,2023-03-26,Bed,Furniture,East,1,35857,9,272,4916,35857,3,1,2023
5452,2025-08-11,Study Table,Furniture,East,8,11021,7,449,7987,88168,8,3,2025
5453,2022-08-25,Office Chair,Furniture,West,9,15796,17,371,9392,142164,8,3,2022
5454,2022-07-05,Bookshelf,Furniture,West,16,43699,2,346,5197,699184,7,3,2022
5455,2022-03-18,Study Table,Furniture,West,14,46922,8,261,3108,656908,3,1,2022
5456,2022-06-06,Coffee Table,Furniture,North,14,12480,19,234,4256,174720,6,2,2022
5457,2025-08-06,Wardrobe,Furniture,South,5,44639,2,113,1144,223195,8,3,2025
5458,2022-02-09,Bookshelf,Furniture,South,11,34921,11,403,3136,384131,2,1,2022
5459,2024-01-21,Bed,Furniture,West,9,37061,15,121,4926,333549,1,1,2024
5460,2023-03-18,Bookshelf,Furniture,East,13,29925,16,143,9131,389025,3,1,2023
5461,2022-10-15,Study Table,Furniture,East,19,22282,9,110,3321,423358,10,4,2022
5462,2024-05-10,Bookshelf,Furniture,North,6,14665,2,459,2829,87990,5,2,2024
5463,2025-07-09,Study Table,Furniture,East,12,3499,16,244,2185,41988,7,3,2025
5464,2022-11-23,Bed,Furniture,East,2,17701,17,421,3580,35402,11,4,2022
5465,2025-06-16,Dining Table,Furniture,West,19,22732,17,387,5255,431908,6,2,2025
5466,2023-07-20,Wardrobe,Furniture,North,17,38722,16,472,9672,658274,7,3,2023
5467,2023-11-17,Coffee Table,Furniture,South,3,22801,7,122,5936,68403,11,4,2023
5468,2024-04-11,Dining Table,Furniture,North,15,39475,3,404,1713,592125,4,2,2024
5469,2025-08-03,Bookshelf,Furniture,East,9,46635,12,385,3898,419715,8,3,2025
5470,2023-07-19,Coffee Table,Furniture,South,7,41158,5,381,2891,288106,7,3,2023
5471,2023-10-20,Study Table,Furniture,North,10,23921,11,95,1304,239210,10,4,2023
5472,2024-05-18,Bed,Furniture,South,3,8324,5,335,3765,24972,5,2,2024
5473,2024-06-04,Study Table,Furniture,East,8,42138,0,334,5171,337104,6,2,2024
5474,2024-10-10,Bed,Furniture,West,9,7104,19,119,6904,63936,10,4,2024
5475,2024-08-25,Office Chair,Furniture,South,9,13249,16,406,3254,119241,8,3,2024
5476,2025-02-11,Coffee Table,Furniture,North,12,47134,13,500,6005,565608,2,1,2025
5477,2024-12-15,Office Chair,Furniture,East,20,42153,4,55,3351,843060,12,4,2024
5478,2022-07-19,Dining Table,Furniture,North,1,15536,14,178,3661,15536,7,3,2022
5479,2025-06-11,Sofa,Furniture,West,7,30410,13,254,9314,212870,6,2,2025
5480,2023-08-13,Wardrobe,Furniture,West,2,23840,15,359,1850,47680,8,3,2023
5481,2022-08-28,Coffee Table,Furniture,West,16,28600,4,128,3972,457600,8,3,2022
5482,2025-06-23,Wardrobe,Furniture,East,2,49325,3,317,5923,98650,6,2,2025
5483,2022-06-27,Wardrobe,Furniture,East,8,21687,18,238,7800,173496,6,2,2022
5484,2024-10-03,Dining Table,Furniture,East,1,33645,7,398,2170,33645,10,4,2024
5485,2023-06-25,Bed,Furniture,East,11,9150,1,476,3583,100650,6,2,2023
5486,2023-05-03,Bookshelf,Furniture,West,18,8639,5,284,9226,155502,5,2,2023
5487,2024-06-08,Bookshelf,Furniture,West,16,35778,20,90,1769,572448,6,2,2024
5488,2022-05-06,Study Table,Furniture,North,12,28424,4,116,4670,341088,5,2,2022
5489,2022-06-02,Coffee Table,Furniture,West,20,16930,14,375,9385,338600,6,2,2022
5490,2024-02-08,Bookshelf,Furniture,West,1,28824,11,214,7853,28824,2,1,2024
5491,2024-02-03,Sofa,Furniture,North,15,12088,14,58,3917,181320,2,1,2024
5492,2024-08-20,Bookshelf,Furniture,East,15,47400,5,58,5155,711000,8,3,2024
5493,2024-01-01,Office Chair,Furniture,West,12,45063,3,485,1565,540756,1,1,2024
5494,2023-12-22,Dining Table,Furniture,West,9,14666,7,244,2678,131994,12,4,2023
5495,2025-11-28,Sofa,Furniture,North,16,38242,17,276,4836,611872,11,4,2025
5496,2022-03-24,Bed,Furniture,East,12,37114,1,349,9995,445368,3,1,2022
5497,2022-12-19,Bed,Furniture,South,7,27130,19,51,7484,189910,12,4,2022
5498,2025-01-05,Bed,Furniture,West,17,6651,1,355,4626,113067,1,1,2025
5499,2024-10-16,Sofa,Furniture,North,9,32016,12,243,7086,288144,10,4,2024
5500,2023-03-10,Wardrobe,Furniture,East,6,45503,20,375,1036,273018,3,1,2023
5501,2025-09-14,Sofa,Furniture,South,10,38073,17,397,7039,380730,9,3,2025
5502,2024-05-01,Coffee Table,Furniture,North,20,40206,19,323,8348,804120,5,2,2024
5503,2023-09-30,Coffee Table,Furniture,North,8,19165,15,491,5474,153320,9,3,2023
5504,2023-07-17,Sofa,Furniture,North,15,15696,1,127,1338,235440,7,3,2023
5505,2025-08-22,Coffee Table,Furniture,East,19,36804,11,139,8487,699276,8,3,2025
5506,2024-09-17,Wardrobe,Furniture,East,3,24065,5,428,1507,72195,9,3,2024
5507,2024-11-16,Sofa,Furniture,South,18,48929,18,59,4373,880722,11,4,2024
5508,2023-11-24,Wardrobe,Furniture,South,13,20221,12,367,4773,262873,11,4,2023
5509,2022-12-30,Bookshelf,Furniture,West,15,34217,14,75,8078,513255,12,4,2022
5510,2022-07-14,Bookshelf,Furniture,North,14,13119,1,298,9622,183666,7,3,2022
5511,2023-03-23,Dining Table,Furniture,South,1,9203,13,230,8987,9203,3,1,2023
5512,2025-12-12,Coffee Table,Furniture,South,8,24486,10,267,3124,195888,12,4,2025
5513,2024-08-14,Wardrobe,Furniture,South,12,46684,5,463,5549,560208,8,3,2024
5514,2022-03-31,Wardrobe,Furniture,North,19,25507,19,345,3438,484633,3,1,2022
5515,2024-06-04,Bookshelf,Furniture,North,13,32602,12,315,4502,423826,6,2,2024
5516,2023-09-21,Sofa,Furniture,North,15,43789,20,380,5093,656835,9,3,2023
5517,2023-05-22,Bed,Furniture,South,8,48944,12,292,3696,391552,5,2,2023
5518,2022-10-02,Wardrobe,Furniture,East,1,10806,16,146,8174,10806,10,4,2022
5519,2024-08-24,Wardrobe,Furniture,West,3,36152,1,334,1963,108456,8,3,2024
5520,2023-07-27,Study Table,Furniture,South,6,32233,4,75,4947,193398,7,3,2023
5521,2023-11-22,Office Chair,Furniture,West,13,9812,11,228,1873,127556,11,4,2023
5522,2024-07-22,Study Table,Furniture,West,20,9516,8,271,3645,190320,7,3,2024
5523,2025-06-17,Bed,Furniture,East,11,9426,5,130,2842,103686,6,2,2025
5524,2024-04-19,Study Table,Furniture,East,16,19756,1,241,5319,316096,4,2,2024
5525,2024-06-16,Bookshelf,Furniture,North,3,23800,19,419,6206,71400,6,2,2024
5526,2023-08-29,Office Chair,Furniture,East,12,13764,10,436,1332,165168,8,3,2023
5527,2024-07-04,Bookshelf,Furniture,East,9,9090,10,474,8099,81810,7,3,2024
5528,2023-10-01,Dining Table,Furniture,North,4,22446,14,82,5523,89784,10,4,2023
5529,2024-03-08,Study Table,Furniture,East,15,43159,17,350,3638,647385,3,1,2024
5530,2022-03-12,Sofa,Furniture,South,12,27394,12,416,1361,328728,3,1,2022
5531,2024-02-04,Bookshelf,Furniture,North,14,48608,18,372,9340,680512,2,1,2024
5532,2023-06-24,Dining Table,Furniture,North,10,27071,8,477,6926,270710,6,2,2023
5533,2022-02-08,Bed,Furniture,North,13,22329,8,352,5894,290277,2,1,2022
5534,2023-11-12,Bed,Furniture,South,17,40726,16,265,8956,692342,11,4,2023
5535,2022-07-14,Dining Table,Furniture,North,15,6534,3,275,8495,98010,7,3,2022
5536,2023-12-25,Wardrobe,Furniture,South,10,15076,13,196,2563,150760,12,4,2023
5537,2025-08-28,Coffee Table,Furniture,North,15,8351,10,134,8032,125265,8,3,2025
5538,2024-06-01,Study Table,Furniture,South,11,7308,0,150,2188,80388,6,2,2024
5539,2023-06-18,Dining Table,Furniture,North,5,44051,10,457,5533,220255,6,2,2023
5540,2022-09-04,Bed,Furniture,East,9,42270,16,172,3552,380430,9,3,2022
5541,2022-07-06,Coffee Table,Furniture,West,6,14028,13,324,7088,84168,7,3,2022
5542,2023-01-27,Sofa,Furniture,East,4,9969,1,406,2649,39876,1,1,2023
5543,2024-12-19,Bookshelf,Furniture,East,5,36808,7,106,1594,184040,12,4,2024
5544,2022-01-28,Bed,Furniture,South,16,2476,6,115,1208,39616,1,1,2022
5545,2024-10-26,Coffee Table,Furniture,West,14,43826,2,359,1713,613564,10,4,2024
5546,2025-08-31,Study Table,Furniture,East,8,31608,18,68,4254,252864,8,3,2025
5547,2022-08-12,Office Chair,Furniture,North,16,18275,9,224,7605,292400,8,3,2022
5548,2022-09-13,Bed,Furniture,South,2,18306,3,136,3933,36612,9,3,2022
5549,2023-01-17,Coffee Table,Furniture,West,20,36776,14,242,3829,735520,1,1,2023
5550,2022-01-22,Study Table,Furniture,South,2,15272,20,295,7342,30544,1,1,2022
5551,2023-11-27,Bookshelf,Furniture,North,17,48024,10,325,3980,816408,11,4,2023
5552,2023-07-27,Wardrobe,Furniture,West,1,31205,20,386,6579,31205,7,3,2023
5553,2023-03-09,Wardrobe,Furniture,South,19,12687,17,171,9386,241053,3,1,2023
5554,2023-08-19,Bed,Furniture,North,15,29809,0,343,2963,447135,8,3,2023
5555,2023-02-23,Bookshelf,Furniture,West,11,38403,17,135,7917,422433,2,1,2023
5556,2022-02-06,Study Table,Furniture,South,9,31763,20,263,9927,285867,2,1,2022
5557,2025-09-27,Bookshelf,Furniture,East,10,2158,15,454,3712,21580,9,3,2025
5558,2023-05-03,Bed,Furniture,East,13,3823,16,421,6662,49699,5,2,2023
5559,2024-05-29,Bed,Furniture,North,18,9580,13,294,4245,172440,5,2,2024
5560,2022-03-17,Bed,Furniture,North,14,9899,10,281,1468,138586,3,1,2022
5561,2024-08-27,Bookshelf,Furniture,East,7,34455,14,240,6138,241185,8,3,2024
5562,2022-06-17,Bookshelf,Furniture,East,4,5350,17,308,9039,21400,6,2,2022
5563,2022-01-08,Bed,Furniture,West,8,42485,16,198,3664,339880,1,1,2022
5564,2024-10-23,Sofa,Furniture,North,17,3797,1,433,4823,64549,10,4,2024
5565,2022-01-19,Coffee Table,Furniture,North,5,49983,5,156,3414,249915,1,1,2022
5566,2025-05-18,Coffee Table,Furniture,West,8,21015,5,169,2399,168120,5,2,2025
5567,2025-12-06,Study Table,Furniture,West,12,26024,16,278,2584,312288,12,4,2025
5568,2025-11-28,Coffee Table,Furniture,West,17,46451,6,441,4705,789667,11,4,2025
5569,2023-01-02,Bed,Furniture,East,1,27827,12,97,7620,27827,1,1,2023
5570,2024-05-17,Bed,Furniture,North,5,24037,5,383,1882,120185,5,2,2024
5571,2023-06-17,Bookshelf,Furniture,South,6,7558,17,108,2538,45348,6,2,2023
5572,2022-10-18,Bookshelf,Furniture,East,19,45456,13,156,4820,863664,10,4,2022
5573,2025-07-15,Office Chair,Furniture,East,17,34558,3,239,2253,587486,7,3,2025
5574,2022-08-01,Coffee Table,Furniture,East,1,38363,1,295,4916,38363,8,3,2022
5575,2023-12-08,Coffee Table,Furniture,South,20,45552,19,344,7249,911040,12,4,2023
5576,2022-03-23,Sofa,Furniture,West,16,15536,20,490,2539,248576,3,1,2022
5577,2024-10-18,Sofa,Furniture,West,8,28995,3,278,4501,231960,10,4,2024
5578,2025-09-08,Bookshelf,Furniture,North,20,3947,14,430,6901,78940,9,3,2025
5579,2024-08-15,Bed,Furniture,West,17,16151,0,222,1317,274567,8,3,2024
5580,2025-12-11,Office Chair,Furniture,West,4,3899,16,291,7239,15596,12,4,2025
5581,2025-06-15,Wardrobe,Furniture,North,9,44268,2,115,7315,398412,6,2,2025
5582,2022-01-06,Coffee Table,Furniture,East,5,3221,20,405,4415,16105,1,1,2022
5583,2022-01-21,Office Chair,Furniture,South,13,38590,7,122,9832,501670,1,1,2022
5584,2022-08-25,Dining Table,Furniture,West,19,30437,18,190,8341,578303,8,3,2022
5585,2022-12-17,Office Chair,Furniture,North,9,35603,9,448,5346,320427,12,4,2022
5586,2022-08-08,Office Chair,Furniture,East,2,43313,19,437,1235,86626,8,3,2022
5587,2022-10-10,Office Chair,Furniture,North,17,28150,14,403,5790,478550,10,4,2022
5588,2024-12-11,Bookshelf,Furniture,West,4,39841,3,184,9050,159364,12,4,2024
5589,2022-05-29,Coffee Table,Furniture,South,10,29207,1,113,2510,292070,5,2,2022
5590,2025-03-30,Wardrobe,Furniture,West,3,43191,18,90,9693,129573,3,1,2025
5591,2024-07-01,Office Chair,Furniture,West,11,40138,12,232,3050,441518,7,3,2024
5592,2022-05-17,Bookshelf,Furniture,South,18,46787,20,55,4438,842166,5,2,2022
5593,2025-03-22,Bed,Furniture,South,2,21190,9,363,2406,42380,3,1,2025
5594,2024-09-23,Sofa,Furniture,West,8,3048,10,90,4829,24384,9,3,2024
5595,2025-02-15,Bed,Furniture,North,17,39213,4,256,7230,666621,2,1,2025
5596,2024-02-01,Study Table,Furniture,North,5,17615,6,104,8242,88075,2,1,2024
5597,2025-04-11,Bookshelf,Furniture,West,1,5778,17,260,8214,5778,4,2,2025
5598,2025-03-16,Office Chair,Furniture,East,13,34497,5,495,3300,448461,3,1,2025
5599,2022-02-24,Dining Table,Furniture,East,5,35330,7,464,2340,176650,2,1,2022
5600,2023-05-10,Coffee Table,Furniture,East,6,10863,18,123,8524,65178,5,2,2023
5601,2024-10-05,Dining Table,Furniture,South,16,44476,2,207,9053,711616,10,4,2024
5602,2025-04-21,Bed,Furniture,North,16,32767,1,295,9681,524272,4,2,2025
5603,2023-04-22,Sofa,Furniture,West,18,24773,8,69,5597,445914,4,2,2023
5604,2024-05-26,Bed,Furniture,South,16,45329,18,72,4803,725264,5,2,2024
5605,2024-08-26,Sofa,Furniture,East,18,31776,5,117,2878,571968,8,3,2024
5606,2022-12-06,Study Table,Furniture,West,17,33608,10,199,9431,571336,12,4,2022
5607,2022-07-11,Sofa,Furniture,South,11,3841,12,415,4877,42251,7,3,2022
5608,2025-10-19,Dining Table,Furniture,West,11,44145,6,473,8466,485595,10,4,2025
5609,2023-11-04,Wardrobe,Furniture,South,11,17264,13,202,5978,189904,11,4,2023
5610,2023-04-27,Dining Table,Furniture,South,3,16915,17,452,4606,50745,4,2,2023
5611,2024-09-23,Coffee Table,Furniture,East,5,28076,18,257,4485,140380,9,3,2024
5612,2022-07-24,Bed,Furniture,North,6,41688,1,100,1431,250128,7,3,2022
5613,2023-06-08,Bed,Furniture,East,14,44141,17,410,7333,617974,6,2,2023
5614,2023-11-06,Bookshelf,Furniture,West,18,4821,13,430,7899,86778,11,4,2023
5615,2022-06-08,Office Chair,Furniture,South,7,26079,16,140,6187,182553,6,2,2022
5616,2022-11-27,Bookshelf,Furniture,North,3,38024,11,84,4420,114072,11,4,2022
5617,2023-08-09,Dining Table,Furniture,East,10,15480,15,468,7682,154800,8,3,2023
5618,2025-06-24,Office Chair,Furniture,North,2,49423,11,61,7632,98846,6,2,2025
5619,2025-01-29,Dining Table,Furniture,West,17,23127,15,360,2037,393159,1,1,2025
5620,2025-08-26,Wardrobe,Furniture,North,7,7676,5,124,3331,53732,8,3,2025
5621,2022-08-02,Office Chair,Furniture,West,1,19074,16,51,7113,19074,8,3,2022
5622,2022-11-17,Wardrobe,Furniture,South,13,13875,3,293,7092,180375,11,4,2022
5623,2025-11-21,Bookshelf,Furniture,East,7,39106,7,410,8084,273742,11,4,2025
5624,2025-01-04,Wardrobe,Furniture,West,10,34205,15,406,5736,342050,1,1,2025
5625,2022-04-28,Office Chair,Furniture,North,16,45182,11,155,3376,722912,4,2,2022
5626,2022-07-10,Office Chair,Furniture,West,9,44261,8,421,3077,398349,7,3,2022
5627,2023-07-23,Bookshelf,Furniture,West,16,44825,11,102,5992,717200,7,3,2023
5628,2023-11-11,Office Chair,Furniture,North,9,38675,12,498,7197,348075,11,4,2023
5629,2024-06-02,Sofa,Furniture,North,15,24222,20,133,1880,363330,6,2,2024
5630,2022-10-22,Wardrobe,Furniture,South,4,41083,13,82,1002,164332,10,4,2022
5631,2023-05-11,Dining Table,Furniture,North,15,12335,0,297,9724,185025,5,2,2023
5632,2025-05-14,Office Chair,Furniture,East,8,27642,8,420,7953,221136,5,2,2025
5633,2024-08-02,Sofa,Furniture,West,14,27193,0,67,7043,380702,8,3,2024
5634,2023-12-12,Coffee Table,Furniture,South,8,34994,16,214,7621,279952,12,4,2023
5635,2023-04-08,Bed,Furniture,West,4,32926,16,283,3718,131704,4,2,2023
5636,2022-06-05,Wardrobe,Furniture,South,2,28913,0,231,5991,57826,6,2,2022
5637,2025-09-12,Bed,Furniture,East,16,46598,12,460,4833,745568,9,3,2025
5638,2022-12-13,Study Table,Furniture,West,19,34900,17,272,1565,663100,12,4,2022
5639,2024-07-30,Study Table,Furniture,East,6,13491,2,295,7614,80946,7,3,2024
5640,2025-04-23,Bed,Furniture,West,17,48866,4,88,9041,830722,4,2,2025
5641,2023-09-03,Study Table,Furniture,West,10,13897,11,146,9025,138970,9,3,2023
5642,2022-05-02,Office Chair,Furniture,South,19,47440,0,257,9916,901360,5,2,2022
5643,2023-09-22,Wardrobe,Furniture,South,20,40611,11,169,5351,812220,9,3,2023
5644,2025-01-20,Bookshelf,Furniture,North,4,2377,10,169,9051,9508,1,1,2025
5645,2024-11-30,Sofa,Furniture,South,12,2527,4,362,3468,30324,11,4,2024
5646,2022-05-10,Wardrobe,Furniture,East,6,14593,5,476,1792,87558,5,2,2022
5647,2022-10-01,Bed,Furniture,East,18,30531,1,400,3856,549558,10,4,2022
5648,2022-07-15,Office Chair,Furniture,North,7,37187,12,227,8954,260309,7,3,2022
5649,2024-08-19,Bookshelf,Furniture,North,16,6373,1,233,2194,101968,8,3,2024
5650,2024-06-12,Office Chair,Furniture,West,5,46759,4,248,8205,233795,6,2,2024
5651,2022-10-27,Bookshelf,Furniture,East,6,27687,1,484,6203,166122,10,4,2022
5652,2023-05-09,Bed,Furniture,South,20,5385,13,473,6521,107700,5,2,2023
5653,2022-09-03,Office Chair,Furniture,West,20,9346,18,126,4765,186920,9,3,2022
5654,2025-12-20,Coffee Table,Furniture,West,11,25600,12,102,6641,281600,12,4,2025
5655,2024-08-11,Dining Table,Furniture,North,14,3171,17,280,7423,44394,8,3,2024
5656,2023-01-30,Dining Table,Furniture,East,13,34532,9,405,3067,448916,1,1,2023
5657,2025-08-12,Study Table,Furniture,East,11,5847,16,149,8817,64317,8,3,2025
5658,2025-11-25,Coffee Table,Furniture,East,13,30816,8,282,8036,400608,11,4,2025
5659,2023-03-19,Office Chair,Furniture,South,7,4230,7,153,3233,29610,3,1,2023
5660,2024-01-11,Sofa,Furniture,South,10,20804,15,343,3651,208040,1,1,2024
5661,2023-10-26,Wardrobe,Furniture,North,5,16071,6,101,6507,80355,10,4,2023
5662,2025-01-31,Wardrobe,Furniture,North,17,2370,13,389,9447,40290,1,1,2025
5663,2024-10-04,Coffee Table,Furniture,North,16,38218,18,450,5810,611488,10,4,2024
5664,2023-10-16,Bookshelf,Furniture,South,8,32810,0,406,5874,262480,10,4,2023
5665,2023-09-24,Wardrobe,Furniture,East,11,40510,12,76,3365,445610,9,3,2023
5666,2024-09-25,Study Table,Furniture,West,14,14638,4,294,4066,204932,9,3,2024
5667,2023-05-16,Office Chair,Furniture,North,6,37545,16,159,5008,225270,5,2,2023
5668,2024-02-09,Coffee Table,Furniture,North,3,27781,13,225,1911,83343,2,1,2024
5669,2023-01-01,Coffee Table,Furniture,East,12,11115,20,326,1743,133380,1,1,2023
5670,2024-12-12,Bed,Furniture,East,6,11798,5,228,3603,70788,12,4,2024
5671,2022-01-08,Wardrobe,Furniture,South,16,24929,9,298,6482,398864,1,1,2022
5672,2023-12-04,Dining Table,Furniture,East,18,10307,18,451,7755,185526,12,4,2023
5673,2025-02-22,Coffee Table,Furniture,South,4,28633,10,104,5012,114532,2,1,2025
5674,2022-11-19,Sofa,Furniture,East,15,17005,1,158,3994,255075,11,4,2022
5675,2024-07-20,Wardrobe,Furniture,East,13,10490,4,96,1609,136370,7,3,2024
5676,2022-06-19,Office Chair,Furniture,South,2,16702,0,437,2624,33404,6,2,2022
5677,2025-12-10,Dining Table,Furniture,East,19,35342,7,474,2083,671498,12,4,2025
5678,2023-06-02,Coffee Table,Furniture,North,12,39342,11,322,6720,472104,6,2,2023
5679,2022-04-15,Coffee Table,Furniture,West,1,14085,14,77,6446,14085,4,2,2022
5680,2025-03-23,Wardrobe,Furniture,West,11,29069,17,489,9781,319759,3,1,2025
5681,2022-04-06,Bed,Furniture,South,1,31684,19,129,8463,31684,4,2,2022
5682,2025-05-09,Study Table,Furniture,West,7,49086,14,492,7260,343602,5,2,2025
5683,2025-11-23,Wardrobe,Furniture,North,3,10598,3,442,1046,31794,11,4,2025
5684,2025-11-21,Sofa,Furniture,South,6,8583,9,413,9566,51498,11,4,2025
5685,2022-02-04,Dining Table,Furniture,South,10,16081,11,133,1966,160810,2,1,2022
5686,2023-08-28,Wardrobe,Furniture,East,18,21863,12,247,9114,393534,8,3,2023
5687,2022-11-16,Office Chair,Furniture,East,17,48226,20,338,3915,819842,11,4,2022
5688,2024-10-20,Bookshelf,Furniture,East,3,10076,17,237,1704,30228,10,4,2024
5689,2024-03-31,Coffee Table,Furniture,North,20,8887,1,385,7555,177740,3,1,2024
5690,2023-05-15,Wardrobe,Furniture,East,9,6076,7,365,7526,54684,5,2,2023
5691,2022-05-05,Study Table,Furniture,South,9,49919,4,377,5879,449271,5,2,2022
5692,2025-04-13,Study Table,Furniture,East,18,47054,7,267,7658,846972,4,2,2025
5693,2024-05-01,Bookshelf,Furniture,South,18,25986,18,78,1799,467748,5,2,2024
5694,2025-06-13,Study Table,Furniture,West,19,37059,19,331,6395,704121,6,2,2025
5695,2022-06-14,Dining Table,Furniture,South,12,34388,17,248,1159,412656,6,2,2022
5696,2024-01-07,Coffee Table,Furniture,South,19,2501,10,90,8835,47519,1,1,2024
5697,2023-01-16,Study Table,Furniture,North,3,43483,18,105,9252,130449,1,1,2023
5698,2025-04-10,Bed,Furniture,East,19,2183,4,489,7485,41477,4,2,2025
5699,2023-07-02,Sofa,Furniture,South,16,6639,19,407,4754,106224,7,3,2023
5700,2023-03-09,Dining Table,Furniture,North,9,43157,7,245,8152,388413,3,1,2023
5701,2022-02-16,Coffee Table,Furniture,West,4,19001,7,377,6969,76004,2,1,2022
5702,2023-05-09,Wardrobe,Furniture,West,19,3557,2,294,1726,67583,5,2,2023
5703,2024-08-08,Coffee Table,Furniture,North,7,6477,14,388,5088,45339,8,3,2024
5704,2024-03-18,Coffee Table,Furniture,West,16,27909,13,212,3163,446544,3,1,2024
5705,2022-03-07,Study Table,Furniture,West,10,43395,19,396,2119,433950,3,1,2022
5706,2023-02-12,Wardrobe,Furniture,South,1,35801,0,53,4770,35801,2,1,2023
5707,2024-06-04,Coffee Table,Furniture,East,5,20849,1,405,7199,104245,6,2,2024
5708,2025-03-01,Coffee Table,Furniture,North,20,13111,4,304,2400,262220,3,1,2025
5709,2025-05-07,Wardrobe,Furniture,South,11,12528,16,346,8425,137808,5,2,2025
5710,2022-12-09,Coffee Table,Furniture,West,8,39586,19,473,5290,316688,12,4,2022
5711,2023-10-26,Coffee Table,Furniture,North,7,8875,4,298,4756,62125,10,4,2023
5712,2023-08-16,Coffee Table,Furniture,North,5,42005,9,148,4642,210025,8,3,2023
5713,2022-07-12,Coffee Table,Furniture,East,19,9536,12,220,9911,181184,7,3,2022
5714,2025-05-26,Coffee Table,Furniture,East,11,37182,3,420,1833,409002,5,2,2025
5715,2023-05-04,Dining Table,Furniture,West,1,25183,6,233,8534,25183,5,2,2023
5716,2022-07-09,Wardrobe,Furniture,East,13,28018,10,483,7859,364234,7,3,2022
5717,2023-10-20,Bookshelf,Furniture,East,9,41701,19,364,6316,375309,10,4,2023
5718,2023-05-10,Dining Table,Furniture,West,10,34196,15,238,3946,341960,5,2,2023
5719,2024-11-17,Coffee Table,Furniture,South,3,43834,2,344,8616,131502,11,4,2024
5720,2023-04-27,Bed,Furniture,West,4,15008,16,500,4107,60032,4,2,2023
5721,2022-09-16,Study Table,Furniture,North,19,29889,17,70,2691,567891,9,3,2022
5722,2022-06-25,Bookshelf,Furniture,West,14,15569,1,111,9467,217966,6,2,2022
5723,2025-06-08,Bookshelf,Furniture,West,10,4669,5,203,1436,46690,6,2,2025
5724,2022-11-17,Coffee Table,Furniture,West,1,31052,10,245,4989,31052,11,4,2022
5725,2024-03-05,Bed,Furniture,South,9,6698,2,133,7799,60282,3,1,2024
5726,2022-07-08,Wardrobe,Furniture,North,11,44760,18,169,6924,492360,7,3,2022
5727,2025-06-23,Wardrobe,Furniture,West,3,44589,3,181,1874,133767,6,2,2025
5728,2024-12-02,Sofa,Furniture,East,6,20746,1,199,8440,124476,12,4,2024
5729,2022-03-14,Dining Table,Furniture,South,16,41973,9,460,1626,671568,3,1,2022
5730,2022-06-22,Wardrobe,Furniture,East,4,45973,7,441,4347,183892,6,2,2022
5731,2022-06-14,Coffee Table,Furniture,West,1,7201,6,334,6790,7201,6,2,2022
5732,2025-12-05,Sofa,Furniture,South,1,35019,2,132,2327,35019,12,4,2025
5733,2022-08-25,Bed,Furniture,West,15,21860,12,224,2735,327900,8,3,2022
5734,2023-03-02,Bookshelf,Furniture,North,15,3005,11,135,7349,45075,3,1,2023
5735,2024-10-04,Sofa,Furniture,East,1,45769,14,359,6957,45769,10,4,2024
5736,2023-07-09,Bed,Furniture,North,14,37503,13,251,8688,525042,7,3,2023
5737,2023-11-23,Sofa,Furniture,North,12,4316,1,281,7711,51792,11,4,2023
5738,2022-09-19,Dining Table,Furniture,North,12,17098,19,189,5579,205176,9,3,2022
5739,2025-08-05,Coffee Table,Furniture,South,8,13641,13,313,6217,109128,8,3,2025
5740,2022-08-16,Bookshelf,Furniture,North,4,19002,8,422,1013,76008,8,3,2022
5741,2025-11-23,Dining Table,Furniture,North,1,12596,19,144,2344,12596,11,4,2025
5742,2023-10-19,Bed,Furniture,South,19,40950,7,254,7734,778050,10,4,2023
5743,2023-10-31,Dining Table,Furniture,North,3,7432,1,95,1743,22296,10,4,2023
5744,2022-01-22,Sofa,Furniture,East,13,48735,18,349,2327,633555,1,1,2022
5745,2023-02-15,Office Chair,Furniture,North,20,3219,12,223,4290,64380,2,1,2023
5746,2024-06-26,Dining Table,Furniture,North,1,16098,20,400,7023,16098,6,2,2024
5747,2023-09-16,Study Table,Furniture,North,16,25188,8,353,8780,403008,9,3,2023
5748,2024-06-13,Study Table,Furniture,East,11,13385,17,229,2952,147235,6,2,2024
5749,2025-02-20,Dining Table,Furniture,East,5,24683,16,257,3588,123415,2,1,2025
5750,2023-01-23,Office Chair,Furniture,North,5,26736,4,240,9727,133680,1,1,2023
5751,2024-01-19,Bookshelf,Furniture,South,17,35788,7,282,9296,608396,1,1,2024
5752,2025-06-10,Dining Table,Furniture,East,11,29091,18,377,3638,320001,6,2,2025
5753,2022-04-15,Office Chair,Furniture,South,14,36255,3,98,3869,507570,4,2,2022
5754,2024-05-19,Coffee Table,Furniture,South,2,45598,7,426,6994,91196,5,2,2024
5755,2025-03-25,Bookshelf,Furniture,East,2,23783,16,230,8411,47566,3,1,2025
5756,2023-01-20,Coffee Table,Furniture,West,11,7896,14,364,4792,86856,1,1,2023
5757,2023-01-19,Study Table,Furniture,West,11,49458,4,153,9809,544038,1,1,2023
5758,2023-07-13,Coffee Table,Furniture,South,20,44412,13,94,5478,888240,7,3,2023
5759,2023-04-07,Office Chair,Furniture,North,12,38361,3,278,9138,460332,4,2,2023
5760,2023-10-05,Study Table,Furniture,West,9,3484,20,486,8192,31356,10,4,2023
5761,2023-09-05,Office Chair,Furniture,South,2,37416,9,265,8589,74832,9,3,2023
5762,2022-01-14,Coffee Table,Furniture,South,19,31442,0,427,2896,597398,1,1,2022
5763,2023-04-25,Dining Table,Furniture,South,13,30711,4,293,4495,399243,4,2,2023
5764,2023-04-13,Bookshelf,Furniture,North,15,12791,10,270,2321,191865,4,2,2023
5765,2024-02-16,Coffee Table,Furniture,North,19,40680,15,90,8230,772920,2,1,2024
5766,2024-03-01,Bed,Furniture,South,20,33691,6,61,1753,673820,3,1,2024
5767,2024-03-04,Sofa,Furniture,North,16,18070,7,303,7793,289120,3,1,2024
5768,2022-03-27,Bookshelf,Furniture,East,4,30733,4,326,9336,122932,3,1,2022
5769,2023-09-24,Study Table,Furniture,East,14,47704,3,186,8319,667856,9,3,2023
5770,2024-07-25,Wardrobe,Furniture,South,13,17145,17,223,1434,222885,7,3,2024
5771,2023-02-18,Sofa,Furniture,East,7,33312,11,235,9491,233184,2,1,2023
5772,2024-10-06,Coffee Table,Furniture,West,12,20411,4,107,9946,244932,10,4,2024
5773,2025-10-02,Sofa,Furniture,North,20,24998,2,90,5471,499960,10,4,2025
5774,2024-06-02,Coffee Table,Furniture,West,1,35625,10,113,2367,35625,6,2,2024
5775,2025-07-17,Dining Table,Furniture,West,4,31482,17,393,8460,125928,7,3,2025
5776,2025-07-31,Study Table,Furniture,West,9,24813,9,371,7585,223317,7,3,2025
5777,2024-02-06,Wardrobe,Furniture,South,5,3979,4,432,3224,19895,2,1,2024
5778,2023-03-25,Coffee Table,Furniture,West,4,19880,12,257,7365,79520,3,1,2023
5779,2024-04-11,Wardrobe,Furniture,West,10,3502,1,108,4623,35020,4,2,2024
5780,2022-12-13,Dining Table,Furniture,South,2,25493,14,88,5963,50986,12,4,2022
5781,2025-05-24,Bookshelf,Furniture,North,3,32829,20,497,9160,98487,5,2,2025
5782,2023-06-08,Bookshelf,Furniture,West,7,37045,20,293,2435,259315,6,2,2023
5783,2022-09-23,Bed,Furniture,East,8,5119,13,401,2944,40952,9,3,2022
5784,2023-04-28,Bookshelf,Furniture,South,19,37177,11,300,1077,706363,4,2,2023
5785,2024-07-30,Coffee Table,Furniture,North,12,17240,7,317,4232,206880,7,3,2024
5786,2025-07-09,Bed,Furniture,West,6,12921,1,222,5049,77526,7,3,2025
5787,2025-09-19,Dining Table,Furniture,East,10,3738,9,84,8881,37380,9,3,2025
5788,2025-02-05,Wardrobe,Furniture,East,7,41383,16,259,8750,289681,2,1,2025
5789,2025-01-24,Office Chair,Furniture,South,11,38448,2,493,4169,422928,1,1,2025
5790,2025-01-09,Sofa,Furniture,West,12,8007,10,359,3418,96084,1,1,2025
5791,2025-01-03,Sofa,Furniture,North,5,9209,14,307,3648,46045,1,1,2025
5792,2023-04-12,Study Table,Furniture,South,16,22295,2,347,1635,356720,4,2,2023
5793,2025-04-08,Wardrobe,Furniture,South,17,48790,20,237,1431,829430,4,2,2025
5794,2025-03-26,Bed,Furniture,West,11,40556,4,69,9496,446116,3,1,2025
5795,2024-03-18,Office Chair,Furniture,North,13,26590,7,370,4470,345670,3,1,2024
5796,2022-04-11,Coffee Table,Furniture,West,11,34707,11,395,9395,381777,4,2,2022
5797,2025-08-24,Bookshelf,Furniture,North,12,19349,8,147,6540,232188,8,3,2025
5798,2022-06-24,Bookshelf,Furniture,North,20,43831,8,448,6836,876620,6,2,2022
5799,2025-04-19,Study Table,Furniture,North,18,29961,7,413,7123,539298,4,2,2025
5800,2022-09-18,Dining Table,Furniture,West,16,8031,9,89,1594,128496,9,3,2022
5801,2024-05-29,Dining Table,Furniture,South,2,22514,13,342,7087,45028,5,2,2024
5802,2022-03-15,Bed,Furniture,North,18,32032,1,78,2354,576576,3,1,2022
5803,2025-03-25,Bookshelf,Furniture,North,18,38320,19,330,7385,689760,3,1,2025
5804,2022-10-09,Study Table,Furniture,South,9,20596,6,159,4536,185364,10,4,2022
5805,2024-03-19,Dining Table,Furniture,North,1,31723,0,83,1082,31723,3,1,2024
5806,2024-03-08,Wardrobe,Furniture,West,3,41099,9,481,1210,123297,3,1,2024
5807,2022-12-03,Coffee Table,Furniture,North,10,23512,13,355,6993,235120,12,4,2022
5808,2025-01-29,Dining Table,Furniture,East,14,24862,18,172,5185,348068,1,1,2025
5809,2023-09-18,Bookshelf,Furniture,North,10,29157,15,190,8389,291570,9,3,2023
5810,2022-02-08,Bed,Furniture,North,4,42489,14,175,8462,169956,2,1,2022
5811,2024-04-01,Study Table,Furniture,West,16,23697,14,104,2932,379152,4,2,2024
5812,2023-10-01,Wardrobe,Furniture,South,12,29084,15,201,3118,349008,10,4,2023
5813,2023-05-27,Wardrobe,Furniture,West,11,5875,20,121,3668,64625,5,2,2023
5814,2023-11-14,Bookshelf,Furniture,North,20,20642,5,114,2198,412840,11,4,2023
5815,2025-06-11,Dining Table,Furniture,East,12,48089,19,460,2159,577068,6,2,2025
5816,2022-12-03,Dining Table,Furniture,South,1,37708,16,345,1790,37708,12,4,2022
5817,2023-11-27,Wardrobe,Furniture,West,2,29356,10,368,4279,58712,11,4,2023
5818,2025-01-02,Sofa,Furniture,East,2,10949,20,319,5970,21898,1,1,2025
5819,2025-07-20,Study Table,Furniture,South,18,40935,3,432,7716,736830,7,3,2025
5820,2024-03-31,Bed,Furniture,South,18,22848,20,288,2161,411264,3,1,2024
5821,2023-11-19,Sofa,Furniture,East,15,43123,14,236,2726,646845,11,4,2023
5822,2025-11-29,Dining Table,Furniture,West,18,13633,4,136,9010,245394,11,4,2025
5823,2024-12-17,Dining Table,Furniture,South,17,38181,13,235,1689,649077,12,4,2024
5824,2025-04-04,Study Table,Furniture,East,15,33267,1,55,6853,499005,4,2,2025
5825,2025-11-21,Coffee Table,Furniture,West,15,7942,14,50,2441,119130,11,4,2025
5826,2023-07-22,Dining Table,Furniture,West,8,11989,17,376,1849,95912,7,3,2023
5827,2025-11-18,Study Table,Furniture,North,9,41432,4,493,6203,372888,11,4,2025
5828,2024-06-13,Coffee Table,Furniture,West,14,20725,2,176,5242,290150,6,2,2024
5829,2024-07-13,Study Table,Furniture,South,18,7208,13,79,7724,129744,7,3,2024
5830,2022-04-30,Wardrobe,Furniture,East,16,29250,14,378,6720,468000,4,2,2022
5831,2025-01-19,Coffee Table,Furniture,South,2,19282,15,385,1972,38564,1,1,2025
5832,2024-07-31,Dining Table,Furniture,West,20,46509,20,181,2407,930180,7,3,2024
5833,2025-01-21,Bed,Furniture,East,8,17164,6,325,9160,137312,1,1,2025
5834,2023-12-30,Dining Table,Furniture,East,3,8361,11,419,4188,25083,12,4,2023
5835,2024-12-14,Dining Table,Furniture,North,2,22280,15,186,4026,44560,12,4,2024
5836,2023-09-24,Dining Table,Furniture,South,4,30676,6,418,6864,122704,9,3,2023
5837,2022-07-26,Coffee Table,Furniture,North,20,17713,17,410,5183,354260,7,3,2022
5838,2022-09-06,Coffee Table,Furniture,East,15,17716,14,240,2223,265740,9,3,2022
5839,2025-06-18,Bookshelf,Furniture,West,10,44740,6,370,2251,447400,6,2,2025
5840,2024-12-24,Wardrobe,Furniture,East,14,11670,8,362,4193,163380,12,4,2024
5841,2023-03-20,Wardrobe,Furniture,South,12,28948,17,255,1257,347376,3,1,2023
5842,2023-04-06,Bookshelf,Furniture,South,9,6175,19,344,3635,55575,4,2,2023
5843,2024-03-05,Bookshelf,Furniture,North,2,21842,9,334,5141,43684,3,1,2024
5844,2023-11-13,Wardrobe,Furniture,North,19,21504,19,101,6320,408576,11,4,2023
5845,2023-07-31,Bed,Furniture,South,6,21416,17,330,2096,128496,7,3,2023
5846,2023-11-14,Bookshelf,Furniture,East,4,42803,1,89,2981,171212,11,4,2023
5847,2025-10-10,Bed,Furniture,North,19,45875,7,306,3841,871625,10,4,2025
5848,2024-09-06,Dining Table,Furniture,West,5,15774,18,297,2827,78870,9,3,2024
5849,2023-11-25,Bookshelf,Furniture,North,18,31524,7,310,6818,567432,11,4,2023
5850,2022-11-11,Study Table,Furniture,South,20,28817,10,321,3966,576340,11,4,2022
5851,2022-03-20,Study Table,Furniture,South,14,38431,15,492,2754,538034,3,1,2022
5852,2025-11-30,Coffee Table,Furniture,East,13,30743,1,122,5434,399659,11,4,2025
5853,2025-10-14,Bookshelf,Furniture,South,17,15352,11,304,1222,260984,10,4,2025
5854,2025-10-17,Bookshelf,Furniture,East,5,25224,7,288,9227,126120,10,4,2025
5855,2024-10-22,Bookshelf,Furniture,South,19,24925,9,438,8905,473575,10,4,2024
5856,2024-09-06,Sofa,Furniture,North,10,16391,18,418,3692,163910,9,3,2024
5857,2024-03-09,Bookshelf,Furniture,East,7,19824,10,413,3984,138768,3,1,2024
5858,2025-04-04,Bed,Furniture,North,8,41036,20,120,3670,328288,4,2,2025
5859,2024-03-13,Sofa,Furniture,East,15,4282,12,282,2116,64230,3,1,2024
5860,2023-07-08,Dining Table,Furniture,North,6,29923,15,352,8736,179538,7,3,2023
5861,2022-11-27,Office Chair,Furniture,South,9,2102,0,440,2576,18918,11,4,2022
5862,2022-01-30,Bed,Furniture,North,6,30513,13,451,2678,183078,1,1,2022
5863,2024-11-07,Wardrobe,Furniture,East,8,36165,13,212,2983,289320,11,4,2024
5864,2023-03-11,Bed,Furniture,South,12,7255,11,365,3625,87060,3,1,2023
5865,2023-09-27,Sofa,Furniture,East,1,10235,17,332,3262,10235,9,3,2023
5866,2025-10-27,Office Chair,Furniture,West,8,45125,11,260,5181,361000,10,4,2025
5867,2022-01-30,Coffee Table,Furniture,South,10,33976,1,348,7586,339760,1,1,2022
5868,2024-04-07,Study Table,Furniture,East,4,36538,4,392,6124,146152,4,2,2024
5869,2023-03-02,Bed,Furniture,East,8,28594,2,309,4811,228752,3,1,2023
5870,2022-01-07,Bookshelf,Furniture,South,17,35466,3,62,2762,602922,1,1,2022
5871,2022-07-17,Dining Table,Furniture,East,19,30875,15,319,7277,586625,7,3,2022
5872,2025-07-25,Office Chair,Furniture,South,13,20943,13,312,9683,272259,7,3,2025
5873,2024-12-14,Office Chair,Furniture,South,15,23074,4,52,2353,346110,12,4,2024
5874,2025-06-14,Office Chair,Furniture,West,5,25098,6,412,1964,125490,6,2,2025
5875,2022-10-29,Dining Table,Furniture,West,9,15505,1,292,9405,139545,10,4,2022
5876,2022-11-26,Office Chair,Furniture,East,1,43957,3,434,8075,43957,11,4,2022
5877,2025-07-21,Office Chair,Furniture,South,16,29292,12,363,6515,468672,7,3,2025
5878,2024-05-14,Wardrobe,Furniture,West,5,37369,10,293,3459,186845,5,2,2024
5879,2023-06-23,Bookshelf,Furniture,West,11,18773,6,344,8067,206503,6,2,2023
5880,2023-07-02,Office Chair,Furniture,East,8,27112,10,65,9396,216896,7,3,2023
5881,2024-05-08,Study Table,Furniture,East,5,23674,8,137,4249,118370,5,2,2024
5882,2025-06-22,Dining Table,Furniture,East,12,35308,20,299,9246,423696,6,2,2025
5883,2023-06-30,Bookshelf,Furniture,North,19,17677,14,370,8926,335863,6,2,2023
5884,2023-03-01,Sofa,Furniture,South,10,39754,19,466,9614,397540,3,1,2023
5885,2022-10-01,Bed,Furniture,North,3,41709,19,386,4820,125127,10,4,2022
5886,2023-03-30,Wardrobe,Furniture,South,19,9241,3,229,1706,175579,3,1,2023
5887,2024-08-18,Wardrobe,Furniture,North,11,33043,7,419,2885,363473,8,3,2024
5888,2025-08-04,Sofa,Furniture,South,5,31838,15,219,6366,159190,8,3,2025
5889,2025-04-27,Coffee Table,Furniture,South,4,18449,16,108,7918,73796,4,2,2025
5890,2025-05-13,Coffee Table,Furniture,South,7,32660,18,56,9426,228620,5,2,2025
5891,2024-10-11,Dining Table,Furniture,South,1,39677,20,117,3633,39677,10,4,2024
5892,2024-09-04,Bookshelf,Furniture,North,15,6997,0,210,5398,104955,9,3,2024
5893,2022-12-04,Wardrobe,Furniture,East,13,46480,14,187,8702,604240,12,4,2022
5894,2025-08-26,Coffee Table,Furniture,South,10,49878,15,491,6711,498780,8,3,2025
5895,2025-01-10,Study Table,Furniture,South,5,14376,0,265,3950,71880,1,1,2025
5896,2023-12-09,Office Chair,Furniture,North,14,35895,20,430,2764,502530,12,4,2023
5897,2024-04-23,Coffee Table,Furniture,East,13,41178,13,96,7265,535314,4,2,2024
5898,2025-03-24,Coffee Table,Furniture,East,19,30913,9,438,6491,587347,3,1,2025
5899,2025-05-29,Sofa,Furniture,West,19,35216,19,233,9873,669104,5,2,2025
5900,2025-06-18,Wardrobe,Furniture,North,2,43240,2,336,1786,86480,6,2,2025
5901,2024-12-24,Study Table,Furniture,West,19,20709,18,347,2922,393471,12,4,2024
5902,2024-03-21,Sofa,Furniture,North,3,36832,3,134,2094,110496,3,1,2024
5903,2025-09-29,Bookshelf,Furniture,East,10,31377,9,142,3779,313770,9,3,2025
5904,2024-11-20,Dining Table,Furniture,West,18,16254,16,192,6028,292572,11,4,2024
5905,2025-11-17,Bookshelf,Furniture,South,16,46761,8,219,5549,748176,11,4,2025
5906,2022-03-30,Study Table,Furniture,West,2,5797,6,373,1508,11594,3,1,2022
5907,2023-12-30,Bed,Furniture,West,15,8375,3,385,7294,125625,12,4,2023
5908,2023-09-14,Coffee Table,Furniture,South,12,39763,0,67,5803,477156,9,3,2023
5909,2023-11-21,Office Chair,Furniture,East,17,18023,7,406,5663,306391,11,4,2023
5910,2022-12-05,Wardrobe,Furniture,East,14,6623,1,134,8792,92722,12,4,2022
5911,2025-06-14,Dining Table,Furniture,West,3,39631,15,211,5307,118893,6,2,2025
5912,2022-09-11,Wardrobe,Furniture,South,14,43301,1,135,4780,606214,9,3,2022
5913,2023-08-21,Bed,Furniture,West,5,7264,3,497,2494,36320,8,3,2023
5914,2023-05-19,Bookshelf,Furniture,North,6,22946,5,282,7997,137676,5,2,2023
5915,2024-12-27,Study Table,Furniture,East,18,5092,0,298,1214,91656,12,4,2024
5916,2025-11-05,Bookshelf,Furniture,North,5,41118,15,177,6119,205590,11,4,2025
5917,2025-10-12,Sofa,Furniture,South,10,8610,19,221,8897,86100,10,4,2025
5918,2025-06-08,Bed,Furniture,South,15,5031,2,230,1783,75465,6,2,2025
5919,2022-11-15,Dining Table,Furniture,North,8,36488,0,415,9589,291904,11,4,2022
5920,2025-12-04,Study Table,Furniture,East,17,8697,16,285,7517,147849,12,4,2025
5921,2025-08-13,Wardrobe,Furniture,South,11,20363,17,340,8375,223993,8,3,2025
5922,2025-06-15,Dining Table,Furniture,North,15,32065,5,435,5495,480975,6,2,2025
5923,2022-03-05,Office Chair,Furniture,South,4,13553,20,190,3849,54212,3,1,2022
5924,2025-05-07,Bed,Furniture,South,19,14140,19,403,1131,268660,5,2,2025
5925,2023-12-21,Sofa,Furniture,North,16,8312,8,308,5430,132992,12,4,2023
5926,2023-05-26,Coffee Table,Furniture,West,19,28104,16,138,2287,533976,5,2,2023
5927,2024-04-13,Bed,Furniture,North,3,28727,1,172,3127,86181,4,2,2024
5928,2022-08-04,Coffee Table,Furniture,West,18,33042,13,140,9344,594756,8,3,2022
5929,2025-02-11,Bookshelf,Furniture,North,11,8261,11,192,3622,90871,2,1,2025
5930,2022-10-08,Study Table,Furniture,East,3,5757,16,246,4604,17271,10,4,2022
5931,2022-10-23,Study Table,Furniture,East,1,15306,11,263,9783,15306,10,4,2022
5932,2023-08-25,Dining Table,Furniture,North,7,10029,17,355,1186,70203,8,3,2023
5933,2022-12-23,Sofa,Furniture,West,14,6762,0,332,8392,94668,12,4,2022
5934,2024-10-01,Bookshelf,Furniture,West,14,38560,4,63,4552,539840,10,4,2024
5935,2024-05-16,Study Table,Furniture,West,20,26839,2,189,7093,536780,5,2,2024
5936,2023-08-04,Bookshelf,Furniture,South,14,25995,8,407,5641,363930,8,3,2023
5937,2023-01-03,Dining Table,Furniture,South,11,44641,13,342,6486,491051,1,1,2023
5938,2025-08-21,Wardrobe,Furniture,West,18,43379,17,281,8677,780822,8,3,2025
5939,2023-07-05,Sofa,Furniture,West,19,34583,14,384,9658,657077,7,3,2023
5940,2023-09-14,Bed,Furniture,West,13,15294,10,101,7171,198822,9,3,2023
5941,2024-09-12,Bookshelf,Furniture,West,2,5228,7,419,2374,10456,9,3,2024
5942,2023-01-10,Sofa,Furniture,East,18,13114,0,182,4020,236052,1,1,2023
5943,2023-08-27,Office Chair,Furniture,West,2,20743,13,483,1061,41486,8,3,2023
5944,2023-02-15,Wardrobe,Furniture,South,1,40675,15,62,1340,40675,2,1,2023
5945,2022-09-09,Study Table,Furniture,East,2,4861,1,124,9854,9722,9,3,2022
5946,2025-07-28,Bed,Furniture,South,7,49628,18,481,3936,347396,7,3,2025
5947,2025-04-07,Bookshelf,Furniture,North,10,44703,4,326,5867,447030,4,2,2025
5948,2025-01-23,Sofa,Furniture,East,1,45166,10,168,2708,45166,1,1,2025
5949,2024-06-20,Study Table,Furniture,North,16,12394,19,139,7330,198304,6,2,2024
5950,2025-03-09,Bookshelf,Furniture,North,4,17165,12,498,6036,68660,3,1,2025
5951,2023-02-06,Dining Table,Furniture,North,2,21005,13,377,6031,42010,2,1,2023
5952,2024-09-02,Sofa,Furniture,East,9,40597,3,252,1995,365373,9,3,2024
5953,2025-06-21,Bed,Furniture,North,17,8068,16,428,7858,137156,6,2,2025
5954,2022-06-12,Wardrobe,Furniture,East,19,9521,13,362,7089,180899,6,2,2022
5955,2023-09-04,Coffee Table,Furniture,West,7,19375,4,305,9613,135625,9,3,2023
5956,2024-02-19,Coffee Table,Furniture,North,7,7711,19,231,4782,53977,2,1,2024
5957,2024-10-04,Dining Table,Furniture,East,12,19757,19,233,8909,237084,10,4,2024
5958,2022-08-31,Bookshelf,Furniture,East,14,43422,3,50,4275,607908,8,3,2022
5959,2023-08-28,Bookshelf,Furniture,South,5,13303,0,157,5143,66515,8,3,2023
5960,2024-09-26,Sofa,Furniture,West,20,2796,19,242,6043,55920,9,3,2024
5961,2025-02-18,Office Chair,Furniture,West,12,42958,6,362,8202,515496,2,1,2025
5962,2022-05-20,Bookshelf,Furniture,North,4,24491,15,72,1453,97964,5,2,2022
5963,2025-03-12,Bookshelf,Furniture,East,6,14241,3,144,3324,85446,3,1,2025
5964,2024-08-29,Office Chair,Furniture,South,14,39270,0,161,1634,549780,8,3,2024
5965,2022-09-20,Dining Table,Furniture,South,8,8096,17,75,6395,64768,9,3,2022
5966,2025-02-28,Coffee Table,Furniture,South,17,5381,13,188,8177,91477,2,1,2025
5967,2023-12-29,Wardrobe,Furniture,East,9,23093,16,164,1490,207837,12,4,2023
5968,2024-12-16,Office Chair,Furniture,West,4,2325,2,308,6740,9300,12,4,2024
5969,2023-09-19,Bookshelf,Furniture,North,6,35060,3,374,2334,210360,9,3,2023
5970,2022-11-05,Office Chair,Furniture,South,6,2112,12,204,1835,12672,11,4,2022
5971,2025-02-09,Bed,Furniture,North,4,6147,17,452,5307,24588,2,1,2025
5972,2025-11-22,Dining Table,Furniture,East,9,28857,16,221,4960,259713,11,4,2025
5973,2022-09-12,Study Table,Furniture,East,5,41220,17,222,3828,206100,9,3,2022
5974,2022-02-13,Study Table,Furniture,West,19,47616,1,308,1041,904704,2,1,2022
5975,2024-08-12,Bed,Furniture,South,14,48017,9,125,6166,672238,8,3,2024
5976,2023-04-10,Coffee Table,Furniture,West,13,12300,17,118,7370,159900,4,2,2023
5977,2023-12-14,Office Chair,Furniture,South,19,20285,4,463,1939,385415,12,4,2023
5978,2024-12-20,Bed,Furniture,South,10,43442,6,265,5050,434420,12,4,2024
5979,2025-07-02,Sofa,Furniture,West,14,7075,13,454,1044,99050,7,3,2025
5980,2024-10-11,Wardrobe,Furniture,East,18,36071,9,97,9476,649278,10,4,2024
5981,2022-06-02,Bed,Furniture,East,18,14491,6,337,3346,260838,6,2,2022
5982,2023-09-21,Office Chair,Furniture,East,8,24805,10,62,5332,198440,9,3,2023
5983,2023-10-05,Wardrobe,Furniture,West,11,3561,7,468,4827,39171,10,4,2023
5984,2023-06-05,Study Table,Furniture,East,9,19925,8,398,5576,179325,6,2,2023
5985,2023-06-09,Sofa,Furniture,East,13,18228,14,324,7274,236964,6,2,2023
5986,2023-09-04,Sofa,Furniture,West,2,41945,12,166,9822,83890,9,3,2023
5987,2022-08-01,Bookshelf,Furniture,South,11,24906,19,114,8231,273966,8,3,2022
5988,2025-09-28,Sofa,Furniture,South,6,31650,4,60,1822,189900,9,3,2025
5989,2024-10-02,Bookshelf,Furniture,West,20,33170,4,265,6945,663400,10,4,2024
5990,2025-10-08,Coffee Table,Furniture,East,10,8639,5,411,9089,86390,10,4,2025
5991,2023-11-12,Study Table,Furniture,South,14,39164,9,471,4852,548296,11,4,2023
5992,2024-09-14,Office Chair,Furniture,South,3,40987,0,252,3185,122961,9,3,2024
5993,2025-07-05,Bed,Furniture,South,11,34958,12,396,1222,384538,7,3,2025
5994,2025-03-29,Sofa,Furniture,South,1,29236,3,147,7551,29236,3,1,2025
5995,2024-12-11,Dining Table,Furniture,East,11,43988,2,319,9245,483868,12,4,2024
5996,2022-07-15,Bed,Furniture,East,17,17088,13,96,9790,290496,7,3,2022
5997,2022-12-01,Wardrobe,Furniture,South,7,48694,5,54,8440,340858,12,4,2022
5998,2025-05-15,Study Table,Furniture,South,11,31195,4,89,3798,343145,5,2,2025
5999,2023-06-26,Sofa,Furniture,East,6,18078,17,476,2926,108468,6,2,2023
6000,2024-12-28,Coffee Table,Furniture,North,1,43954,8,101,6441,43954,12,4,2024
6001,2022-11-01,Office Chair,Furniture,North,5,42287,3,447,3467,211435,11,4,2022
6002,2022-08-29,Coffee Table,Furniture,South,15,32832,13,286,3688,492480,8,3,2022
6003,2024-02-29,Dining Table,Furniture,North,6,28429,1,400,2066,170574,2,1,2024
6004,2025-03-28,Sofa,Furniture,North,18,14162,4,299,8333,254916,3,1,2025
6005,2024-10-02,Study Table,Furniture,South,8,31615,10,486,5819,252920,10,4,2024
6006,2022-08-28,Dining Table,Furniture,East,17,19137,20,252,3359,325329,8,3,2022
6007,2023-03-02,Bookshelf,Furniture,North,10,30346,4,378,7002,303460,3,1,2023
6008,2025-04-20,Dining Table,Furniture,East,20,16938,12,359,3539,338760,4,2,2025
6009,2022-05-06,Study Table,Furniture,South,17,9475,15,122,9749,161075,5,2,2022
6010,2025-02-14,Bed,Furniture,North,18,19091,4,73,2127,343638,2,1,2025
6011,2022-07-03,Study Table,Furniture,West,17,30276,18,113,8178,514692,7,3,2022
6012,2024-08-10,Sofa,Furniture,North,7,11018,10,104,3734,77126,8,3,2024
6013,2024-05-31,Sofa,Furniture,North,17,15139,4,343,3156,257363,5,2,2024
6014,2024-09-29,Office Chair,Furniture,North,13,9299,10,103,8011,120887,9,3,2024
6015,2023-01-26,Office Chair,Furniture,South,10,23152,0,405,4762,231520,1,1,2023
6016,2022-03-11,Sofa,Furniture,East,4,35807,20,299,3652,143228,3,1,2022
6017,2022-01-13,Office Chair,Furniture,East,10,23930,0,432,1613,239300,1,1,2022
6018,2023-05-05,Bookshelf,Furniture,North,7,39964,17,325,8295,279748,5,2,2023
6019,2022-01-16,Sofa,Furniture,North,16,39757,1,389,3008,636112,1,1,2022
6020,2025-01-18,Bed,Furniture,South,19,49818,11,111,7011,946542,1,1,2025
6021,2025-04-09,Sofa,Furniture,North,17,45898,11,250,9369,780266,4,2,2025
6022,2025-01-19,Dining Table,Furniture,West,14,22031,17,374,9055,308434,1,1,2025
6023,2025-01-09,Wardrobe,Furniture,East,16,34021,3,389,4602,544336,1,1,2025
6024,2023-08-24,Office Chair,Furniture,East,5,17117,16,204,9550,85585,8,3,2023
6025,2024-06-24,Dining Table,Furniture,North,14,14775,14,314,1099,206850,6,2,2024
6026,2024-08-25,Bookshelf,Furniture,North,4,29438,16,308,5905,117752,8,3,2024
6027,2025-08-21,Study Table,Furniture,East,2,41681,10,81,9176,83362,8,3,2025
6028,2023-08-04,Bookshelf,Furniture,West,6,11022,10,91,1339,66132,8,3,2023
6029,2025-04-30,Wardrobe,Furniture,South,1,3561,11,480,2530,3561,4,2,2025
6030,2022-02-05,Bookshelf,Furniture,East,18,49476,17,255,6042,890568,2,1,2022
6031,2023-10-27,Wardrobe,Furniture,South,17,45188,16,316,8674,768196,10,4,2023
6032,2025-04-16,Bed,Furniture,North,20,16494,7,77,1214,329880,4,2,2025
6033,2023-09-19,Office Chair,Furniture,North,12,40311,18,390,2954,483732,9,3,2023
6034,2025-07-11,Sofa,Furniture,West,2,13829,1,479,6423,27658,7,3,2025
6035,2025-06-14,Coffee Table,Furniture,West,16,17527,20,420,5717,280432,6,2,2025
6036,2022-04-09,Coffee Table,Furniture,North,17,47414,7,117,8220,806038,4,2,2022
6037,2024-04-12,Office Chair,Furniture,West,15,23254,4,360,8114,348810,4,2,2024
6038,2024-01-31,Bed,Furniture,North,14,35077,17,332,8287,491078,1,1,2024
6039,2024-11-15,Bookshelf,Furniture,North,4,45252,12,341,1344,181008,11,4,2024
6040,2022-11-06,Coffee Table,Furniture,East,2,8845,14,442,6217,17690,11,4,2022
6041,2024-03-04,Wardrobe,Furniture,East,6,11702,13,213,6606,70212,3,1,2024
6042,2025-09-16,Coffee Table,Furniture,West,20,39313,6,371,5196,786260,9,3,2025
6043,2023-03-20,Sofa,Furniture,North,20,23187,10,325,8313,463740,3,1,2023
6044,2025-10-20,Sofa,Furniture,East,14,45179,8,428,8286,632506,10,4,2025
6045,2023-07-04,Office Chair,Furniture,West,17,43156,2,373,4533,733652,7,3,2023
6046,2025-02-03,Bed,Furniture,North,16,20009,7,346,8879,320144,2,1,2025
6047,2024-05-08,Dining Table,Furniture,East,6,18572,6,324,9923,111432,5,2,2024
6048,2024-10-06,Dining Table,Furniture,South,14,26919,10,271,6668,376866,10,4,2024
6049,2024-04-12,Wardrobe,Furniture,South,7,20244,20,283,3167,141708,4,2,2024
6050,2023-08-26,Wardrobe,Furniture,North,13,13733,2,110,4071,178529,8,3,2023
6051,2022-04-23,Office Chair,Furniture,West,11,30757,1,255,9033,338327,4,2,2022
6052,2023-06-05,Bookshelf,Furniture,North,6,21955,15,214,9797,131730,6,2,2023
6053,2022-09-08,Office Chair,Furniture,South,20,48098,17,373,4183,961960,9,3,2022
6054,2022-06-08,Sofa,Furniture,East,19,33073,4,165,5291,628387,6,2,2022
6055,2024-02-25,Bookshelf,Furniture,West,7,29522,6,182,4168,206654,2,1,2024
6056,2023-04-18,Bed,Furniture,West,12,46623,2,470,8945,559476,4,2,2023
6057,2025-02-28,Wardrobe,Furniture,North,4,18762,20,222,2106,75048,2,1,2025
6058,2022-08-23,Office Chair,Furniture,South,2,16594,15,362,7210,33188,8,3,2022
6059,2025-11-13,Bookshelf,Furniture,North,2,37921,16,348,3565,75842,11,4,2025
6060,2025-01-28,Sofa,Furniture,West,1,26261,19,465,4693,26261,1,1,2025
6061,2023-08-13,Dining Table,Furniture,East,5,49280,18,313,6566,246400,8,3,2023
6062,2023-08-14,Study Table,Furniture,West,13,48882,13,164,7331,635466,8,3,2023
6063,2023-02-25,Bed,Furniture,North,18,10778,20,306,3428,194004,2,1,2023
6064,2023-08-07,Coffee Table,Furniture,West,5,33248,2,254,3200,166240,8,3,2023
6065,2024-05-12,Coffee Table,Furniture,South,19,37618,15,252,7100,714742,5,2,2024
6066,2022-01-31,Dining Table,Furniture,North,8,24314,3,336,5500,194512,1,1,2022
6067,2025-10-14,Bookshelf,Furniture,West,20,27089,20,300,8709,541780,10,4,2025
6068,2025-02-08,Bed,Furniture,East,4,20886,0,54,1124,83544,2,1,2025
6069,2025-07-25,Study Table,Furniture,East,5,24827,6,232,6900,124135,7,3,2025
6070,2023-09-26,Bookshelf,Furniture,West,17,40060,16,267,2649,681020,9,3,2023
6071,2024-05-31,Sofa,Furniture,West,1,6050,14,416,6485,6050,5,2,2024
6072,2022-11-18,Office Chair,Furniture,South,17,20051,8,337,7778,340867,11,4,2022
6073,2022-01-23,Bookshelf,Furniture,North,11,10109,9,159,3067,111199,1,1,2022
6074,2023-12-03,Bookshelf,Furniture,West,15,25378,17,84,5385,380670,12,4,2023
6075,2024-12-18,Study Table,Furniture,East,9,32034,5,303,5592,288306,12,4,2024
6076,2025-11-20,Bookshelf,Furniture,South,12,45827,5,246,4205,549924,11,4,2025
6077,2025-12-01,Dining Table,Furniture,East,13,32803,12,143,1184,426439,12,4,2025
6078,2024-12-18,Wardrobe,Furniture,West,11,11009,12,67,3093,121099,12,4,2024
6079,2025-07-16,Wardrobe,Furniture,North,16,43872,19,59,3717,701952,7,3,2025
6080,2022-02-22,Wardrobe,Furniture,East,9,40391,16,497,8346,363519,2,1,2022
6081,2024-07-02,Office Chair,Furniture,South,18,7173,11,342,8077,129114,7,3,2024
6082,2025-04-17,Wardrobe,Furniture,East,12,3525,2,73,1112,42300,4,2,2025
6083,2022-08-09,Bed,Furniture,West,18,42981,16,409,7550,773658,8,3,2022
6084,2025-06-16,Wardrobe,Furniture,East,13,49245,7,336,9857,640185,6,2,2025
6085,2024-07-23,Sofa,Furniture,East,10,18388,20,406,7512,183880,7,3,2024
6086,2025-08-27,Bookshelf,Furniture,East,11,10554,14,134,3439,116094,8,3,2025
6087,2023-05-19,Study Table,Furniture,East,3,19660,7,127,1452,58980,5,2,2023
6088,2022-11-19,Office Chair,Furniture,East,7,8203,6,54,6647,57421,11,4,2022
6089,2023-02-21,Coffee Table,Furniture,East,10,3239,13,259,8144,32390,2,1,2023
6090,2024-10-17,Coffee Table,Furniture,West,19,10570,11,381,5198,200830,10,4,2024
6091,2024-07-01,Office Chair,Furniture,North,10,33577,4,228,4638,335770,7,3,2024
6092,2024-12-16,Coffee Table,Furniture,West,4,5277,18,333,8630,21108,12,4,2024
6093,2023-11-14,Coffee Table,Furniture,West,6,41928,7,172,7528,251568,11,4,2023
6094,2025-08-03,Dining Table,Furniture,North,4,30053,2,188,3756,120212,8,3,2025
6095,2024-11-09,Wardrobe,Furniture,West,3,38637,13,298,7398,115911,11,4,2024
6096,2022-09-28,Wardrobe,Furniture,North,19,40928,3,320,2768,777632,9,3,2022
6097,2024-04-27,Wardrobe,Furniture,North,20,46481,19,75,5552,929620,4,2,2024
6098,2023-03-10,Office Chair,Furniture,North,20,17943,0,183,7103,358860,3,1,2023
6099,2025-11-10,Office Chair,Furniture,North,8,40456,9,500,8628,323648,11,4,2025
6100,2024-10-22,Office Chair,Furniture,North,11,37126,3,471,4767,408386,10,4,2024
6101,2022-07-26,Coffee Table,Furniture,East,6,44072,2,292,1747,264432,7,3,2022
6102,2022-10-07,Sofa,Furniture,East,8,17564,17,97,7342,140512,10,4,2022
6103,2024-09-28,Bed,Furniture,South,8,2654,5,159,3504,21232,9,3,2024
6104,2025-01-03,Study Table,Furniture,South,5,6380,12,145,2203,31900,1,1,2025
6105,2022-11-09,Bed,Furniture,West,15,17672,18,81,9628,265080,11,4,2022
6106,2025-02-12,Sofa,Furniture,West,1,19054,12,372,4003,19054,2,1,2025
6107,2024-10-09,Study Table,Furniture,South,10,9100,12,462,1507,91000,10,4,2024
6108,2023-06-23,Sofa,Furniture,North,3,39679,3,422,3283,119037,6,2,2023
6109,2023-08-29,Office Chair,Furniture,East,14,9664,20,153,4104,135296,8,3,2023
6110,2025-08-09,Dining Table,Furniture,West,5,41700,4,76,1125,208500,8,3,2025
6111,2024-06-08,Bed,Furniture,South,9,28345,11,406,4601,255105,6,2,2024
6112,2022-09-25,Coffee Table,Furniture,East,17,3476,3,433,3373,59092,9,3,2022
6113,2025-06-27,Bed,Furniture,South,18,9407,20,327,9971,169326,6,2,2025
6114,2024-03-29,Coffee Table,Furniture,West,10,36099,6,370,5112,360990,3,1,2024
6115,2025-11-25,Study Table,Furniture,East,9,25196,18,160,5963,226764,11,4,2025
6116,2025-08-29,Study Table,Furniture,North,20,5449,12,199,8324,108980,8,3,2025
6117,2022-04-17,Bed,Furniture,West,5,24108,1,295,6803,120540,4,2,2022
6118,2025-11-30,Wardrobe,Furniture,East,2,38788,14,224,3413,77576,11,4,2025
6119,2025-08-09,Wardrobe,Furniture,South,7,17055,20,138,8525,119385,8,3,2025
6120,2023-01-28,Bed,Furniture,East,2,33661,9,417,4776,67322,1,1,2023
6121,2022-06-09,Coffee Table,Furniture,East,16,30496,13,199,7060,487936,6,2,2022
6122,2022-06-11,Coffee Table,Furniture,North,17,28117,14,83,4014,477989,6,2,2022
6123,2022-11-08,Wardrobe,Furniture,South,5,13788,0,213,6339,68940,11,4,2022
6124,2024-02-25,Sofa,Furniture,East,1,5038,16,194,4891,5038,2,1,2024
6125,2022-04-05,Bookshelf,Furniture,West,15,27392,1,386,5500,410880,4,2,2022
6126,2022-02-23,Bookshelf,Furniture,East,16,27655,15,368,6426,442480,2,1,2022
6127,2022-08-09,Bed,Furniture,West,7,14959,7,75,8190,104713,8,3,2022
6128,2022-08-28,Study Table,Furniture,North,12,10919,11,291,4011,131028,8,3,2022
6129,2022-10-29,Office Chair,Furniture,North,9,34862,5,354,4880,313758,10,4,2022
6130,2025-05-01,Office Chair,Furniture,West,15,25537,3,409,6512,383055,5,2,2025
6131,2025-03-23,Dining Table,Furniture,East,16,2968,0,411,7305,47488,3,1,2025
6132,2022-12-01,Dining Table,Furniture,East,8,20544,12,356,9243,164352,12,4,2022
6133,2022-12-13,Bed,Furniture,West,2,28810,9,108,5656,57620,12,4,2022
6134,2023-09-10,Coffee Table,Furniture,East,12,31219,12,141,5735,374628,9,3,2023
6135,2023-12-07,Dining Table,Furniture,South,20,15786,19,409,8103,315720,12,4,2023
6136,2022-08-09,Coffee Table,Furniture,South,9,37049,9,346,5482,333441,8,3,2022
6137,2025-09-21,Bookshelf,Furniture,North,13,48903,0,435,3450,635739,9,3,2025
6138,2024-12-07,Bookshelf,Furniture,North,19,17689,16,245,3416,336091,12,4,2024
6139,2024-08-27,Wardrobe,Furniture,West,11,39853,17,393,1272,438383,8,3,2024
6140,2022-12-28,Coffee Table,Furniture,South,6,8871,20,445,6705,53226,12,4,2022
6141,2025-04-19,Wardrobe,Furniture,West,20,2002,9,230,3625,40040,4,2,2025
6142,2022-08-14,Bed,Furniture,South,3,47138,11,77,9886,141414,8,3,2022
6143,2024-07-19,Study Table,Furniture,South,14,31093,16,286,1961,435302,7,3,2024
6144,2024-05-13,Study Table,Furniture,South,13,7254,17,266,3416,94302,5,2,2024
6145,2023-12-30,Dining Table,Furniture,North,13,34641,2,336,2956,450333,12,4,2023
6146,2022-06-09,Coffee Table,Furniture,North,7,11148,20,115,8352,78036,6,2,2022
6147,2025-07-09,Bookshelf,Furniture,South,18,23369,17,457,5334,420642,7,3,2025
6148,2022-06-20,Bookshelf,Furniture,South,2,36864,0,134,4347,73728,6,2,2022
6149,2022-03-03,Office Chair,Furniture,South,18,31336,1,474,6206,564048,3,1,2022
6150,2023-07-21,Wardrobe,Furniture,West,3,49474,7,351,3471,148422,7,3,2023
6151,2025-10-18,Bookshelf,Furniture,West,3,42642,17,120,4318,127926,10,4,2025
6152,2023-12-15,Bookshelf,Furniture,West,19,13869,20,464,1233,263511,12,4,2023
6153,2025-01-23,Wardrobe,Furniture,West,7,3246,5,334,1374,22722,1,1,2025
6154,2022-04-28,Study Table,Furniture,South,19,37271,17,290,4125,708149,4,2,2022
6155,2025-09-15,Office Chair,Furniture,East,9,45647,20,420,7029,410823,9,3,2025
6156,2024-01-13,Wardrobe,Furniture,South,2,38306,3,407,7241,76612,1,1,2024
6157,2025-01-02,Coffee Table,Furniture,East,16,9739,0,314,5792,155824,1,1,2025
6158,2024-02-09,Coffee Table,Furniture,West,10,16244,7,348,4531,162440,2,1,2024
6159,2022-02-19,Study Table,Furniture,West,7,37442,14,380,1183,262094,2,1,2022
6160,2024-12-13,Dining Table,Furniture,South,10,29241,12,391,9693,292410,12,4,2024
6161,2025-02-25,Study Table,Furniture,East,18,6740,17,116,9487,121320,2,1,2025
6162,2023-10-30,Sofa,Furniture,North,16,35622,19,262,3457,569952,10,4,2023
6163,2025-12-05,Study Table,Furniture,West,11,13240,20,56,3690,145640,12,4,2025
6164,2024-01-25,Bed,Furniture,East,20,28205,7,289,9647,564100,1,1,2024
6165,2025-04-28,Dining Table,Furniture,South,2,8227,12,217,7537,16454,4,2,2025
6166,2024-07-20,Wardrobe,Furniture,West,3,21773,4,169,2093,65319,7,3,2024
6167,2024-02-01,Bookshelf,Furniture,West,13,12843,7,370,3445,166959,2,1,2024
6168,2024-12-28,Coffee Table,Furniture,East,16,43394,1,234,3285,694304,12,4,2024
6169,2025-01-02,Study Table,Furniture,North,6,35292,0,271,4741,211752,1,1,2025
6170,2025-10-24,Bed,Furniture,North,3,47478,10,434,1799,142434,10,4,2025
6171,2023-07-09,Wardrobe,Furniture,West,9,18560,0,491,1551,167040,7,3,2023
6172,2024-06-20,Sofa,Furniture,North,20,44408,16,478,9828,888160,6,2,2024
6173,2022-02-28,Study Table,Furniture,West,16,13411,2,487,3020,214576,2,1,2022
6174,2023-06-22,Dining Table,Furniture,East,19,49845,16,195,4661,947055,6,2,2023
6175,2025-08-11,Office Chair,Furniture,East,20,37111,20,69,8132,742220,8,3,2025
6176,2024-11-24,Bookshelf,Furniture,South,3,11940,16,77,4260,35820,11,4,2024
6177,2025-09-17,Bookshelf,Furniture,East,9,16245,7,480,9734,146205,9,3,2025
6178,2025-04-17,Study Table,Furniture,West,6,21676,8,143,4008,130056,4,2,2025
6179,2025-08-10,Coffee Table,Furniture,South,12,20466,13,489,2381,245592,8,3,2025
6180,2022-12-10,Wardrobe,Furniture,East,12,24715,4,484,8150,296580,12,4,2022
6181,2022-11-19,Wardrobe,Furniture,East,1,28234,16,464,3601,28234,11,4,2022
6182,2025-01-22,Bookshelf,Furniture,South,8,25412,11,235,5943,203296,1,1,2025
6183,2022-07-01,Dining Table,Furniture,South,7,37575,8,336,2281,263025,7,3,2022
6184,2025-03-25,Coffee Table,Furniture,North,1,21447,6,115,7855,21447,3,1,2025
6185,2022-10-28,Bookshelf,Furniture,West,12,27973,20,215,2475,335676,10,4,2022
6186,2024-02-10,Wardrobe,Furniture,South,15,16050,18,402,5174,240750,2,1,2024
6187,2024-04-11,Dining Table,Furniture,West,18,8605,20,189,2235,154890,4,2,2024
6188,2022-04-17,Office Chair,Furniture,North,18,17902,6,431,5698,322236,4,2,2022
6189,2025-09-15,Wardrobe,Furniture,West,7,20748,2,61,3589,145236,9,3,2025
6190,2025-05-03,Dining Table,Furniture,North,11,34351,13,323,6002,377861,5,2,2025
6191,2022-05-26,Dining Table,Furniture,West,1,22665,9,183,8973,22665,5,2,2022
6192,2025-11-14,Bookshelf,Furniture,West,2,21501,7,53,9043,43002,11,4,2025
6193,2022-02-05,Dining Table,Furniture,North,11,45437,1,355,8384,499807,2,1,2022
6194,2023-01-18,Dining Table,Furniture,East,16,6360,2,462,4098,101760,1,1,2023
6195,2025-06-20,Bed,Furniture,West,12,4973,8,484,5990,59676,6,2,2025
6196,2024-04-07,Dining Table,Furniture,South,4,46993,2,278,5277,187972,4,2,2024
6197,2025-06-16,Dining Table,Furniture,West,10,28784,2,55,4444,287840,6,2,2025
6198,2025-01-27,Office Chair,Furniture,West,12,28578,20,409,5506,342936,1,1,2025
6199,2025-11-17,Dining Table,Furniture,South,4,49547,8,405,3373,198188,11,4,2025
6200,2024-04-14,Bed,Furniture,North,20,34348,12,469,5471,686960,4,2,2024
6201,2024-05-24,Study Table,Furniture,North,10,21797,5,228,3976,217970,5,2,2024
6202,2022-11-05,Sofa,Furniture,West,3,13544,2,82,6576,40632,11,4,2022
6203,2024-08-26,Coffee Table,Furniture,East,20,10022,1,140,9597,200440,8,3,2024
6204,2023-08-06,Coffee Table,Furniture,East,1,40695,1,84,2093,40695,8,3,2023
6205,2024-02-24,Dining Table,Furniture,South,15,27792,7,122,6876,416880,2,1,2024
6206,2024-02-27,Study Table,Furniture,North,12,49842,10,67,8600,598104,2,1,2024
6207,2022-11-15,Office Chair,Furniture,East,10,14128,5,109,4740,141280,11,4,2022
6208,2024-09-26,Office Chair,Furniture,East,3,14294,7,376,8481,42882,9,3,2024
6209,2023-09-08,Wardrobe,Furniture,East,10,39063,15,367,7482,390630,9,3,2023
6210,2025-08-08,Bookshelf,Furniture,South,4,32548,1,122,3767,130192,8,3,2025
6211,2022-05-04,Bookshelf,Furniture,West,4,42776,19,123,1233,171104,5,2,2022
6212,2024-03-03,Dining Table,Furniture,South,20,23079,6,315,5473,461580,3,1,2024
6213,2025-05-11,Wardrobe,Furniture,West,17,23962,19,266,4380,407354,5,2,2025
6214,2024-12-23,Bookshelf,Furniture,East,11,48102,20,272,3695,529122,12,4,2024
6215,2025-05-04,Study Table,Furniture,East,17,9527,19,338,8857,161959,5,2,2025
6216,2023-10-08,Dining Table,Furniture,North,18,6007,15,50,5628,108126,10,4,2023
6217,2022-03-12,Study Table,Furniture,South,20,18313,14,303,5947,366260,3,1,2022
6218,2025-01-25,Dining Table,Furniture,West,10,33787,16,321,5961,337870,1,1,2025
6219,2023-12-12,Study Table,Furniture,West,5,8213,5,284,2996,41065,12,4,2023
6220,2023-05-06,Study Table,Furniture,West,18,38413,2,450,8253,691434,5,2,2023
6221,2023-11-29,Bookshelf,Furniture,North,16,25161,9,316,9482,402576,11,4,2023
6222,2022-09-10,Coffee Table,Furniture,West,4,22716,3,52,5898,90864,9,3,2022
6223,2025-06-25,Wardrobe,Furniture,West,11,5968,15,343,1964,65648,6,2,2025
6224,2024-08-18,Study Table,Furniture,North,9,47845,0,299,3846,430605,8,3,2024
6225,2025-11-08,Office Chair,Furniture,South,17,2607,20,305,9039,44319,11,4,2025
6226,2022-04-09,Bed,Furniture,East,18,36147,10,122,1379,650646,4,2,2022
6227,2025-04-17,Coffee Table,Furniture,South,4,49589,1,400,7329,198356,4,2,2025
6228,2024-11-13,Dining Table,Furniture,East,7,3478,19,233,2226,24346,11,4,2024
6229,2022-07-24,Sofa,Furniture,West,7,18363,0,239,3726,128541,7,3,2022
6230,2024-02-28,Sofa,Furniture,North,8,34035,20,241,7684,272280,2,1,2024
6231,2022-01-06,Wardrobe,Furniture,East,7,36011,11,384,8654,252077,1,1,2022
6232,2024-06-10,Study Table,Furniture,South,12,11448,7,396,4948,137376,6,2,2024
6233,2024-10-25,Dining Table,Furniture,South,20,23619,3,157,7765,472380,10,4,2024
6234,2023-05-26,Dining Table,Furniture,South,9,19262,5,327,1154,173358,5,2,2023
6235,2025-10-21,Wardrobe,Furniture,North,15,5180,19,373,7678,77700,10,4,2025
6236,2024-02-24,Coffee Table,Furniture,North,1,2060,18,313,8125,2060,2,1,2024
6237,2023-05-08,Coffee Table,Furniture,North,14,20677,10,486,7583,289478,5,2,2023
6238,2022-08-12,Bookshelf,Furniture,West,3,30645,5,227,2963,91935,8,3,2022
6239,2024-04-04,Wardrobe,Furniture,East,5,14120,19,70,5132,70600,4,2,2024
6240,2023-11-12,Bed,Furniture,North,15,23214,2,330,6659,348210,11,4,2023
6241,2024-04-15,Wardrobe,Furniture,North,16,6608,7,68,8324,105728,4,2,2024
6242,2024-08-25,Bookshelf,Furniture,North,9,19713,3,446,6334,177417,8,3,2024
6243,2022-05-20,Wardrobe,Furniture,South,19,45461,8,490,9514,863759,5,2,2022
6244,2023-11-20,Office Chair,Furniture,North,17,27664,5,470,1784,470288,11,4,2023
6245,2025-05-18,Coffee Table,Furniture,East,8,43669,17,462,1255,349352,5,2,2025
6246,2023-04-28,Study Table,Furniture,West,17,24536,11,432,1182,417112,4,2,2023
6247,2023-07-27,Study Table,Furniture,North,8,27962,17,318,7215,223696,7,3,2023
6248,2023-05-25,Bookshelf,Furniture,South,5,34884,12,123,2097,174420,5,2,2023
6249,2025-05-24,Bed,Furniture,South,9,42719,2,326,9822,384471,5,2,2025
6250,2023-10-07,Office Chair,Furniture,South,3,12636,19,75,2213,37908,10,4,2023
6251,2024-09-09,Bookshelf,Furniture,West,20,21314,2,417,4777,426280,9,3,2024
6252,2022-03-15,Coffee Table,Furniture,East,9,48592,20,189,1357,437328,3,1,2022
6253,2024-02-18,Coffee Table,Furniture,East,14,40808,18,391,3342,571312,2,1,2024
6254,2023-03-19,Office Chair,Furniture,West,1,33860,12,499,8892,33860,3,1,2023
6255,2022-09-24,Bed,Furniture,East,8,14743,13,408,8220,117944,9,3,2022
6256,2025-04-04,Study Table,Furniture,West,4,8202,2,454,5727,32808,4,2,2025
6257,2023-01-21,Study Table,Furniture,East,17,27984,20,66,2114,475728,1,1,2023
6258,2023-07-06,Bookshelf,Furniture,South,19,39136,9,312,6266,743584,7,3,2023
6259,2025-05-12,Wardrobe,Furniture,North,20,42126,19,109,9240,842520,5,2,2025
6260,2025-02-22,Dining Table,Furniture,East,18,41757,15,210,7140,751626,2,1,2025
6261,2025-10-16,Bookshelf,Furniture,North,6,18944,10,392,3281,113664,10,4,2025
6262,2022-01-21,Coffee Table,Furniture,South,1,27235,19,236,5035,27235,1,1,2022
6263,2025-03-06,Sofa,Furniture,North,7,30429,19,425,6175,213003,3,1,2025
6264,2025-03-06,Bed,Furniture,South,1,16205,8,134,1399,16205,3,1,2025
6265,2025-02-07,Bed,Furniture,West,7,15968,4,391,9855,111776,2,1,2025
6266,2024-07-31,Wardrobe,Furniture,South,9,23247,19,98,6022,209223,7,3,2024
6267,2025-06-30,Coffee Table,Furniture,West,12,11817,14,361,4579,141804,6,2,2025
6268,2023-10-09,Office Chair,Furniture,West,6,14454,20,337,9698,86724,10,4,2023
6269,2022-08-09,Dining Table,Furniture,North,15,37634,1,275,5266,564510,8,3,2022
6270,2024-05-29,Coffee Table,Furniture,North,8,36541,10,159,7402,292328,5,2,2024
6271,2025-11-07,Dining Table,Furniture,West,7,43335,17,103,7244,303345,11,4,2025
6272,2025-07-29,Bookshelf,Furniture,West,2,33266,3,415,3307,66532,7,3,2025
6273,2025-01-02,Dining Table,Furniture,North,11,26463,15,490,3708,291093,1,1,2025
6274,2025-05-13,Coffee Table,Furniture,East,18,16386,20,334,3234,294948,5,2,2025
6275,2024-11-18,Bookshelf,Furniture,South,15,24342,16,355,8578,365130,11,4,2024
6276,2024-07-29,Bookshelf,Furniture,South,16,48971,0,160,8776,783536,7,3,2024
6277,2025-02-14,Bookshelf,Furniture,East,18,42471,5,161,3846,764478,2,1,2025
6278,2024-05-16,Sofa,Furniture,North,14,26526,11,66,2677,371364,5,2,2024
6279,2023-01-27,Wardrobe,Furniture,East,8,16867,2,301,6594,134936,1,1,2023
6280,2025-12-08,Coffee Table,Furniture,North,14,48098,14,434,6068,673372,12,4,2025
6281,2023-01-13,Dining Table,Furniture,South,14,44186,13,311,3026,618604,1,1,2023
6282,2024-06-05,Sofa,Furniture,North,16,44412,0,450,6147,710592,6,2,2024
6283,2025-12-17,Dining Table,Furniture,East,12,46586,18,100,4306,559032,12,4,2025
6284,2024-07-06,Coffee Table,Furniture,North,20,13466,10,73,3500,269320,7,3,2024
6285,2022-08-16,Bed,Furniture,East,15,20055,20,80,1629,300825,8,3,2022
6286,2024-04-23,Wardrobe,Furniture,West,14,24491,10,346,7476,342874,4,2,2024
6287,2025-03-28,Coffee Table,Furniture,West,15,10175,4,289,7916,152625,3,1,2025
6288,2025-03-01,Coffee Table,Furniture,North,1,23202,20,258,7132,23202,3,1,2025
6289,2023-06-12,Sofa,Furniture,West,13,16568,16,144,2387,215384,6,2,2023
6290,2022-07-20,Bed,Furniture,North,1,11749,13,344,9689,11749,7,3,2022
6291,2025-08-02,Dining Table,Furniture,North,1,44076,10,80,3817,44076,8,3,2025
6292,2025-06-20,Coffee Table,Furniture,South,6,39848,1,297,2958,239088,6,2,2025
6293,2023-11-17,Study Table,Furniture,South,2,24864,20,389,5977,49728,11,4,2023
6294,2024-11-15,Wardrobe,Furniture,East,11,41848,6,206,9585,460328,11,4,2024
6295,2022-08-06,Dining Table,Furniture,North,13,20314,17,249,3002,264082,8,3,2022
6296,2025-03-16,Wardrobe,Furniture,South,10,19507,12,316,4607,195070,3,1,2025
6297,2025-10-30,Study Table,Furniture,East,15,7151,16,333,8585,107265,10,4,2025
6298,2025-07-27,Bookshelf,Furniture,East,13,6259,4,162,6132,81367,7,3,2025
6299,2025-09-24,Dining Table,Furniture,West,4,32231,4,116,8389,128924,9,3,2025
6300,2024-03-31,Sofa,Furniture,South,8,30656,3,58,3331,245248,3,1,2024
6301,2025-10-16,Wardrobe,Furniture,East,13,34873,15,141,6590,453349,10,4,2025
6302,2024-07-17,Wardrobe,Furniture,West,16,12088,2,290,2928,193408,7,3,2024
6303,2023-04-22,Wardrobe,Furniture,East,5,25855,12,117,6653,129275,4,2,2023
6304,2022-08-03,Coffee Table,Furniture,South,3,22544,2,247,1275,67632,8,3,2022
6305,2023-08-01,Study Table,Furniture,West,19,48996,2,454,4305,930924,8,3,2023
6306,2022-05-21,Bookshelf,Furniture,South,6,26374,18,487,2413,158244,5,2,2022
6307,2025-07-30,Bed,Furniture,East,4,48958,9,478,1179,195832,7,3,2025
6308,2022-05-08,Coffee Table,Furniture,North,12,37122,16,99,7238,445464,5,2,2022
6309,2024-07-21,Wardrobe,Furniture,South,20,25786,0,457,2872,515720,7,3,2024
6310,2025-08-08,Coffee Table,Furniture,North,11,2688,11,208,3001,29568,8,3,2025
6311,2023-06-24,Office Chair,Furniture,West,9,27403,8,176,9869,246627,6,2,2023
6312,2024-09-26,Wardrobe,Furniture,South,9,30215,11,141,7046,271935,9,3,2024
6313,2023-07-18,Study Table,Furniture,East,5,44079,10,167,2385,220395,7,3,2023
6314,2025-07-07,Bookshelf,Furniture,South,15,33685,14,159,7905,505275,7,3,2025
6315,2023-08-26,Study Table,Furniture,South,2,37231,2,127,3206,74462,8,3,2023
6316,2023-09-26,Office Chair,Furniture,South,9,31859,3,354,9105,286731,9,3,2023
6317,2025-07-02,Study Table,Furniture,North,1,14932,6,315,9600,14932,7,3,2025
6318,2025-12-14,Study Table,Furniture,East,11,20988,0,107,3589,230868,12,4,2025
6319,2023-10-17,Coffee Table,Furniture,West,6,36089,14,177,5582,216534,10,4,2023
6320,2025-12-10,Dining Table,Furniture,West,5,24012,17,292,2276,120060,12,4,2025
6321,2022-03-22,Office Chair,Furniture,East,10,49123,17,145,8673,491230,3,1,2022
6322,2022-09-07,Coffee Table,Furniture,South,9,11850,19,490,6460,106650,9,3,2022
6323,2025-08-12,Sofa,Furniture,North,3,37435,16,400,6117,112305,8,3,2025
6324,2023-01-04,Office Chair,Furniture,South,5,3119,15,420,9198,15595,1,1,2023
6325,2023-02-21,Study Table,Furniture,West,19,41966,18,100,9027,797354,2,1,2023
6326,2022-02-18,Coffee Table,Furniture,West,18,17488,17,386,2267,314784,2,1,2022
6327,2023-01-12,Bookshelf,Furniture,South,9,17200,11,388,4130,154800,1,1,2023
6328,2023-02-06,Coffee Table,Furniture,North,11,6221,0,321,9180,68431,2,1,2023
6329,2024-01-15,Bed,Furniture,North,9,30622,17,433,2881,275598,1,1,2024
6330,2023-07-23,Study Table,Furniture,South,11,40421,12,479,9329,444631,7,3,2023
6331,2022-07-16,Study Table,Furniture,West,3,47971,12,476,6697,143913,7,3,2022
6332,2023-07-04,Office Chair,Furniture,North,13,25685,20,391,6659,333905,7,3,2023
6333,2025-03-06,Sofa,Furniture,North,7,26778,1,116,7339,187446,3,1,2025
6334,2025-10-25,Study Table,Furniture,South,15,21628,14,256,8575,324420,10,4,2025
6335,2022-09-20,Coffee Table,Furniture,South,4,21762,8,172,2720,87048,9,3,2022
6336,2025-03-14,Bed,Furniture,East,17,23851,6,289,3043,405467,3,1,2025
6337,2025-06-16,Office Chair,Furniture,West,16,9103,14,217,8930,145648,6,2,2025
6338,2024-04-03,Wardrobe,Furniture,West,4,11459,9,169,5712,45836,4,2,2024
6339,2025-07-07,Study Table,Furniture,West,18,37930,3,438,7225,682740,7,3,2025
6340,2022-04-10,Coffee Table,Furniture,North,4,37297,20,139,8417,149188,4,2,2022
6341,2025-02-20,Sofa,Furniture,South,17,20490,8,365,7810,348330,2,1,2025
6342,2023-10-08,Dining Table,Furniture,East,5,31968,17,432,5664,159840,10,4,2023
6343,2024-03-18,Coffee Table,Furniture,North,14,22855,0,155,8961,319970,3,1,2024
6344,2023-02-18,Dining Table,Furniture,South,10,22530,4,288,7163,225300,2,1,2023
6345,2023-06-11,Bookshelf,Furniture,North,4,12676,1,382,8328,50704,6,2,2023
6346,2022-08-12,Dining Table,Furniture,West,15,24231,20,474,6801,363465,8,3,2022
6347,2022-10-06,Bookshelf,Furniture,East,19,14713,14,70,5086,279547,10,4,2022
6348,2024-12-27,Coffee Table,Furniture,West,2,48407,3,426,7551,96814,12,4,2024
6349,2025-01-08,Coffee Table,Furniture,South,6,28086,14,465,2575,168516,1,1,2025
6350,2022-07-12,Study Table,Furniture,North,20,30461,2,185,7331,609220,7,3,2022
6351,2023-06-22,Coffee Table,Furniture,South,10,37498,0,208,6781,374980,6,2,2023
6352,2022-04-04,Wardrobe,Furniture,East,13,43086,16,77,4224,560118,4,2,2022
6353,2025-04-19,Bed,Furniture,East,8,39960,0,249,5915,319680,4,2,2025
6354,2024-04-18,Wardrobe,Furniture,South,6,30723,0,119,4967,184338,4,2,2024
6355,2022-05-25,Office Chair,Furniture,West,13,35714,16,79,3248,464282,5,2,2022
6356,2024-08-06,Sofa,Furniture,North,17,27296,10,89,5743,464032,8,3,2024
6357,2022-04-05,Office Chair,Furniture,South,9,47309,7,244,6502,425781,4,2,2022
6358,2022-09-21,Office Chair,Furniture,South,3,19376,9,280,7821,58128,9,3,2022
6359,2023-03-31,Bookshelf,Furniture,East,1,26921,15,226,5440,26921,3,1,2023
6360,2023-02-04,Coffee Table,Furniture,South,19,6861,8,238,3842,130359,2,1,2023
6361,2022-01-03,Bed,Furniture,North,2,33392,12,67,2862,66784,1,1,2022
6362,2022-01-23,Wardrobe,Furniture,North,11,30315,17,284,5674,333465,1,1,2022
6363,2023-08-16,Office Chair,Furniture,West,18,40437,11,466,3459,727866,8,3,2023
6364,2023-01-29,Study Table,Furniture,East,14,2638,9,276,5634,36932,1,1,2023
6365,2024-05-01,Coffee Table,Furniture,North,19,5403,0,242,8867,102657,5,2,2024
6366,2025-04-10,Coffee Table,Furniture,East,11,33210,6,367,5283,365310,4,2,2025
6367,2023-01-07,Dining Table,Furniture,West,20,49097,17,159,3973,981940,1,1,2023
6368,2024-01-10,Office Chair,Furniture,East,1,22172,5,112,4955,22172,1,1,2024
6369,2023-05-13,Office Chair,Furniture,South,19,37909,11,160,8289,720271,5,2,2023
6370,2023-09-08,Coffee Table,Furniture,East,9,13650,9,96,6773,122850,9,3,2023
6371,2023-04-30,Bookshelf,Furniture,North,16,5157,11,265,8866,82512,4,2,2023
6372,2023-05-23,Office Chair,Furniture,East,11,12370,4,442,5913,136070,5,2,2023
6373,2025-01-16,Dining Table,Furniture,South,20,49228,16,252,7545,984560,1,1,2025
6374,2023-01-24,Bookshelf,Furniture,East,4,25701,4,115,1018,102804,1,1,2023
6375,2024-01-25,Sofa,Furniture,East,18,47219,5,182,3044,849942,1,1,2024
6376,2023-11-09,Wardrobe,Furniture,South,17,4575,19,223,8107,77775,11,4,2023
6377,2023-07-01,Bed,Furniture,North,11,43695,9,255,4773,480645,7,3,2023
6378,2022-08-07,Wardrobe,Furniture,East,17,47531,6,84,6000,808027,8,3,2022
6379,2025-12-18,Bed,Furniture,North,20,26051,17,418,5194,521020,12,4,2025
6380,2023-08-09,Bed,Furniture,South,9,36457,7,307,3925,328113,8,3,2023
6381,2024-03-18,Wardrobe,Furniture,East,3,18847,6,108,2586,56541,3,1,2024
6382,2024-06-30,Wardrobe,Furniture,East,6,8561,7,114,5075,51366,6,2,2024
6383,2022-07-27,Wardrobe,Furniture,South,9,40164,19,310,7220,361476,7,3,2022
6384,2024-12-16,Wardrobe,Furniture,North,12,47138,6,303,1278,565656,12,4,2024
6385,2025-02-06,Office Chair,Furniture,East,15,19598,19,224,7896,293970,2,1,2025
6386,2024-04-22,Sofa,Furniture,East,4,40665,8,103,7995,162660,4,2,2024
6387,2025-12-16,Study Table,Furniture,North,15,15017,10,474,1860,225255,12,4,2025
6388,2022-05-08,Sofa,Furniture,North,9,25675,4,312,9106,231075,5,2,2022
6389,2024-01-10,Bed,Furniture,West,4,38961,0,351,5633,155844,1,1,2024
6390,2023-05-08,Sofa,Furniture,North,16,38558,16,223,6747,616928,5,2,2023
6391,2025-05-28,Sofa,Furniture,West,5,29650,1,207,3233,148250,5,2,2025
6392,2022-07-14,Dining Table,Furniture,North,20,3280,19,319,8205,65600,7,3,2022
6393,2024-10-29,Bed,Furniture,East,13,42373,20,140,3616,550849,10,4,2024
6394,2025-10-28,Office Chair,Furniture,South,14,20707,12,394,5206,289898,10,4,2025
6395,2024-02-25,Office Chair,Furniture,North,6,4709,1,335,3336,28254,2,1,2024
6396,2025-11-12,Wardrobe,Furniture,South,12,46880,13,73,4617,562560,11,4,2025
6397,2024-09-10,Sofa,Furniture,West,3,49973,6,60,5471,149919,9,3,2024
6398,2024-08-01,Wardrobe,Furniture,East,15,30497,17,136,3901,457455,8,3,2024
6399,2025-05-25,Bed,Furniture,East,3,18574,1,58,9629,55722,5,2,2025
6400,2025-02-23,Office Chair,Furniture,West,12,17808,7,94,2036,213696,2,1,2025
6401,2025-07-19,Dining Table,Furniture,West,14,26117,14,166,9532,365638,7,3,2025
6402,2024-06-12,Wardrobe,Furniture,West,10,13871,8,92,3787,138710,6,2,2024
6403,2023-06-24,Bookshelf,Furniture,West,18,14298,2,68,8639,257364,6,2,2023
6404,2023-08-19,Sofa,Furniture,North,4,28021,19,86,9709,112084,8,3,2023
6405,2024-09-09,Bookshelf,Furniture,South,3,45761,20,408,6667,137283,9,3,2024
6406,2024-09-01,Bed,Furniture,East,9,7301,11,239,9439,65709,9,3,2024
6407,2025-02-15,Dining Table,Furniture,West,18,17851,4,87,3596,321318,2,1,2025
6408,2024-10-24,Coffee Table,Furniture,North,15,12478,13,449,5328,187170,10,4,2024
6409,2023-01-26,Sofa,Furniture,West,3,6233,9,333,1813,18699,1,1,2023
6410,2022-07-29,Bookshelf,Furniture,East,7,23272,12,160,9720,162904,7,3,2022
6411,2022-09-19,Bed,Furniture,North,14,26457,5,225,8387,370398,9,3,2022
6412,2023-11-21,Dining Table,Furniture,South,18,17632,9,84,3438,317376,11,4,2023
6413,2024-11-01,Study Table,Furniture,East,11,31009,10,87,6415,341099,11,4,2024
6414,2024-11-19,Study Table,Furniture,East,19,18981,6,361,1174,360639,11,4,2024
6415,2022-01-04,Wardrobe,Furniture,East,16,10229,2,192,1442,163664,1,1,2022
6416,2025-03-03,Wardrobe,Furniture,North,3,36465,1,411,7489,109395,3,1,2025
6417,2025-12-04,Office Chair,Furniture,East,17,2393,6,133,3289,40681,12,4,2025
6418,2023-06-16,Coffee Table,Furniture,North,9,10445,10,54,2444,94005,6,2,2023
6419,2025-08-07,Wardrobe,Furniture,West,19,45515,1,70,3173,864785,8,3,2025
6420,2024-12-07,Bed,Furniture,South,1,9535,11,195,3700,9535,12,4,2024
6421,2022-08-28,Coffee Table,Furniture,North,13,33209,17,76,1016,431717,8,3,2022
6422,2024-02-17,Coffee Table,Furniture,East,3,12887,2,418,2706,38661,2,1,2024
6423,2022-10-10,Dining Table,Furniture,West,18,23392,0,59,2525,421056,10,4,2022
6424,2024-12-26,Office Chair,Furniture,East,4,37475,15,138,4809,149900,12,4,2024
6425,2023-02-08,Coffee Table,Furniture,South,10,31968,19,315,9259,319680,2,1,2023
6426,2023-06-17,Sofa,Furniture,West,11,39332,18,476,8263,432652,6,2,2023
6427,2023-11-04,Dining Table,Furniture,East,5,29986,7,480,8296,149930,11,4,2023
6428,2024-06-04,Coffee Table,Furniture,West,7,49924,9,112,6059,349468,6,2,2024
6429,2024-02-12,Bed,Furniture,East,15,12322,10,424,5067,184830,2,1,2024
6430,2024-12-25,Sofa,Furniture,South,13,46011,0,377,2121,598143,12,4,2024
6431,2025-05-30,Coffee Table,Furniture,East,3,40527,8,159,7542,121581,5,2,2025
6432,2023-09-19,Dining Table,Furniture,North,19,22742,9,66,5303,432098,9,3,2023
6433,2022-02-18,Study Table,Furniture,North,14,25595,1,160,4570,358330,2,1,2022
6434,2024-11-28,Dining Table,Furniture,East,5,36163,7,346,6161,180815,11,4,2024
6435,2024-06-11,Coffee Table,Furniture,South,17,41179,4,116,5210,700043,6,2,2024
6436,2025-03-30,Bed,Furniture,North,4,20790,7,482,6696,83160,3,1,2025
6437,2024-09-14,Coffee Table,Furniture,West,18,17517,15,53,3721,315306,9,3,2024
6438,2024-12-24,Bed,Furniture,East,11,35548,10,95,6481,391028,12,4,2024
6439,2022-06-20,Dining Table,Furniture,South,12,6556,13,415,2764,78672,6,2,2022
6440,2024-02-03,Office Chair,Furniture,East,15,15635,7,99,6583,234525,2,1,2024
6441,2024-09-18,Wardrobe,Furniture,South,15,8274,3,314,6518,124110,9,3,2024
6442,2025-01-05,Dining Table,Furniture,North,18,18623,5,319,7915,335214,1,1,2025
6443,2022-01-16,Wardrobe,Furniture,South,10,17669,7,484,9933,176690,1,1,2022
6444,2025-03-30,Wardrobe,Furniture,South,4,2558,16,198,7691,10232,3,1,2025
6445,2023-11-18,Wardrobe,Furniture,South,8,25883,15,246,9151,207064,11,4,2023
6446,2025-09-19,Bed,Furniture,West,10,5412,13,165,8519,54120,9,3,2025
6447,2024-02-02,Bed,Furniture,South,6,49446,5,388,1852,296676,2,1,2024
6448,2022-01-03,Wardrobe,Furniture,North,14,17766,9,330,6588,248724,1,1,2022
6449,2022-12-24,Bookshelf,Furniture,South,12,35023,18,437,6759,420276,12,4,2022
6450,2024-12-30,Bookshelf,Furniture,East,16,8240,5,380,4708,131840,12,4,2024
6451,2023-04-25,Bookshelf,Furniture,East,10,20321,11,92,1811,203210,4,2,2023
6452,2024-02-06,Sofa,Furniture,East,2,13582,3,421,7513,27164,2,1,2024
6453,2025-07-30,Office Chair,Furniture,East,20,41072,0,212,2827,821440,7,3,2025
6454,2025-11-16,Coffee Table,Furniture,East,14,16367,19,192,4232,229138,11,4,2025
6455,2025-07-20,Wardrobe,Furniture,East,12,28065,7,156,5326,336780,7,3,2025
6456,2024-09-26,Bed,Furniture,West,1,4034,16,75,3658,4034,9,3,2024
6457,2024-03-01,Coffee Table,Furniture,South,20,41495,7,304,5131,829900,3,1,2024
6458,2025-05-05,Study Table,Furniture,North,20,33257,13,334,5228,665140,5,2,2025
6459,2023-11-18,Office Chair,Furniture,North,11,16728,10,146,7757,184008,11,4,2023
6460,2023-04-14,Study Table,Furniture,East,9,37002,3,428,9977,333018,4,2,2023
6461,2025-12-10,Wardrobe,Furniture,South,11,15538,20,310,6899,170918,12,4,2025
6462,2024-07-02,Office Chair,Furniture,West,16,26275,16,416,2100,420400,7,3,2024
6463,2025-02-20,Study Table,Furniture,West,1,32027,7,100,4611,32027,2,1,2025
6464,2025-08-26,Dining Table,Furniture,East,15,44655,7,263,8314,669825,8,3,2025
6465,2023-03-30,Bed,Furniture,West,7,17611,2,52,4182,123277,3,1,2023
6466,2022-10-23,Coffee Table,Furniture,West,6,2001,5,385,2329,12006,10,4,2022
6467,2023-04-09,Wardrobe,Furniture,West,9,48974,12,154,9944,440766,4,2,2023
6468,2022-06-17,Dining Table,Furniture,North,15,3332,14,203,3524,49980,6,2,2022
6469,2025-07-14,Bookshelf,Furniture,West,10,5343,8,394,2845,53430,7,3,2025
6470,2025-06-04,Coffee Table,Furniture,North,9,31511,17,219,3043,283599,6,2,2025
6471,2023-03-13,Dining Table,Furniture,East,13,7213,17,161,2656,93769,3,1,2023
6472,2025-04-24,Coffee Table,Furniture,East,11,6757,19,278,3418,74327,4,2,2025
6473,2022-11-11,Bed,Furniture,South,2,47408,0,467,6809,94816,11,4,2022
6474,2025-06-18,Office Chair,Furniture,West,8,30599,15,319,9069,244792,6,2,2025
6475,2022-10-31,Study Table,Furniture,South,17,43549,7,309,5436,740333,10,4,2022
6476,2022-05-21,Bookshelf,Furniture,West,17,34544,6,294,3596,587248,5,2,2022
6477,2022-01-21,Bookshelf,Furniture,East,5,23219,8,478,5912,116095,1,1,2022
6478,2023-05-05,Office Chair,Furniture,East,18,48742,9,116,4562,877356,5,2,2023
6479,2025-01-14,Dining Table,Furniture,North,18,3898,2,162,8310,70164,1,1,2025
6480,2025-05-28,Wardrobe,Furniture,South,20,24064,9,410,5213,481280,5,2,2025
6481,2023-07-25,Office Chair,Furniture,North,5,3162,18,382,1443,15810,7,3,2023
6482,2024-05-22,Coffee Table,Furniture,East,9,19534,7,307,8230,175806,5,2,2024
6483,2023-07-25,Coffee Table,Furniture,East,16,35558,19,81,7058,568928,7,3,2023
6484,2024-06-18,Dining Table,Furniture,West,3,31115,19,413,6392,93345,6,2,2024
6485,2024-11-14,Study Table,Furniture,South,19,37031,8,92,2370,703589,11,4,2024
6486,2025-01-23,Sofa,Furniture,East,15,16185,2,314,7999,242775,1,1,2025
6487,2023-10-25,Sofa,Furniture,East,5,14305,3,227,3659,71525,10,4,2023
6488,2025-06-07,Coffee Table,Furniture,West,7,35860,1,227,1146,251020,6,2,2025
6489,2022-05-31,Sofa,Furniture,East,2,16105,12,230,6425,32210,5,2,2022
6490,2022-03-17,Bookshelf,Furniture,North,4,36067,7,416,3355,144268,3,1,2022
6491,2025-07-13,Bed,Furniture,South,1,44689,3,387,3935,44689,7,3,2025
6492,2024-04-05,Wardrobe,Furniture,South,7,26958,5,230,5637,188706,4,2,2024
6493,2025-04-23,Coffee Table,Furniture,East,2,26983,10,335,5624,53966,4,2,2025
6494,2022-10-13,Study Table,Furniture,West,9,21972,4,233,7588,197748,10,4,2022
6495,2022-10-24,Dining Table,Furniture,East,10,38958,17,455,4895,389580,10,4,2022
6496,2023-07-10,Sofa,Furniture,South,20,37849,16,299,8262,756980,7,3,2023
6497,2023-06-19,Wardrobe,Furniture,North,3,22402,7,320,3952,67206,6,2,2023
6498,2023-12-21,Sofa,Furniture,West,18,13391,19,298,8599,241038,12,4,2023
6499,2024-03-12,Dining Table,Furniture,West,7,4914,12,293,6029,34398,3,1,2024
6500,2023-12-13,Bed,Furniture,North,16,38569,19,56,2424,617104,12,4,2023
6501,2023-12-30,Study Table,Furniture,North,10,36867,2,478,6027,368670,12,4,2023
6502,2023-07-21,Study Table,Furniture,North,17,15144,3,61,5677,257448,7,3,2023
6503,2022-05-19,Dining Table,Furniture,East,3,35538,5,451,9558,106614,5,2,2022
6504,2025-07-25,Bookshelf,Furniture,North,20,29415,9,213,9159,588300,7,3,2025
6505,2022-04-16,Coffee Table,Furniture,North,14,5949,8,350,1973,83286,4,2,2022
6506,2023-10-26,Study Table,Furniture,North,20,39066,5,401,1816,781320,10,4,2023
6507,2023-05-23,Bed,Furniture,South,11,25767,9,342,2801,283437,5,2,2023
6508,2024-05-20,Sofa,Furniture,West,18,22228,16,430,7706,400104,5,2,2024
6509,2024-06-22,Office Chair,Furniture,West,19,41145,1,144,8881,781755,6,2,2024
6510,2025-07-04,Study Table,Furniture,West,1,34714,1,154,1393,34714,7,3,2025
6511,2025-11-26,Study Table,Furniture,East,16,18632,18,185,2597,298112,11,4,2025
6512,2025-05-15,Coffee Table,Furniture,West,15,38163,13,195,3749,572445,5,2,2025
6513,2025-01-09,Bed,Furniture,East,13,8755,4,121,7745,113815,1,1,2025
6514,2023-09-09,Bed,Furniture,South,13,23762,14,64,5273,308906,9,3,2023
6515,2025-08-31,Bookshelf,Furniture,East,12,9973,4,360,1004,119676,8,3,2025
6516,2025-10-01,Coffee Table,Furniture,North,19,3668,2,355,8311,69692,10,4,2025
6517,2024-10-28,Sofa,Furniture,South,19,22478,8,124,9331,427082,10,4,2024
6518,2024-01-17,Bookshelf,Furniture,West,19,13218,10,260,7775,251142,1,1,2024
6519,2022-09-30,Bed,Furniture,East,15,29285,4,466,8946,439275,9,3,2022
6520,2023-01-02,Bookshelf,Furniture,West,15,5655,5,428,6591,84825,1,1,2023
6521,2023-08-20,Dining Table,Furniture,East,13,36618,1,181,5310,476034,8,3,2023
6522,2024-01-18,Wardrobe,Furniture,North,17,13142,18,269,1484,223414,1,1,2024
6523,2022-01-18,Wardrobe,Furniture,East,15,46298,17,88,6353,694470,1,1,2022
6524,2022-02-16,Sofa,Furniture,West,5,25907,19,224,7648,129535,2,1,2022
6525,2023-10-09,Dining Table,Furniture,South,17,20793,4,160,3975,353481,10,4,2023
6526,2022-12-22,Bookshelf,Furniture,West,2,25707,11,391,8177,51414,12,4,2022
6527,2022-01-19,Office Chair,Furniture,West,18,30637,5,251,1776,551466,1,1,2022
6528,2024-01-16,Sofa,Furniture,West,2,37417,1,220,8381,74834,1,1,2024
6529,2024-02-18,Study Table,Furniture,East,4,44733,19,396,5769,178932,2,1,2024
6530,2023-06-06,Coffee Table,Furniture,South,5,41080,15,404,4546,205400,6,2,2023
6531,2024-07-02,Dining Table,Furniture,South,3,41680,4,85,8740,125040,7,3,2024
6532,2024-12-12,Sofa,Furniture,West,9,13948,2,105,6551,125532,12,4,2024
6533,2022-09-10,Bed,Furniture,West,12,17062,20,84,8822,204744,9,3,2022
6534,2024-07-04,Dining Table,Furniture,East,14,20151,7,77,2461,282114,7,3,2024
6535,2024-02-07,Study Table,Furniture,South,2,47502,19,123,9231,95004,2,1,2024
6536,2024-05-23,Office Chair,Furniture,East,7,24327,4,471,3086,170289,5,2,2024
6537,2025-05-28,Study Table,Furniture,North,1,40018,2,278,5339,40018,5,2,2025
6538,2024-12-17,Wardrobe,Furniture,East,15,8423,5,415,1086,126345,12,4,2024
6539,2024-11-21,Bed,Furniture,East,9,14930,0,305,6048,134370,11,4,2024
6540,2023-06-25,Bookshelf,Furniture,North,8,37931,1,113,1558,303448,6,2,2023
6541,2023-11-24,Office Chair,Furniture,West,14,11768,10,450,8260,164752,11,4,2023
6542,2025-06-18,Dining Table,Furniture,North,19,26739,4,375,9895,508041,6,2,2025
6543,2024-12-02,Bookshelf,Furniture,South,17,25555,17,461,5901,434435,12,4,2024
6544,2025-07-18,Wardrobe,Furniture,East,10,39824,16,117,1051,398240,7,3,2025
6545,2024-07-19,Bed,Furniture,East,8,19690,12,166,5321,157520,7,3,2024
6546,2024-05-21,Bed,Furniture,North,8,39955,5,418,9407,319640,5,2,2024
6547,2024-01-07,Office Chair,Furniture,West,2,29865,20,225,6102,59730,1,1,2024
6548,2022-05-30,Coffee Table,Furniture,North,4,11668,4,434,9028,46672,5,2,2022
6549,2025-12-01,Office Chair,Furniture,North,20,29397,7,254,7602,587940,12,4,2025
6550,2022-09-16,Bed,Furniture,South,10,8046,11,368,9830,80460,9,3,2022
6551,2023-11-30,Dining Table,Furniture,South,19,37780,8,179,1691,717820,11,4,2023
6552,2025-11-21,Study Table,Furniture,South,5,31951,1,210,2153,159755,11,4,2025
6553,2023-01-28,Bed,Furniture,South,13,20739,18,65,7541,269607,1,1,2023
6554,2022-06-23,Coffee Table,Furniture,South,12,11457,11,180,3242,137484,6,2,2022
6555,2023-06-10,Coffee Table,Furniture,South,19,33600,3,142,2876,638400,6,2,2023
6556,2024-04-30,Study Table,Furniture,South,12,12846,3,494,5510,154152,4,2,2024
6557,2023-04-23,Wardrobe,Furniture,West,5,21384,15,314,5375,106920,4,2,2023
6558,2023-07-08,Dining Table,Furniture,North,20,39984,14,324,9065,799680,7,3,2023
6559,2022-06-23,Bookshelf,Furniture,North,12,28064,3,334,3201,336768,6,2,2022
6560,2025-08-13,Office Chair,Furniture,North,19,12348,11,455,4045,234612,8,3,2025
6561,2025-12-07,Dining Table,Furniture,North,17,19493,9,448,2255,331381,12,4,2025
6562,2025-03-30,Dining Table,Furniture,East,11,6615,12,373,9287,72765,3,1,2025
6563,2022-11-05,Dining Table,Furniture,South,3,3595,20,242,5750,10785,11,4,2022
6564,2025-06-11,Study Table,Furniture,West,16,48532,5,200,2925,776512,6,2,2025
6565,2022-10-24,Study Table,Furniture,West,18,46904,0,427,4260,844272,10,4,2022
6566,2025-12-18,Wardrobe,Furniture,West,1,20518,2,170,5226,20518,12,4,2025
6567,2022-04-03,Sofa,Furniture,East,11,45916,12,275,2648,505076,4,2,2022
6568,2022-02-04,Bed,Furniture,East,3,26419,12,214,5100,79257,2,1,2022
6569,2022-09-10,Coffee Table,Furniture,West,7,24601,13,363,9300,172207,9,3,2022
6570,2025-12-24,Dining Table,Furniture,South,16,11313,19,425,7210,181008,12,4,2025
6571,2024-02-27,Bookshelf,Furniture,South,17,28417,14,122,3401,483089,2,1,2024
6572,2024-01-26,Office Chair,Furniture,East,18,21582,11,318,9416,388476,1,1,2024
6573,2022-08-21,Coffee Table,Furniture,West,20,21483,6,267,1287,429660,8,3,2022
6574,2022-01-02,Sofa,Furniture,West,8,7432,10,276,3031,59456,1,1,2022
6575,2022-07-06,Sofa,Furniture,North,13,36864,16,220,2159,479232,7,3,2022
6576,2025-11-11,Bed,Furniture,North,11,20253,10,222,8620,222783,11,4,2025
6577,2025-04-06,Sofa,Furniture,South,18,28165,15,179,1682,506970,4,2,2025
6578,2023-03-15,Bed,Furniture,East,13,6995,9,443,3101,90935,3,1,2023
6579,2024-04-26,Bed,Furniture,South,13,20016,5,311,7037,260208,4,2,2024
6580,2023-09-23,Wardrobe,Furniture,East,2,7172,19,293,3838,14344,9,3,2023
6581,2024-06-22,Sofa,Furniture,West,2,6285,12,241,1408,12570,6,2,2024
6582,2022-03-25,Bookshelf,Furniture,West,14,46066,18,193,2679,644924,3,1,2022
6583,2025-06-16,Study Table,Furniture,South,6,4875,0,368,9213,29250,6,2,2025
6584,2025-05-23,Bookshelf,Furniture,East,9,40620,4,353,1011,365580,5,2,2025
6585,2023-11-30,Wardrobe,Furniture,West,8,16164,4,270,6373,129312,11,4,2023
6586,2025-10-27,Dining Table,Furniture,West,18,37940,7,482,2320,682920,10,4,2025
6587,2023-07-15,Bookshelf,Furniture,East,17,31574,3,194,8894,536758,7,3,2023
6588,2023-05-14,Wardrobe,Furniture,West,11,25881,10,256,5530,284691,5,2,2023
6589,2025-10-16,Sofa,Furniture,South,14,45443,10,295,4109,636202,10,4,2025
6590,2024-12-16,Wardrobe,Furniture,East,9,43914,3,197,4973,395226,12,4,2024
6591,2023-10-07,Dining Table,Furniture,West,19,18027,20,198,6954,342513,10,4,2023
6592,2024-04-19,Wardrobe,Furniture,East,2,35247,3,333,3475,70494,4,2,2024
6593,2024-11-29,Study Table,Furniture,West,5,3982,6,295,9253,19910,11,4,2024
6594,2025-02-20,Study Table,Furniture,East,3,4096,8,454,4669,12288,2,1,2025
6595,2024-05-29,Wardrobe,Furniture,North,3,26148,1,378,1648,78444,5,2,2024
6596,2023-11-07,Office Chair,Furniture,West,3,17183,7,213,9255,51549,11,4,2023
6597,2025-11-19,Sofa,Furniture,East,14,17265,7,292,5862,241710,11,4,2025
6598,2022-10-27,Study Table,Furniture,North,15,17071,3,489,7817,256065,10,4,2022
6599,2024-07-26,Dining Table,Furniture,North,13,45920,17,220,5528,596960,7,3,2024
6600,2023-11-06,Study Table,Furniture,West,11,6014,6,255,9659,66154,11,4,2023
6601,2024-11-29,Sofa,Furniture,West,18,36719,7,175,1051,660942,11,4,2024
6602,2025-10-21,Dining Table,Furniture,North,18,19390,16,88,1270,349020,10,4,2025
6603,2023-11-15,Wardrobe,Furniture,South,5,33796,1,346,9533,168980,11,4,2023
6604,2022-09-02,Office Chair,Furniture,North,5,41864,16,226,9143,209320,9,3,2022
6605,2024-07-22,Office Chair,Furniture,South,17,13772,4,258,6282,234124,7,3,2024
6606,2023-04-14,Bookshelf,Furniture,North,7,5771,14,260,2250,40397,4,2,2023
6607,2022-02-06,Office Chair,Furniture,West,13,24454,14,491,1439,317902,2,1,2022
6608,2023-07-14,Dining Table,Furniture,East,17,20242,16,95,2154,344114,7,3,2023
6609,2024-10-05,Bed,Furniture,East,16,47415,2,300,2597,758640,10,4,2024
6610,2025-07-14,Study Table,Furniture,North,2,28030,8,51,1327,56060,7,3,2025
6611,2024-01-16,Bookshelf,Furniture,North,4,42231,7,206,2011,168924,1,1,2024
6612,2025-06-11,Bookshelf,Furniture,North,6,41656,4,482,6852,249936,6,2,2025
6613,2023-05-26,Coffee Table,Furniture,West,9,19520,20,356,3764,175680,5,2,2023
6614,2024-06-17,Sofa,Furniture,North,17,22557,9,443,2299,383469,6,2,2024
6615,2025-08-16,Study Table,Furniture,North,2,17203,13,75,4582,34406,8,3,2025
6616,2022-03-13,Bed,Furniture,North,9,39918,12,335,5562,359262,3,1,2022
6617,2022-08-13,Bookshelf,Furniture,East,6,29736,7,310,7590,178416,8,3,2022
6618,2024-08-08,Dining Table,Furniture,South,1,35997,3,342,8698,35997,8,3,2024
6619,2024-08-25,Coffee Table,Furniture,East,17,42455,11,175,1444,721735,8,3,2024
6620,2024-03-30,Wardrobe,Furniture,West,19,43627,19,481,1950,828913,3,1,2024
6621,2025-04-22,Coffee Table,Furniture,South,3,14235,8,299,2713,42705,4,2,2025
6622,2024-07-08,Bookshelf,Furniture,North,7,4298,1,262,6157,30086,7,3,2024
6623,2025-02-25,Wardrobe,Furniture,West,18,11219,1,498,9568,201942,2,1,2025
6624,2025-05-24,Sofa,Furniture,West,20,7852,11,190,4422,157040,5,2,2025
6625,2022-01-28,Dining Table,Furniture,East,6,37763,19,133,5447,226578,1,1,2022
6626,2025-11-02,Sofa,Furniture,South,8,35929,8,399,9307,287432,11,4,2025
6627,2023-09-26,Bed,Furniture,South,6,7903,1,375,4671,47418,9,3,2023
6628,2024-10-02,Wardrobe,Furniture,North,11,23442,9,443,5828,257862,10,4,2024
6629,2023-05-19,Sofa,Furniture,West,9,15370,0,214,2273,138330,5,2,2023
6630,2023-08-01,Office Chair,Furniture,West,3,15944,0,498,2143,47832,8,3,2023
6631,2025-10-09,Dining Table,Furniture,South,18,45271,19,394,4821,814878,10,4,2025
6632,2022-09-14,Sofa,Furniture,West,5,32741,19,312,6184,163705,9,3,2022
6633,2024-01-30,Office Chair,Furniture,East,13,30467,7,251,6343,396071,1,1,2024
6634,2024-05-23,Study Table,Furniture,South,6,19076,14,389,9541,114456,5,2,2024
6635,2025-10-24,Study Table,Furniture,South,16,46487,15,90,1625,743792,10,4,2025
6636,2023-09-17,Dining Table,Furniture,West,20,38430,19,459,4866,768600,9,3,2023
6637,2025-12-14,Bookshelf,Furniture,South,7,25342,7,421,6804,177394,12,4,2025
6638,2022-07-18,Bookshelf,Furniture,West,8,37726,14,492,4093,301808,7,3,2022
6639,2022-01-02,Wardrobe,Furniture,South,15,42974,3,126,6705,644610,1,1,2022
6640,2025-02-02,Bookshelf,Furniture,South,5,16235,14,323,9221,81175,2,1,2025
6641,2023-11-13,Coffee Table,Furniture,South,3,31992,8,382,7205,95976,11,4,2023
6642,2025-04-28,Bed,Furniture,West,1,26691,6,102,6510,26691,4,2,2025
6643,2023-02-07,Wardrobe,Furniture,West,4,11222,3,212,8270,44888,2,1,2023
6644,2023-09-22,Office Chair,Furniture,North,2,17491,16,340,8357,34982,9,3,2023
6645,2022-05-21,Coffee Table,Furniture,West,12,18682,13,464,8956,224184,5,2,2022
6646,2022-12-30,Study Table,Furniture,North,1,3341,19,360,4178,3341,12,4,2022
6647,2025-04-24,Bed,Furniture,South,1,16392,2,60,8716,16392,4,2,2025
6648,2025-01-03,Coffee Table,Furniture,South,5,23342,20,65,5481,116710,1,1,2025
6649,2023-07-10,Bookshelf,Furniture,South,20,39182,17,73,5526,783640,7,3,2023
6650,2024-08-04,Dining Table,Furniture,North,7,23673,7,125,4075,165711,8,3,2024
6651,2025-10-03,Coffee Table,Furniture,East,1,16680,20,292,9176,16680,10,4,2025
6652,2025-03-28,Bookshelf,Furniture,East,1,6681,3,396,5456,6681,3,1,2025
6653,2023-05-21,Study Table,Furniture,North,8,34230,10,164,4867,273840,5,2,2023
6654,2023-11-07,Sofa,Furniture,East,18,38383,17,270,2947,690894,11,4,2023
6655,2023-04-04,Bed,Furniture,South,17,48875,15,428,6858,830875,4,2,2023
6656,2023-03-08,Wardrobe,Furniture,North,6,39621,12,145,5046,237726,3,1,2023
6657,2023-09-28,Dining Table,Furniture,North,3,4096,18,193,2467,12288,9,3,2023
6658,2024-03-18,Dining Table,Furniture,North,5,41156,9,338,6692,205780,3,1,2024
6659,2025-11-12,Office Chair,Furniture,North,19,31280,14,394,7527,594320,11,4,2025
6660,2022-05-15,Wardrobe,Furniture,North,19,21908,12,421,2772,416252,5,2,2022
6661,2025-04-30,Office Chair,Furniture,South,4,31090,14,253,2558,124360,4,2,2025
6662,2022-04-18,Coffee Table,Furniture,West,17,16865,18,382,4781,286705,4,2,2022
6663,2022-06-13,Bookshelf,Furniture,North,13,30458,15,371,6455,395954,6,2,2022
6664,2022-09-26,Office Chair,Furniture,West,1,12517,16,128,5171,12517,9,3,2022
6665,2022-06-29,Sofa,Furniture,West,17,31963,17,478,4342,543371,6,2,2022
6666,2025-05-29,Bed,Furniture,East,3,24938,11,220,6033,74814,5,2,2025
6667,2025-04-07,Sofa,Furniture,West,6,16896,19,70,6495,101376,4,2,2025
6668,2023-03-14,Dining Table,Furniture,West,19,42521,0,115,8753,807899,3,1,2023
6669,2025-09-16,Office Chair,Furniture,West,2,2684,7,161,5774,5368,9,3,2025
6670,2024-10-04,Dining Table,Furniture,North,13,38811,9,475,1046,504543,10,4,2024
6671,2023-12-05,Coffee Table,Furniture,South,16,4209,6,262,6992,67344,12,4,2023
6672,2022-05-14,Study Table,Furniture,North,20,4042,4,364,2116,80840,5,2,2022
6673,2023-05-12,Bed,Furniture,North,9,12405,19,274,1202,111645,5,2,2023
6674,2025-03-03,Bookshelf,Furniture,North,4,7784,11,487,1942,31136,3,1,2025
6675,2025-09-18,Bed,Furniture,West,20,41229,6,78,8544,824580,9,3,2025
6676,2022-10-19,Bookshelf,Furniture,North,10,25948,9,63,4594,259480,10,4,2022
6677,2023-08-11,Bed,Furniture,South,7,29686,18,215,6916,207802,8,3,2023
6678,2022-07-19,Dining Table,Furniture,West,9,8647,7,456,5530,77823,7,3,2022
6679,2023-05-18,Coffee Table,Furniture,South,18,38109,18,218,3398,685962,5,2,2023
6680,2022-10-12,Coffee Table,Furniture,South,2,10136,19,339,4443,20272,10,4,2022
6681,2025-05-15,Office Chair,Furniture,South,11,36036,2,311,1630,396396,5,2,2025
6682,2022-11-10,Office Chair,Furniture,West,20,30925,13,263,9767,618500,11,4,2022
6683,2023-06-24,Dining Table,Furniture,South,18,38679,18,350,2640,696222,6,2,2023
6684,2022-06-08,Bed,Furniture,West,18,8050,11,477,3887,144900,6,2,2022
6685,2025-01-10,Sofa,Furniture,West,1,29789,16,327,4363,29789,1,1,2025
6686,2023-03-17,Wardrobe,Furniture,West,6,19018,18,161,1953,114108,3,1,2023
6687,2022-05-31,Bed,Furniture,East,7,39272,16,414,3066,274904,5,2,2022
6688,2022-07-19,Bed,Furniture,North,5,10905,7,397,5255,54525,7,3,2022
6689,2022-07-23,Study Table,Furniture,East,5,21172,9,202,2521,105860,7,3,2022
6690,2024-12-14,Wardrobe,Furniture,North,6,20806,3,476,4941,124836,12,4,2024
6691,2022-05-22,Bookshelf,Furniture,West,13,13244,11,59,1263,172172,5,2,2022
6692,2025-07-15,Wardrobe,Furniture,West,4,49244,3,416,2716,196976,7,3,2025
6693,2025-01-18,Wardrobe,Furniture,South,7,39663,17,55,7768,277641,1,1,2025
6694,2024-03-30,Wardrobe,Furniture,West,14,22564,0,259,6245,315896,3,1,2024
6695,2025-10-02,Sofa,Furniture,West,11,11502,3,159,6465,126522,10,4,2025
6696,2024-07-24,Coffee Table,Furniture,West,19,19084,5,256,1262,362596,7,3,2024
6697,2023-12-08,Dining Table,Furniture,South,20,28037,16,224,7044,560740,12,4,2023
6698,2022-01-15,Office Chair,Furniture,North,3,37696,16,246,5466,113088,1,1,2022
6699,2025-06-06,Study Table,Furniture,North,11,10510,14,296,5863,115610,6,2,2025
6700,2025-11-24,Dining Table,Furniture,West,15,49534,9,487,6007,743010,11,4,2025
6701,2025-09-28,Office Chair,Furniture,North,10,8395,15,65,6294,83950,9,3,2025
6702,2022-06-18,Sofa,Furniture,East,9,16310,15,255,5578,146790,6,2,2022
6703,2022-09-25,Office Chair,Furniture,West,11,44355,7,224,9451,487905,9,3,2022
6704,2022-01-10,Sofa,Furniture,West,17,27946,4,260,2065,475082,1,1,2022
6705,2023-01-15,Office Chair,Furniture,North,9,41460,13,465,8848,373140,1,1,2023
6706,2023-06-05,Sofa,Furniture,South,9,8458,11,455,5315,76122,6,2,2023
6707,2022-08-12,Bed,Furniture,East,13,23860,15,298,7973,310180,8,3,2022
6708,2024-03-23,Sofa,Furniture,East,7,30812,10,455,6862,215684,3,1,2024
6709,2024-08-24,Study Table,Furniture,East,10,22872,18,260,1801,228720,8,3,2024
6710,2022-01-26,Study Table,Furniture,West,6,20209,8,105,4121,121254,1,1,2022
6711,2025-11-22,Coffee Table,Furniture,West,16,6896,20,368,8750,110336,11,4,2025
6712,2025-02-01,Office Chair,Furniture,North,19,33595,18,319,1940,638305,2,1,2025
6713,2024-11-28,Coffee Table,Furniture,East,17,47207,17,268,7348,802519,11,4,2024
6714,2023-05-24,Wardrobe,Furniture,South,14,23413,7,320,8701,327782,5,2,2023
6715,2024-07-15,Office Chair,Furniture,West,13,4620,16,146,4444,60060,7,3,2024
6716,2023-12-04,Office Chair,Furniture,South,10,45626,18,427,1728,456260,12,4,2023
6717,2025-10-16,Bookshelf,Furniture,East,7,28918,20,289,5310,202426,10,4,2025
6718,2024-12-19,Bookshelf,Furniture,North,10,24914,6,271,3035,249140,12,4,2024
6719,2025-12-28,Dining Table,Furniture,East,17,13905,0,353,9511,236385,12,4,2025
6720,2024-05-05,Dining Table,Furniture,North,16,26810,9,334,6655,428960,5,2,2024
6721,2024-08-12,Dining Table,Furniture,North,20,23965,15,106,3079,479300,8,3,2024
6722,2025-08-12,Office Chair,Furniture,North,18,46184,19,364,9864,831312,8,3,2025
6723,2022-06-23,Coffee Table,Furniture,West,10,43050,7,92,5136,430500,6,2,2022
6724,2023-04-09,Office Chair,Furniture,South,1,10988,19,304,1645,10988,4,2,2023
6725,2023-11-22,Sofa,Furniture,South,8,6309,18,418,8756,50472,11,4,2023
6726,2023-01-31,Bed,Furniture,North,17,44226,3,173,3218,751842,1,1,2023
6727,2024-05-15,Bed,Furniture,South,2,6014,12,159,3030,12028,5,2,2024
6728,2023-08-28,Sofa,Furniture,West,14,46610,11,248,9450,652540,8,3,2023
6729,2025-11-08,Bookshelf,Furniture,South,13,5627,3,173,3235,73151,11,4,2025
6730,2022-06-02,Office Chair,Furniture,West,7,19568,19,296,2305,136976,6,2,2022
6731,2024-10-09,Coffee Table,Furniture,South,3,4358,12,227,7091,13074,10,4,2024
6732,2022-05-17,Bookshelf,Furniture,West,5,42803,11,437,6361,214015,5,2,2022
6733,2023-06-21,Sofa,Furniture,North,17,32390,13,288,6676,550630,6,2,2023
6734,2025-06-05,Office Chair,Furniture,South,15,39513,2,464,3937,592695,6,2,2025
6735,2022-09-28,Bookshelf,Furniture,North,12,19962,3,407,6610,239544,9,3,2022
6736,2022-11-09,Sofa,Furniture,West,4,2764,9,433,3113,11056,11,4,2022
6737,2023-01-29,Bookshelf,Furniture,East,18,23127,1,457,6359,416286,1,1,2023
6738,2022-12-27,Study Table,Furniture,North,11,49058,3,411,5777,539638,12,4,2022
6739,2022-03-26,Bookshelf,Furniture,North,20,17893,1,311,3639,357860,3,1,2022
6740,2023-06-17,Sofa,Furniture,West,4,43928,7,470,9671,175712,6,2,2023
6741,2023-11-30,Dining Table,Furniture,North,11,47913,14,415,8070,527043,11,4,2023
6742,2024-08-31,Wardrobe,Furniture,North,5,44148,11,119,7610,220740,8,3,2024
6743,2025-11-08,Bed,Furniture,West,2,10742,20,370,7180,21484,11,4,2025
6744,2023-02-13,Sofa,Furniture,North,19,11020,13,332,2316,209380,2,1,2023
6745,2025-02-24,Bookshelf,Furniture,North,11,6826,9,183,6533,75086,2,1,2025
6746,2023-05-14,Coffee Table,Furniture,South,12,14251,5,238,7054,171012,5,2,2023
6747,2023-03-12,Bookshelf,Furniture,South,2,14944,13,448,4613,29888,3,1,2023
6748,2024-03-29,Bed,Furniture,South,20,22880,11,248,8202,457600,3,1,2024
6749,2023-12-27,Coffee Table,Furniture,East,2,34767,3,454,2700,69534,12,4,2023
6750,2023-05-09,Wardrobe,Furniture,South,1,29222,2,55,4294,29222,5,2,2023
6751,2024-11-11,Office Chair,Furniture,North,17,15572,12,223,3814,264724,11,4,2024
6752,2025-02-26,Sofa,Furniture,South,4,41766,11,231,7446,167064,2,1,2025
6753,2023-02-26,Bed,Furniture,West,16,38999,12,332,5468,623984,2,1,2023
6754,2024-07-13,Sofa,Furniture,West,11,17529,18,133,3813,192819,7,3,2024
6755,2024-12-22,Dining Table,Furniture,East,19,24919,1,127,6364,473461,12,4,2024
6756,2023-10-21,Bed,Furniture,West,8,5784,9,458,2858,46272,10,4,2023
6757,2022-01-07,Coffee Table,Furniture,West,19,9611,13,264,7074,182609,1,1,2022
6758,2023-03-17,Study Table,Furniture,North,19,49476,16,481,4095,940044,3,1,2023
6759,2023-09-13,Sofa,Furniture,West,12,7420,17,227,5126,89040,9,3,2023
6760,2024-09-21,Sofa,Furniture,West,9,24820,6,436,5318,223380,9,3,2024
6761,2025-11-12,Coffee Table,Furniture,North,16,43512,17,379,5548,696192,11,4,2025
6762,2024-08-09,Office Chair,Furniture,South,7,9400,12,356,7785,65800,8,3,2024
6763,2022-01-19,Bookshelf,Furniture,South,11,28904,19,382,3938,317944,1,1,2022
6764,2023-07-08,Office Chair,Furniture,South,9,41634,5,313,2019,374706,7,3,2023
6765,2024-02-27,Coffee Table,Furniture,East,19,47905,12,281,3560,910195,2,1,2024
6766,2024-11-27,Bed,Furniture,South,2,26622,11,89,4186,53244,11,4,2024
6767,2023-04-30,Wardrobe,Furniture,North,4,27306,1,301,8043,109224,4,2,2023
6768,2023-07-19,Sofa,Furniture,North,11,24232,11,204,2176,266552,7,3,2023
6769,2023-06-16,Office Chair,Furniture,West,19,36005,15,331,5060,684095,6,2,2023
6770,2023-03-30,Wardrobe,Furniture,South,20,40450,3,195,7620,809000,3,1,2023
6771,2025-05-14,Sofa,Furniture,South,5,16256,5,251,8763,81280,5,2,2025
6772,2024-12-18,Sofa,Furniture,West,10,17993,7,323,6221,179930,12,4,2024
6773,2023-07-25,Study Table,Furniture,East,7,2344,13,417,5007,16408,7,3,2023
6774,2022-06-29,Dining Table,Furniture,East,20,30548,1,497,1944,610960,6,2,2022
6775,2023-12-28,Dining Table,Furniture,West,10,4786,12,399,1124,47860,12,4,2023
6776,2024-10-13,Coffee Table,Furniture,West,5,5320,13,305,8182,26600,10,4,2024
6777,2025-01-24,Study Table,Furniture,East,10,43636,5,89,8567,436360,1,1,2025
6778,2025-11-19,Wardrobe,Furniture,West,15,33028,1,463,3666,495420,11,4,2025
6779,2022-05-26,Bookshelf,Furniture,East,18,21348,2,405,7009,384264,5,2,2022
6780,2022-05-28,Bed,Furniture,East,20,37453,16,323,8585,749060,5,2,2022
6781,2024-02-24,Coffee Table,Furniture,North,7,5579,2,177,2608,39053,2,1,2024
6782,2023-10-03,Bed,Furniture,South,20,43419,10,495,8679,868380,10,4,2023
6783,2025-02-14,Coffee Table,Furniture,West,11,13054,14,119,6808,143594,2,1,2025
6784,2024-06-14,Coffee Table,Furniture,East,17,7401,7,259,3659,125817,6,2,2024
6785,2025-06-27,Coffee Table,Furniture,South,8,29665,18,448,7167,237320,6,2,2025
6786,2025-11-06,Office Chair,Furniture,South,9,31366,6,415,3713,282294,11,4,2025
6787,2022-06-05,Study Table,Furniture,South,10,33643,6,197,9458,336430,6,2,2022
6788,2023-08-23,Study Table,Furniture,South,3,14120,16,58,5117,42360,8,3,2023
6789,2023-05-27,Study Table,Furniture,West,20,7634,17,475,3119,152680,5,2,2023
6790,2025-10-21,Office Chair,Furniture,South,7,23397,7,281,7601,163779,10,4,2025
6791,2024-07-24,Office Chair,Furniture,North,2,24408,11,428,8959,48816,7,3,2024
6792,2025-05-15,Bookshelf,Furniture,West,7,45888,18,145,1067,321216,5,2,2025
6793,2023-04-19,Bed,Furniture,East,2,21450,8,232,8488,42900,4,2,2023
6794,2024-03-20,Bookshelf,Furniture,South,15,36874,17,219,6549,553110,3,1,2024
6795,2022-01-05,Dining Table,Furniture,East,16,29848,18,323,7429,477568,1,1,2022
6796,2022-06-04,Office Chair,Furniture,East,2,47749,3,358,4118,95498,6,2,2022
6797,2023-02-12,Office Chair,Furniture,West,17,40309,9,237,7010,685253,2,1,2023
6798,2022-03-06,Dining Table,Furniture,South,17,11030,15,498,1061,187510,3,1,2022
6799,2022-01-06,Bookshelf,Furniture,East,18,9924,12,405,3993,178632,1,1,2022
6800,2024-08-18,Coffee Table,Furniture,East,7,16086,12,54,3533,112602,8,3,2024
6801,2022-02-25,Dining Table,Furniture,South,20,2753,2,332,6856,55060,2,1,2022
6802,2022-11-29,Office Chair,Furniture,West,9,39575,0,196,2559,356175,11,4,2022
6803,2024-07-12,Coffee Table,Furniture,East,3,32979,14,132,2839,98937,7,3,2024
6804,2023-11-22,Dining Table,Furniture,North,10,20731,11,363,6575,207310,11,4,2023
6805,2025-09-10,Bed,Furniture,East,19,4198,0,233,8007,79762,9,3,2025
6806,2023-06-17,Bookshelf,Furniture,East,7,42382,15,468,5841,296674,6,2,2023
6807,2022-10-09,Coffee Table,Furniture,East,20,45662,7,52,5461,913240,10,4,2022
6808,2025-11-27,Bed,Furniture,South,1,12546,4,225,6953,12546,11,4,2025
6809,2023-04-25,Coffee Table,Furniture,North,15,22371,8,213,2105,335565,4,2,2023
6810,2022-10-14,Bookshelf,Furniture,South,4,10731,19,161,1274,42924,10,4,2022
6811,2022-07-19,Coffee Table,Furniture,South,18,38606,18,386,3237,694908,7,3,2022
6812,2024-06-07,Wardrobe,Furniture,North,14,12656,11,58,8361,177184,6,2,2024
6813,2024-07-25,Coffee Table,Furniture,East,9,34602,19,209,5731,311418,7,3,2024
6814,2023-11-30,Study Table,Furniture,West,19,18985,18,294,7233,360715,11,4,2023
6815,2024-11-16,Office Chair,Furniture,South,13,27332,10,485,9077,355316,11,4,2024
6816,2025-07-03,Bookshelf,Furniture,North,5,47323,20,350,8574,236615,7,3,2025
6817,2025-01-11,Coffee Table,Furniture,East,12,33665,19,223,9502,403980,1,1,2025
6818,2022-08-08,Sofa,Furniture,West,14,11732,2,110,7755,164248,8,3,2022
6819,2024-01-10,Coffee Table,Furniture,West,6,24302,1,139,9538,145812,1,1,2024
6820,2025-06-29,Study Table,Furniture,North,5,24219,10,441,6639,121095,6,2,2025
6821,2025-09-27,Coffee Table,Furniture,West,14,6130,14,114,9689,85820,9,3,2025
6822,2025-11-21,Study Table,Furniture,North,18,21178,16,163,3819,381204,11,4,2025
6823,2024-01-01,Office Chair,Furniture,West,10,28193,10,329,9902,281930,1,1,2024
6824,2025-11-10,Bed,Furniture,West,15,33213,13,441,4230,498195,11,4,2025
6825,2023-03-18,Coffee Table,Furniture,East,3,44263,1,366,2279,132789,3,1,2023
6826,2025-03-03,Wardrobe,Furniture,East,6,17782,8,117,9872,106692,3,1,2025
6827,2023-02-17,Coffee Table,Furniture,North,17,20400,16,57,6445,346800,2,1,2023
6828,2023-07-23,Sofa,Furniture,North,11,38043,7,320,2161,418473,7,3,2023
6829,2023-11-10,Bookshelf,Furniture,East,3,41629,2,477,8583,124887,11,4,2023
6830,2022-04-18,Sofa,Furniture,South,7,29373,15,267,3584,205611,4,2,2022
6831,2025-07-08,Wardrobe,Furniture,West,11,26544,8,254,6018,291984,7,3,2025
6832,2023-10-04,Dining Table,Furniture,West,10,8319,3,63,3696,83190,10,4,2023
6833,2024-01-25,Office Chair,Furniture,East,18,19219,19,226,9837,345942,1,1,2024
6834,2022-10-17,Study Table,Furniture,South,10,48063,15,245,3656,480630,10,4,2022
6835,2024-02-04,Wardrobe,Furniture,North,13,24218,7,66,9385,314834,2,1,2024
6836,2022-10-25,Bed,Furniture,East,15,33310,15,188,9030,499650,10,4,2022
6837,2025-05-30,Coffee Table,Furniture,South,7,35399,8,484,6381,247793,5,2,2025
6838,2023-01-01,Office Chair,Furniture,North,17,20954,14,287,2446,356218,1,1,2023
6839,2023-09-29,Bookshelf,Furniture,South,19,28502,14,467,8146,541538,9,3,2023
6840,2023-06-21,Office Chair,Furniture,East,20,23074,9,54,2298,461480,6,2,2023
6841,2025-04-07,Study Table,Furniture,North,4,32959,15,160,7701,131836,4,2,2025
6842,2024-11-26,Bed,Furniture,South,14,12659,0,413,3664,177226,11,4,2024
6843,2022-01-13,Bookshelf,Furniture,East,20,17639,4,180,2047,352780,1,1,2022
6844,2024-05-30,Office Chair,Furniture,East,1,13818,17,427,6834,13818,5,2,2024
6845,2024-04-07,Coffee Table,Furniture,North,4,21610,15,364,4224,86440,4,2,2024
6846,2022-05-24,Coffee Table,Furniture,South,3,41873,20,65,8253,125619,5,2,2022
6847,2023-06-11,Sofa,Furniture,South,2,38997,16,308,1731,77994,6,2,2023
6848,2022-12-20,Study Table,Furniture,North,15,37817,10,312,5756,567255,12,4,2022
6849,2025-06-14,Sofa,Furniture,South,7,44022,10,306,8064,308154,6,2,2025
6850,2024-02-13,Office Chair,Furniture,East,4,49769,8,340,6671,199076,2,1,2024
6851,2024-08-20,Coffee Table,Furniture,West,20,43574,3,423,6489,871480,8,3,2024
6852,2024-02-13,Coffee Table,Furniture,South,10,44409,5,426,2957,444090,2,1,2024
6853,2025-03-15,Bed,Furniture,South,3,9925,0,176,6265,29775,3,1,2025
6854,2022-07-16,Wardrobe,Furniture,South,2,31196,11,166,8488,62392,7,3,2022
6855,2023-02-20,Dining Table,Furniture,North,19,30935,7,108,4428,587765,2,1,2023
6856,2022-09-13,Study Table,Furniture,South,19,3471,3,89,4309,65949,9,3,2022
6857,2022-11-12,Study Table,Furniture,South,19,20870,5,63,8343,396530,11,4,2022
6858,2025-10-04,Bed,Furniture,West,10,33012,1,376,4469,330120,10,4,2025
6859,2024-03-11,Study Table,Furniture,West,3,14841,10,410,1519,44523,3,1,2024
6860,2025-09-06,Wardrobe,Furniture,North,1,27058,14,429,1414,27058,9,3,2025
6861,2023-07-16,Study Table,Furniture,West,16,6898,4,423,9765,110368,7,3,2023
6862,2022-01-31,Dining Table,Furniture,West,16,38479,1,158,9126,615664,1,1,2022
6863,2025-12-20,Bookshelf,Furniture,South,2,38829,5,318,5761,77658,12,4,2025
6864,2024-05-21,Office Chair,Furniture,East,1,38013,13,415,1758,38013,5,2,2024
6865,2024-08-23,Bed,Furniture,East,9,45659,9,85,3254,410931,8,3,2024
6866,2025-02-13,Coffee Table,Furniture,East,15,11484,10,264,1528,172260,2,1,2025
6867,2022-02-05,Study Table,Furniture,South,2,31651,9,185,2070,63302,2,1,2022
6868,2024-04-02,Wardrobe,Furniture,East,6,25862,2,223,9125,155172,4,2,2024
6869,2022-11-26,Sofa,Furniture,West,18,7680,3,325,6345,138240,11,4,2022
6870,2025-06-04,Bookshelf,Furniture,West,19,9695,9,191,8214,184205,6,2,2025
6871,2024-12-14,Bed,Furniture,West,5,41010,5,186,7928,205050,12,4,2024
6872,2023-02-11,Sofa,Furniture,South,10,14427,16,120,2449,144270,2,1,2023
6873,2025-10-18,Office Chair,Furniture,East,17,13881,15,276,8254,235977,10,4,2025
6874,2022-08-10,Wardrobe,Furniture,South,16,12946,11,392,5347,207136,8,3,2022
6875,2025-05-07,Bed,Furniture,South,14,11440,5,163,5177,160160,5,2,2025
6876,2023-04-16,Bed,Furniture,West,17,14957,10,247,1549,254269,4,2,2023
6877,2022-02-27,Office Chair,Furniture,North,14,41881,16,499,9777,586334,2,1,2022
6878,2022-02-25,Bed,Furniture,North,17,42260,20,239,5370,718420,2,1,2022
6879,2022-02-09,Bed,Furniture,West,7,21165,19,291,1868,148155,2,1,2022
6880,2023-12-03,Office Chair,Furniture,West,18,13656,9,356,9149,245808,12,4,2023
6881,2023-01-28,Study Table,Furniture,West,4,7848,4,167,2358,31392,1,1,2023
6882,2023-11-02,Sofa,Furniture,West,11,47062,10,272,9561,517682,11,4,2023
6883,2024-10-17,Coffee Table,Furniture,North,7,42213,9,291,1691,295491,10,4,2024
6884,2023-06-05,Bookshelf,Furniture,North,10,45675,10,256,9495,456750,6,2,2023
6885,2023-12-27,Bed,Furniture,East,6,27120,1,97,5011,162720,12,4,2023
6886,2022-09-23,Bookshelf,Furniture,North,7,27086,2,358,4845,189602,9,3,2022
6887,2023-01-09,Bookshelf,Furniture,West,8,20411,20,189,6349,163288,1,1,2023
6888,2025-05-06,Office Chair,Furniture,West,13,17460,12,251,9170,226980,5,2,2025
6889,2024-11-07,Dining Table,Furniture,West,1,25680,11,173,4604,25680,11,4,2024
6890,2023-01-21,Sofa,Furniture,East,8,7658,20,156,3467,61264,1,1,2023
6891,2024-09-14,Office Chair,Furniture,South,18,32827,16,292,6331,590886,9,3,2024
6892,2024-05-09,Bed,Furniture,East,20,39252,11,290,5606,785040,5,2,2024
6893,2025-02-08,Sofa,Furniture,West,9,20753,7,352,4397,186777,2,1,2025
6894,2024-04-20,Sofa,Furniture,East,7,29369,15,148,3733,205583,4,2,2024
6895,2024-04-04,Bookshelf,Furniture,West,13,27313,17,459,7415,355069,4,2,2024
6896,2024-12-10,Office Chair,Furniture,West,3,48701,8,397,9095,146103,12,4,2024
6897,2024-02-24,Bed,Furniture,South,20,35333,10,392,2224,706660,2,1,2024
6898,2022-09-08,Sofa,Furniture,North,7,49669,20,332,9802,347683,9,3,2022
6899,2024-08-22,Study Table,Furniture,North,11,5822,5,57,1383,64042,8,3,2024
6900,2023-03-22,Bookshelf,Furniture,East,17,38699,20,419,8656,657883,3,1,2023
6901,2022-07-13,Coffee Table,Furniture,South,14,35307,18,217,9547,494298,7,3,2022
6902,2024-03-02,Coffee Table,Furniture,West,18,3127,17,367,8106,56286,3,1,2024
6903,2022-07-08,Sofa,Furniture,South,4,8593,20,434,1079,34372,7,3,2022
6904,2023-10-17,Dining Table,Furniture,South,10,23532,8,476,6905,235320,10,4,2023
6905,2023-02-07,Coffee Table,Furniture,East,14,17070,19,238,8542,238980,2,1,2023
6906,2022-07-24,Sofa,Furniture,North,3,17356,0,144,6228,52068,7,3,2022
6907,2022-08-03,Wardrobe,Furniture,West,8,31829,19,473,5417,254632,8,3,2022
6908,2023-04-30,Bookshelf,Furniture,East,5,38056,18,205,7783,190280,4,2,2023
6909,2022-03-24,Bed,Furniture,North,19,9768,16,54,5501,185592,3,1,2022
6910,2024-07-01,Wardrobe,Furniture,South,16,27966,19,484,4567,447456,7,3,2024
6911,2023-07-14,Office Chair,Furniture,North,19,48021,15,202,4445,912399,7,3,2023
6912,2022-03-22,Dining Table,Furniture,South,10,37540,17,465,3825,375400,3,1,2022
6913,2022-10-25,Wardrobe,Furniture,North,10,38131,8,431,8898,381310,10,4,2022
6914,2023-12-10,Sofa,Furniture,North,10,38819,17,381,3067,388190,12,4,2023
6915,2025-08-03,Bed,Furniture,East,5,27533,9,379,5610,137665,8,3,2025
6916,2023-02-25,Wardrobe,Furniture,North,9,26859,0,409,5077,241731,2,1,2023
6917,2025-10-28,Bookshelf,Furniture,North,17,39070,9,437,4027,664190,10,4,2025
6918,2023-04-26,Office Chair,Furniture,West,17,26794,1,172,7139,455498,4,2,2023
6919,2025-08-18,Bed,Furniture,West,9,10457,20,386,7200,94113,8,3,2025
6920,2023-11-19,Study Table,Furniture,South,8,19654,4,115,9750,157232,11,4,2023
6921,2023-11-01,Coffee Table,Furniture,East,7,5541,6,392,6685,38787,11,4,2023
6922,2025-01-06,Wardrobe,Furniture,West,20,19267,12,367,2831,385340,1,1,2025
6923,2024-02-14,Study Table,Furniture,East,14,36562,3,401,4069,511868,2,1,2024
6924,2022-12-14,Bookshelf,Furniture,West,8,20582,6,73,7540,164656,12,4,2022
6925,2024-02-16,Study Table,Furniture,South,2,16782,8,174,2451,33564,2,1,2024
6926,2022-05-25,Bookshelf,Furniture,East,14,23828,20,159,5993,333592,5,2,2022
6927,2024-01-28,Office Chair,Furniture,East,15,13634,5,201,7128,204510,1,1,2024
6928,2024-05-09,Bed,Furniture,West,18,39546,18,161,5781,711828,5,2,2024
6929,2025-11-30,Wardrobe,Furniture,East,18,17972,7,261,9838,323496,11,4,2025
6930,2025-12-06,Office Chair,Furniture,South,12,46334,17,296,8443,556008,12,4,2025
6931,2025-04-29,Bookshelf,Furniture,North,16,44074,14,101,3746,705184,4,2,2025
6932,2024-11-01,Study Table,Furniture,South,5,32537,2,471,8468,162685,11,4,2024
6933,2023-03-30,Office Chair,Furniture,East,17,45160,1,339,9180,767720,3,1,2023
6934,2023-02-21,Bookshelf,Furniture,North,5,21809,2,226,3971,109045,2,1,2023
6935,2023-11-07,Wardrobe,Furniture,South,3,22575,12,477,3149,67725,11,4,2023
6936,2024-04-09,Bookshelf,Furniture,North,2,49134,19,99,6940,98268,4,2,2024
6937,2022-10-28,Sofa,Furniture,West,5,37761,16,166,8902,188805,10,4,2022
6938,2023-08-06,Study Table,Furniture,West,12,49375,8,87,7667,592500,8,3,2023
6939,2022-07-31,Coffee Table,Furniture,East,14,30221,1,291,1263,423094,7,3,2022
6940,2022-05-17,Coffee Table,Furniture,South,14,20124,18,364,5025,281736,5,2,2022
6941,2022-01-27,Dining Table,Furniture,South,19,17822,13,71,8627,338618,1,1,2022
6942,2025-09-12,Sofa,Furniture,West,9,10713,18,475,9848,96417,9,3,2025
6943,2023-05-12,Bookshelf,Furniture,North,17,33782,6,287,9360,574294,5,2,2023
6944,2022-05-29,Sofa,Furniture,East,1,28166,11,296,9937,28166,5,2,2022
6945,2023-05-17,Bed,Furniture,West,8,19544,5,147,3779,156352,5,2,2023
6946,2023-11-26,Sofa,Furniture,East,20,7753,17,112,3705,155060,11,4,2023
6947,2022-11-28,Coffee Table,Furniture,South,8,26762,3,489,5722,214096,11,4,2022
6948,2023-09-07,Wardrobe,Furniture,East,8,43604,5,188,3145,348832,9,3,2023
6949,2024-10-25,Bookshelf,Furniture,West,3,37140,14,497,3819,111420,10,4,2024
6950,2022-12-30,Study Table,Furniture,East,8,6422,14,285,4955,51376,12,4,2022
6951,2025-07-21,Dining Table,Furniture,South,3,9505,14,169,3331,28515,7,3,2025
6952,2023-04-07,Office Chair,Furniture,East,12,38103,18,396,9338,457236,4,2,2023
6953,2023-11-05,Sofa,Furniture,West,2,43968,11,104,6084,87936,11,4,2023
6954,2024-06-09,Dining Table,Furniture,East,12,12972,5,261,3161,155664,6,2,2024
6955,2025-02-27,Dining Table,Furniture,North,6,27956,5,428,3054,167736,2,1,2025
6956,2025-08-22,Wardrobe,Furniture,West,6,25259,16,421,6440,151554,8,3,2025
6957,2025-12-30,Bookshelf,Furniture,South,4,10107,0,275,5790,40428,12,4,2025
6958,2023-05-01,Office Chair,Furniture,East,17,11204,6,192,4791,190468,5,2,2023
6959,2025-03-14,Dining Table,Furniture,East,6,44236,11,236,3822,265416,3,1,2025
6960,2023-03-10,Wardrobe,Furniture,North,12,23409,13,123,2464,280908,3,1,2023
6961,2022-01-24,Wardrobe,Furniture,North,13,39767,13,414,1705,516971,1,1,2022
6962,2023-12-13,Study Table,Furniture,South,17,28665,13,237,3195,487305,12,4,2023
6963,2023-04-30,Dining Table,Furniture,West,4,36088,0,240,1102,144352,4,2,2023
6964,2025-09-20,Study Table,Furniture,East,6,9402,5,358,1905,56412,9,3,2025
6965,2025-10-10,Coffee Table,Furniture,South,13,27343,12,110,5385,355459,10,4,2025
6966,2024-04-21,Dining Table,Furniture,South,15,34423,17,442,3173,516345,4,2,2024
6967,2022-12-07,Bookshelf,Furniture,West,2,31744,4,440,3140,63488,12,4,2022
6968,2023-11-09,Sofa,Furniture,East,13,5967,19,255,2290,77571,11,4,2023
6969,2024-04-29,Dining Table,Furniture,East,11,30387,13,162,1209,334257,4,2,2024
6970,2023-01-25,Bed,Furniture,East,3,5350,9,425,3930,16050,1,1,2023
6971,2023-06-08,Dining Table,Furniture,West,13,11819,13,218,5957,153647,6,2,2023
6972,2025-10-04,Office Chair,Furniture,West,13,4489,18,74,4693,58357,10,4,2025
6973,2025-08-18,Coffee Table,Furniture,South,18,43237,11,222,6264,778266,8,3,2025
6974,2022-04-26,Bookshelf,Furniture,North,16,21436,15,490,8815,342976,4,2,2022
6975,2024-03-16,Bed,Furniture,East,6,38127,10,288,6880,228762,3,1,2024
6976,2023-03-08,Coffee Table,Furniture,West,6,47796,13,152,5057,286776,3,1,2023
6977,2025-04-06,Study Table,Furniture,West,9,49809,19,408,6134,448281,4,2,2025
6978,2022-02-20,Wardrobe,Furniture,East,19,11160,2,274,4846,212040,2,1,2022
6979,2025-07-30,Coffee Table,Furniture,South,13,8002,14,200,5230,104026,7,3,2025
6980,2022-10-13,Sofa,Furniture,North,1,34171,18,161,6426,34171,10,4,2022
6981,2024-07-27,Bookshelf,Furniture,North,14,4748,18,203,4773,66472,7,3,2024
6982,2025-03-20,Office Chair,Furniture,South,20,10463,14,205,1959,209260,3,1,2025
6983,2025-08-09,Bookshelf,Furniture,South,19,9488,7,81,1795,180272,8,3,2025
6984,2025-04-05,Office Chair,Furniture,South,7,3737,20,384,9357,26159,4,2,2025
6985,2022-07-04,Office Chair,Furniture,West,7,22226,4,225,5191,155582,7,3,2022
6986,2023-05-16,Sofa,Furniture,South,4,45957,10,179,1495,183828,5,2,2023
6987,2022-05-20,Coffee Table,Furniture,West,11,18218,17,415,9935,200398,5,2,2022
6988,2023-11-24,Bookshelf,Furniture,East,3,37405,5,401,3624,112215,11,4,2023
6989,2025-04-15,Wardrobe,Furniture,South,19,48293,8,120,9470,917567,4,2,2025
6990,2023-10-12,Office Chair,Furniture,West,12,2483,4,270,7377,29796,10,4,2023
6991,2022-03-19,Coffee Table,Furniture,West,2,38909,4,285,9077,77818,3,1,2022
6992,2024-05-25,Bookshelf,Furniture,South,3,29545,6,396,5830,88635,5,2,2024
6993,2024-02-03,Bed,Furniture,West,15,37942,14,146,6123,569130,2,1,2024
6994,2023-03-29,Bookshelf,Furniture,East,19,41874,14,466,4053,795606,3,1,2023
6995,2023-03-18,Sofa,Furniture,North,13,12607,1,313,3308,163891,3,1,2023
6996,2023-02-13,Dining Table,Furniture,East,4,12559,2,151,5476,50236,2,1,2023
6997,2024-11-19,Bed,Furniture,South,2,25258,14,344,2785,50516,11,4,2024
6998,2024-03-23,Dining Table,Furniture,East,4,27965,0,65,5509,111860,3,1,2024
6999,2023-06-28,Coffee Table,Furniture,West,8,29864,20,58,4484,238912,6,2,2023
7000,2023-05-07,Sofa,Furniture,West,11,33021,5,335,6561,363231,5,2,2023
7001,2025-04-05,Study Table,Furniture,South,3,40493,8,488,4469,121479,4,2,2025
7002,2023-03-22,Dining Table,Furniture,North,3,32742,15,457,6152,98226,3,1,2023
7003,2023-09-22,Dining Table,Furniture,South,20,17473,4,174,1009,349460,9,3,2023
7004,2025-03-07,Wardrobe,Furniture,North,9,16659,11,394,6536,149931,3,1,2025
7005,2025-07-25,Dining Table,Furniture,West,19,4614,8,178,2951,87666,7,3,2025
7006,2023-03-11,Bookshelf,Furniture,West,2,9726,17,361,2505,19452,3,1,2023
7007,2025-04-27,Bookshelf,Furniture,North,14,12645,15,188,4445,177030,4,2,2025
7008,2023-01-03,Bookshelf,Furniture,South,3,18469,9,307,3370,55407,1,1,2023
7009,2022-10-01,Dining Table,Furniture,East,19,6314,13,246,9548,119966,10,4,2022
7010,2023-10-15,Study Table,Furniture,East,11,24119,17,177,4529,265309,10,4,2023
7011,2025-12-31,Wardrobe,Furniture,West,5,37163,14,496,5577,185815,12,4,2025
7012,2024-07-02,Coffee Table,Furniture,North,16,42303,18,490,4668,676848,7,3,2024
7013,2025-05-13,Wardrobe,Furniture,South,11,49294,0,414,3650,542234,5,2,2025
7014,2025-02-26,Study Table,Furniture,East,6,44619,14,69,3340,267714,2,1,2025
7015,2024-02-02,Coffee Table,Furniture,North,17,16927,9,154,2190,287759,2,1,2024
7016,2022-06-09,Dining Table,Furniture,East,9,29513,15,271,8153,265617,6,2,2022
7017,2023-01-29,Bookshelf,Furniture,North,11,2791,4,303,1611,30701,1,1,2023
7018,2022-08-17,Coffee Table,Furniture,East,13,41441,1,388,6300,538733,8,3,2022
7019,2022-06-07,Sofa,Furniture,East,13,15257,10,367,2003,198341,6,2,2022
7020,2024-01-05,Bed,Furniture,East,17,22326,8,282,3818,379542,1,1,2024
7021,2023-07-18,Study Table,Furniture,East,15,29088,18,359,5447,436320,7,3,2023
7022,2025-02-03,Wardrobe,Furniture,North,4,48000,20,463,3493,192000,2,1,2025
7023,2024-11-19,Study Table,Furniture,South,4,32828,18,240,5643,131312,11,4,2024
7024,2024-08-21,Sofa,Furniture,West,13,26078,14,436,1039,339014,8,3,2024
7025,2025-07-21,Wardrobe,Furniture,South,11,5765,7,142,2567,63415,7,3,2025
7026,2025-02-02,Office Chair,Furniture,East,3,9379,16,193,3409,28137,2,1,2025
7027,2023-09-01,Bed,Furniture,South,7,12699,20,305,6916,88893,9,3,2023
7028,2022-05-07,Study Table,Furniture,South,16,48870,19,73,5370,781920,5,2,2022
7029,2022-06-14,Office Chair,Furniture,East,8,35074,0,207,1902,280592,6,2,2022
7030,2025-06-12,Office Chair,Furniture,West,16,16567,19,71,6759,265072,6,2,2025
7031,2023-03-06,Sofa,Furniture,North,15,34069,4,464,9174,511035,3,1,2023
7032,2025-07-01,Sofa,Furniture,West,6,10030,17,446,9760,60180,7,3,2025
7033,2024-12-28,Sofa,Furniture,South,20,13601,18,94,7486,272020,12,4,2024
7034,2024-08-05,Office Chair,Furniture,South,18,34398,20,255,9752,619164,8,3,2024
7035,2025-03-15,Bed,Furniture,South,9,29169,8,425,9612,262521,3,1,2025
7036,2024-07-31,Dining Table,Furniture,North,5,15219,12,177,4338,76095,7,3,2024
7037,2025-10-23,Wardrobe,Furniture,North,10,11799,4,278,4674,117990,10,4,2025
7038,2024-02-18,Wardrobe,Furniture,South,2,26992,12,201,2431,53984,2,1,2024
7039,2022-02-14,Sofa,Furniture,South,15,17482,13,127,7277,262230,2,1,2022
7040,2024-09-20,Bookshelf,Furniture,North,4,14256,4,208,3859,57024,9,3,2024
7041,2022-05-04,Coffee Table,Furniture,North,8,7561,15,202,3779,60488,5,2,2022
7042,2024-04-08,Study Table,Furniture,South,12,19311,12,333,2266,231732,4,2,2024
7043,2022-01-02,Coffee Table,Furniture,West,5,7710,8,155,9195,38550,1,1,2022
7044,2022-05-22,Bookshelf,Furniture,South,13,45742,19,273,8891,594646,5,2,2022
7045,2025-04-25,Study Table,Furniture,North,11,47542,0,481,1644,522962,4,2,2025
7046,2025-10-09,Dining Table,Furniture,North,17,38128,16,146,8898,648176,10,4,2025
7047,2023-02-20,Coffee Table,Furniture,East,13,2509,8,143,8380,32617,2,1,2023
7048,2024-07-29,Study Table,Furniture,West,18,42142,7,103,1380,758556,7,3,2024
7049,2025-09-19,Bed,Furniture,West,15,9024,7,321,8316,135360,9,3,2025
7050,2022-04-03,Bookshelf,Furniture,South,9,30768,12,135,4834,276912,4,2,2022
7051,2024-12-16,Study Table,Furniture,South,7,38282,3,259,3344,267974,12,4,2024
7052,2023-09-16,Bookshelf,Furniture,East,9,45815,2,299,6354,412335,9,3,2023
7053,2024-08-06,Study Table,Furniture,East,15,38761,13,451,8036,581415,8,3,2024
7054,2025-11-07,Wardrobe,Furniture,North,14,41513,0,455,2848,581182,11,4,2025
7055,2025-01-27,Study Table,Furniture,East,18,8622,7,264,3176,155196,1,1,2025
7056,2023-03-15,Study Table,Furniture,South,16,34467,11,380,7462,551472,3,1,2023
7057,2023-11-15,Bed,Furniture,North,13,28323,16,201,2589,368199,11,4,2023
7058,2022-03-08,Sofa,Furniture,East,4,32098,3,386,4282,128392,3,1,2022
7059,2023-09-09,Sofa,Furniture,East,2,24275,13,170,9895,48550,9,3,2023
7060,2022-05-07,Dining Table,Furniture,North,10,26276,8,438,3950,262760,5,2,2022
7061,2023-02-05,Bed,Furniture,South,1,27796,7,377,1538,27796,2,1,2023
7062,2022-01-27,Bookshelf,Furniture,North,19,19896,4,350,9205,378024,1,1,2022
7063,2024-04-20,Bed,Furniture,North,16,3508,20,308,6794,56128,4,2,2024
7064,2023-06-22,Sofa,Furniture,South,8,30790,15,333,5372,246320,6,2,2023
7065,2023-04-10,Office Chair,Furniture,South,17,33524,3,190,4145,569908,4,2,2023
7066,2024-07-01,Office Chair,Furniture,East,12,43244,5,51,9247,518928,7,3,2024
7067,2023-09-28,Sofa,Furniture,East,1,13697,5,143,8872,13697,9,3,2023
7068,2022-01-19,Sofa,Furniture,South,8,9010,17,387,7220,72080,1,1,2022
7069,2022-07-07,Sofa,Furniture,North,18,11978,7,110,2241,215604,7,3,2022
7070,2024-08-21,Coffee Table,Furniture,North,3,33237,18,256,4919,99711,8,3,2024
7071,2023-07-31,Study Table,Furniture,West,2,7374,15,287,1870,14748,7,3,2023
7072,2023-05-27,Dining Table,Furniture,West,20,39472,4,166,1077,789440,5,2,2023
7073,2022-03-12,Bookshelf,Furniture,South,20,24126,9,244,1648,482520,3,1,2022
7074,2023-06-23,Coffee Table,Furniture,North,1,45959,8,308,2624,45959,6,2,2023
7075,2024-02-15,Dining Table,Furniture,South,19,18258,1,106,6858,346902,2,1,2024
7076,2024-12-15,Dining Table,Furniture,East,5,3275,0,171,2121,16375,12,4,2024
7077,2022-03-25,Study Table,Furniture,North,4,11350,12,97,7710,45400,3,1,2022
7078,2025-08-29,Sofa,Furniture,South,9,32170,14,212,6747,289530,8,3,2025
7079,2022-04-21,Dining Table,Furniture,West,9,48763,10,445,4827,438867,4,2,2022
7080,2025-02-04,Study Table,Furniture,West,4,11233,13,456,1932,44932,2,1,2025
7081,2024-10-30,Sofa,Furniture,South,10,17384,20,407,7422,173840,10,4,2024
7082,2022-03-13,Sofa,Furniture,West,7,29752,17,486,8176,208264,3,1,2022
7083,2023-01-19,Bed,Furniture,West,4,5219,10,54,6929,20876,1,1,2023
7084,2025-02-05,Office Chair,Furniture,South,5,11256,2,85,9279,56280,2,1,2025
7085,2022-12-23,Study Table,Furniture,North,3,35490,2,144,5980,106470,12,4,2022
7086,2023-09-21,Wardrobe,Furniture,North,15,28955,8,73,7019,434325,9,3,2023
7087,2022-07-21,Bookshelf,Furniture,North,14,8787,2,410,8212,123018,7,3,2022
7088,2022-01-24,Study Table,Furniture,West,2,41014,14,123,7353,82028,1,1,2022
7089,2022-01-09,Dining Table,Furniture,South,1,16109,10,478,7042,16109,1,1,2022
7090,2022-11-12,Sofa,Furniture,East,7,27430,4,467,3102,192010,11,4,2022
7091,2022-07-18,Wardrobe,Furniture,North,4,14269,7,85,9920,57076,7,3,2022
7092,2024-09-08,Coffee Table,Furniture,South,20,8006,11,95,4086,160120,9,3,2024
7093,2023-01-01,Bed,Furniture,North,18,17213,7,92,5794,309834,1,1,2023
7094,2024-06-25,Sofa,Furniture,West,1,37946,18,158,1061,37946,6,2,2024
7095,2023-09-08,Coffee Table,Furniture,North,5,41812,10,482,2041,209060,9,3,2023
7096,2022-07-20,Bookshelf,Furniture,North,8,18752,20,178,1967,150016,7,3,2022
7097,2024-04-11,Coffee Table,Furniture,East,7,11430,8,380,5001,80010,4,2,2024
7098,2022-03-31,Dining Table,Furniture,North,4,17306,1,342,9178,69224,3,1,2022
7099,2022-01-12,Office Chair,Furniture,North,16,25734,7,435,9098,411744,1,1,2022
7100,2023-12-06,Sofa,Furniture,South,6,11121,19,141,3278,66726,12,4,2023
7101,2024-06-11,Wardrobe,Furniture,North,16,35570,8,213,7179,569120,6,2,2024
7102,2025-02-25,Coffee Table,Furniture,East,10,39284,16,318,5565,392840,2,1,2025
7103,2025-07-08,Study Table,Furniture,North,1,46978,13,390,4383,46978,7,3,2025
7104,2023-11-30,Coffee Table,Furniture,North,10,38891,7,279,5058,388910,11,4,2023
7105,2023-03-06,Sofa,Furniture,East,6,25875,14,132,7080,155250,3,1,2023
7106,2023-07-18,Bed,Furniture,West,2,34291,9,117,8921,68582,7,3,2023
7107,2023-10-22,Office Chair,Furniture,West,9,41654,19,351,9631,374886,10,4,2023
7108,2022-01-20,Office Chair,Furniture,South,18,28280,2,489,5458,509040,1,1,2022
7109,2025-05-29,Bed,Furniture,West,17,41190,19,343,6406,700230,5,2,2025
7110,2023-06-29,Wardrobe,Furniture,West,9,48231,11,265,1739,434079,6,2,2023
7111,2024-03-05,Wardrobe,Furniture,South,7,25831,17,178,1798,180817,3,1,2024
7112,2023-01-05,Bookshelf,Furniture,West,16,48782,13,173,2767,780512,1,1,2023
7113,2025-12-23,Dining Table,Furniture,West,6,24761,14,408,1934,148566,12,4,2025
7114,2023-03-22,Study Table,Furniture,North,7,7002,3,244,1998,49014,3,1,2023
7115,2024-09-25,Bookshelf,Furniture,North,20,35583,11,301,4322,711660,9,3,2024
7116,2023-12-11,Coffee Table,Furniture,East,19,44615,8,465,8384,847685,12,4,2023
7117,2022-04-19,Bed,Furniture,South,8,20943,0,271,4326,167544,4,2,2022
7118,2023-10-29,Wardrobe,Furniture,East,8,20181,11,111,7463,161448,10,4,2023
7119,2023-12-04,Office Chair,Furniture,West,8,21163,2,239,7818,169304,12,4,2023
7120,2024-07-05,Wardrobe,Furniture,West,12,4496,10,251,8157,53952,7,3,2024
7121,2025-09-13,Office Chair,Furniture,East,6,44650,3,274,3437,267900,9,3,2025
7122,2023-01-26,Coffee Table,Furniture,South,15,37077,0,241,1015,556155,1,1,2023
7123,2023-07-14,Bookshelf,Furniture,East,11,19188,5,407,5424,211068,7,3,2023
7124,2024-12-17,Office Chair,Furniture,North,18,9200,1,485,4785,165600,12,4,2024
7125,2023-05-18,Wardrobe,Furniture,East,4,8256,12,311,7765,33024,5,2,2023
7126,2024-03-07,Bookshelf,Furniture,East,20,36044,8,445,1879,720880,3,1,2024
7127,2025-07-28,Coffee Table,Furniture,South,6,49683,14,259,8278,298098,7,3,2025
7128,2023-05-14,Study Table,Furniture,West,2,27387,9,327,3949,54774,5,2,2023
7129,2023-04-06,Office Chair,Furniture,East,9,6551,6,166,1716,58959,4,2,2023
7130,2024-10-13,Bed,Furniture,South,10,20425,6,128,5072,204250,10,4,2024
7131,2025-11-18,Office Chair,Furniture,North,18,21299,11,150,5774,383382,11,4,2025
7132,2022-11-20,Sofa,Furniture,North,4,23200,8,332,8970,92800,11,4,2022
7133,2024-07-02,Sofa,Furniture,North,10,25160,8,213,7081,251600,7,3,2024
7134,2024-06-17,Wardrobe,Furniture,North,10,29528,11,57,8906,295280,6,2,2024
7135,2024-02-22,Bookshelf,Furniture,North,8,19962,2,432,7552,159696,2,1,2024
7136,2024-04-09,Bed,Furniture,West,15,9095,11,258,7231,136425,4,2,2024
7137,2025-05-02,Coffee Table,Furniture,West,19,5971,9,454,6343,113449,5,2,2025
7138,2023-02-07,Office Chair,Furniture,North,11,34055,4,98,5670,374605,2,1,2023
7139,2022-09-21,Study Table,Furniture,East,7,8941,14,192,3594,62587,9,3,2022
7140,2025-07-18,Coffee Table,Furniture,South,11,10326,4,222,9189,113586,7,3,2025
7141,2022-07-27,Sofa,Furniture,East,9,35655,11,353,2795,320895,7,3,2022
7142,2022-12-06,Study Table,Furniture,West,20,49711,13,278,3716,994220,12,4,2022
7143,2024-02-26,Wardrobe,Furniture,North,14,29436,14,415,8794,412104,2,1,2024
7144,2024-12-20,Office Chair,Furniture,East,20,49484,5,471,2924,989680,12,4,2024
7145,2023-12-05,Bookshelf,Furniture,West,9,29220,11,218,2726,262980,12,4,2023
7146,2022-10-25,Dining Table,Furniture,North,20,2163,15,381,2292,43260,10,4,2022
7147,2022-10-18,Study Table,Furniture,West,17,25208,3,219,4115,428536,10,4,2022
7148,2022-01-27,Bookshelf,Furniture,East,19,45862,14,251,3211,871378,1,1,2022
7149,2022-09-20,Bookshelf,Furniture,South,9,43324,2,319,2536,389916,9,3,2022
7150,2022-05-16,Study Table,Furniture,North,13,12134,1,304,4663,157742,5,2,2022
7151,2023-04-16,Coffee Table,Furniture,West,13,48556,19,248,7120,631228,4,2,2023
7152,2025-02-22,Sofa,Furniture,East,1,31149,11,269,3343,31149,2,1,2025
7153,2025-12-12,Sofa,Furniture,West,19,5298,11,64,2098,100662,12,4,2025
7154,2022-08-14,Study Table,Furniture,West,20,23675,18,493,5212,473500,8,3,2022
7155,2022-07-18,Wardrobe,Furniture,North,2,26599,14,475,7244,53198,7,3,2022
7156,2025-08-08,Wardrobe,Furniture,East,8,14967,16,321,1591,119736,8,3,2025
7157,2023-03-30,Office Chair,Furniture,South,17,36744,13,166,1604,624648,3,1,2023
7158,2022-02-22,Office Chair,Furniture,West,6,26944,10,120,2572,161664,2,1,2022
7159,2023-02-01,Study Table,Furniture,North,14,5555,15,323,3001,77770,2,1,2023
7160,2024-09-27,Wardrobe,Furniture,East,8,15673,1,200,3097,125384,9,3,2024
7161,2023-03-30,Coffee Table,Furniture,West,1,22833,20,233,4484,22833,3,1,2023
7162,2025-03-20,Study Table,Furniture,South,19,13423,12,272,5900,255037,3,1,2025
7163,2024-05-24,Bookshelf,Furniture,West,18,47140,5,290,9520,848520,5,2,2024
7164,2022-07-07,Study Table,Furniture,North,18,27524,17,54,2648,495432,7,3,2022
7165,2023-07-24,Sofa,Furniture,North,3,26490,8,364,2347,79470,7,3,2023
7166,2023-03-06,Sofa,Furniture,South,4,45367,18,206,2244,181468,3,1,2023
7167,2025-03-14,Bookshelf,Furniture,South,20,49854,10,428,8339,997080,3,1,2025
7168,2024-06-14,Office Chair,Furniture,South,20,13184,19,304,1738,263680,6,2,2024
7169,2022-02-19,Coffee Table,Furniture,West,13,38502,20,142,1146,500526,2,1,2022
7170,2022-11-07,Dining Table,Furniture,North,15,41082,13,324,8612,616230,11,4,2022
7171,2024-04-13,Sofa,Furniture,North,15,47826,3,489,7247,717390,4,2,2024
7172,2025-06-27,Study Table,Furniture,East,6,36796,19,232,2846,220776,6,2,2025
7173,2025-03-19,Sofa,Furniture,West,6,32386,3,136,3581,194316,3,1,2025
7174,2023-01-16,Dining Table,Furniture,North,17,23249,4,433,8158,395233,1,1,2023
7175,2024-12-04,Sofa,Furniture,North,9,46323,4,341,4317,416907,12,4,2024
7176,2023-03-11,Bookshelf,Furniture,North,14,5640,20,451,5326,78960,3,1,2023
7177,2024-12-17,Bed,Furniture,North,3,35085,14,337,1259,105255,12,4,2024
7178,2023-08-10,Sofa,Furniture,East,19,39601,3,361,6333,752419,8,3,2023
7179,2025-09-21,Office Chair,Furniture,East,18,26302,17,298,3303,473436,9,3,2025
7180,2023-10-02,Bookshelf,Furniture,South,19,34560,10,408,4814,656640,10,4,2023
7181,2024-08-11,Office Chair,Furniture,South,12,41374,20,62,2771,496488,8,3,2024
7182,2022-09-24,Bed,Furniture,North,10,40248,5,355,5766,402480,9,3,2022
7183,2022-05-07,Study Table,Furniture,West,16,24942,4,191,3066,399072,5,2,2022
7184,2023-04-29,Coffee Table,Furniture,West,2,41455,11,435,8616,82910,4,2,2023
7185,2025-10-15,Bed,Furniture,South,17,34729,19,490,6274,590393,10,4,2025
7186,2025-09-28,Bed,Furniture,East,9,47690,19,303,6696,429210,9,3,2025
7187,2022-08-06,Coffee Table,Furniture,East,17,11377,13,381,4324,193409,8,3,2022
7188,2025-11-02,Study Table,Furniture,North,8,46286,6,486,7597,370288,11,4,2025
7189,2024-03-26,Bookshelf,Furniture,West,8,43634,16,309,1942,349072,3,1,2024
7190,2025-08-21,Wardrobe,Furniture,West,15,25931,13,207,3116,388965,8,3,2025
7191,2024-01-08,Dining Table,Furniture,West,19,30728,6,92,4199,583832,1,1,2024
7192,2023-09-21,Coffee Table,Furniture,West,5,30265,10,333,5087,151325,9,3,2023
7193,2025-06-27,Bed,Furniture,North,19,9448,20,493,1019,179512,6,2,2025
7194,2024-11-26,Coffee Table,Furniture,East,11,42328,12,102,4378,465608,11,4,2024
7195,2023-11-25,Sofa,Furniture,North,6,24302,14,184,2487,145812,11,4,2023
7196,2023-11-30,Dining Table,Furniture,East,13,17315,13,369,3356,225095,11,4,2023
7197,2023-05-26,Bed,Furniture,West,9,45337,14,447,8502,408033,5,2,2023
7198,2025-05-16,Coffee Table,Furniture,East,5,4625,15,120,1210,23125,5,2,2025
7199,2024-12-11,Dining Table,Furniture,South,19,46482,4,198,5300,883158,12,4,2024
7200,2023-08-24,Dining Table,Furniture,West,14,12611,9,447,8948,176554,8,3,2023
7201,2023-11-04,Dining Table,Furniture,West,4,18160,16,248,5846,72640,11,4,2023
7202,2024-07-04,Study Table,Furniture,East,9,9792,12,152,2458,88128,7,3,2024
7203,2022-05-17,Study Table,Furniture,South,4,31901,4,277,6823,127604,5,2,2022
7204,2025-01-17,Wardrobe,Furniture,North,19,6024,14,412,6761,114456,1,1,2025
7205,2022-08-31,Coffee Table,Furniture,West,17,35919,4,173,7022,610623,8,3,2022
7206,2023-08-20,Coffee Table,Furniture,West,11,25412,12,333,1036,279532,8,3,2023
7207,2022-11-12,Study Table,Furniture,North,5,46445,10,327,6672,232225,11,4,2022
7208,2022-09-27,Bed,Furniture,North,3,2338,1,133,3431,7014,9,3,2022
7209,2022-02-10,Coffee Table,Furniture,West,15,29770,9,310,6994,446550,2,1,2022
7210,2024-05-11,Coffee Table,Furniture,North,13,3282,6,411,9069,42666,5,2,2024
7211,2023-05-22,Coffee Table,Furniture,South,8,29366,7,345,2463,234928,5,2,2023
7212,2022-09-03,Study Table,Furniture,South,13,10387,7,417,3130,135031,9,3,2022
7213,2025-12-10,Dining Table,Furniture,West,11,30227,16,160,4678,332497,12,4,2025
7214,2025-04-19,Office Chair,Furniture,South,1,26107,14,456,5255,26107,4,2,2025
7215,2023-08-01,Office Chair,Furniture,East,11,34475,4,78,7737,379225,8,3,2023
7216,2024-11-02,Office Chair,Furniture,South,17,2559,17,269,1232,43503,11,4,2024
7217,2022-11-20,Sofa,Furniture,South,18,8218,7,470,7959,147924,11,4,2022
7218,2023-12-02,Sofa,Furniture,West,10,29062,6,445,3279,290620,12,4,2023
7219,2024-09-03,Office Chair,Furniture,East,18,6924,15,492,1803,124632,9,3,2024
7220,2024-07-19,Study Table,Furniture,North,15,28118,15,457,9074,421770,7,3,2024
7221,2025-02-04,Study Table,Furniture,East,18,40088,12,82,7713,721584,2,1,2025
7222,2023-08-07,Bookshelf,Furniture,East,15,35345,10,334,6641,530175,8,3,2023
7223,2025-12-03,Study Table,Furniture,South,20,31011,12,322,2214,620220,12,4,2025
7224,2025-06-30,Dining Table,Furniture,North,17,49847,20,443,2247,847399,6,2,2025
7225,2024-02-18,Bookshelf,Furniture,West,9,42175,11,348,7385,379575,2,1,2024
7226,2022-07-02,Bookshelf,Furniture,East,3,3912,14,265,4694,11736,7,3,2022
7227,2022-03-25,Sofa,Furniture,North,3,20303,18,339,2656,60909,3,1,2022
7228,2024-12-22,Coffee Table,Furniture,East,17,13541,7,95,3006,230197,12,4,2024
7229,2025-10-26,Wardrobe,Furniture,South,4,47289,6,443,7532,189156,10,4,2025
7230,2023-06-20,Bed,Furniture,West,3,33342,6,453,4477,100026,6,2,2023
7231,2022-03-20,Coffee Table,Furniture,West,7,47475,14,400,2629,332325,3,1,2022
7232,2022-03-28,Wardrobe,Furniture,South,19,17309,11,225,5551,328871,3,1,2022
7233,2022-07-18,Office Chair,Furniture,North,17,15561,4,258,2178,264537,7,3,2022
7234,2025-01-13,Bookshelf,Furniture,East,14,45286,9,209,6617,634004,1,1,2025
7235,2025-12-01,Wardrobe,Furniture,North,10,8992,3,336,8604,89920,12,4,2025
7236,2023-05-18,Office Chair,Furniture,East,17,17836,8,174,8628,303212,5,2,2023
7237,2023-01-17,Office Chair,Furniture,South,1,33753,3,342,7523,33753,1,1,2023
7238,2025-07-28,Coffee Table,Furniture,West,7,14673,10,193,3707,102711,7,3,2025
7239,2022-05-22,Sofa,Furniture,East,3,47553,14,486,2926,142659,5,2,2022
7240,2023-04-12,Coffee Table,Furniture,West,12,16128,0,128,2538,193536,4,2,2023
7241,2023-11-15,Wardrobe,Furniture,West,12,18354,7,426,6176,220248,11,4,2023
7242,2024-01-27,Office Chair,Furniture,North,20,49747,10,182,6462,994940,1,1,2024
7243,2022-06-23,Bookshelf,Furniture,South,11,33005,11,50,7299,363055,6,2,2022
7244,2024-12-02,Office Chair,Furniture,South,10,19685,4,156,4418,196850,12,4,2024
7245,2023-11-03,Office Chair,Furniture,East,11,40075,8,334,9051,440825,11,4,2023
7246,2023-10-04,Bookshelf,Furniture,East,2,6569,0,451,2521,13138,10,4,2023
7247,2023-04-14,Wardrobe,Furniture,South,15,15754,13,110,6721,236310,4,2,2023
7248,2025-05-29,Bookshelf,Furniture,East,11,17223,6,278,8124,189453,5,2,2025
7249,2022-11-25,Coffee Table,Furniture,West,18,48909,8,99,2485,880362,11,4,2022
7250,2023-01-31,Study Table,Furniture,South,5,16402,16,110,6254,82010,1,1,2023
7251,2024-08-18,Dining Table,Furniture,East,2,45041,18,495,1872,90082,8,3,2024
7252,2022-11-25,Study Table,Furniture,West,5,29791,12,301,6967,148955,11,4,2022
7253,2025-09-26,Dining Table,Furniture,South,18,27885,2,226,6405,501930,9,3,2025
7254,2023-12-11,Dining Table,Furniture,West,11,37172,10,351,4122,408892,12,4,2023
7255,2022-07-18,Sofa,Furniture,North,3,27201,11,387,3584,81603,7,3,2022
7256,2023-11-10,Dining Table,Furniture,South,1,35592,3,258,6384,35592,11,4,2023
7257,2025-06-05,Dining Table,Furniture,West,4,8688,4,444,8901,34752,6,2,2025
7258,2023-07-23,Wardrobe,Furniture,West,9,42870,15,237,8202,385830,7,3,2023
7259,2024-02-17,Dining Table,Furniture,North,17,7302,15,343,7046,124134,2,1,2024
7260,2024-04-23,Study Table,Furniture,East,19,38787,7,338,8379,736953,4,2,2024
7261,2022-10-06,Office Chair,Furniture,East,19,33751,2,369,9489,641269,10,4,2022
7262,2022-05-03,Dining Table,Furniture,South,15,8138,11,205,1478,122070,5,2,2022
7263,2024-11-14,Coffee Table,Furniture,North,5,38874,17,384,2218,194370,11,4,2024
7264,2023-06-12,Dining Table,Furniture,East,9,46274,7,65,9971,416466,6,2,2023
7265,2023-12-03,Bookshelf,Furniture,West,16,14362,8,245,4985,229792,12,4,2023
7266,2025-06-01,Sofa,Furniture,North,18,21508,1,74,2813,387144,6,2,2025
7267,2024-12-23,Dining Table,Furniture,East,5,3687,2,476,7383,18435,12,4,2024
7268,2025-10-30,Dining Table,Furniture,North,9,7706,1,265,9146,69354,10,4,2025
7269,2023-11-25,Sofa,Furniture,North,6,24766,14,55,6456,148596,11,4,2023
7270,2023-02-04,Coffee Table,Furniture,South,10,48841,19,96,7073,488410,2,1,2023
7271,2023-02-02,Dining Table,Furniture,South,12,48654,19,90,4491,583848,2,1,2023
7272,2023-04-15,Study Table,Furniture,South,3,49882,10,396,3108,149646,4,2,2023
7273,2022-09-27,Bed,Furniture,East,1,8503,9,488,8282,8503,9,3,2022
7274,2023-04-20,Bed,Furniture,West,12,46887,0,348,7848,562644,4,2,2023
7275,2023-01-04,Dining Table,Furniture,West,10,2152,7,91,8849,21520,1,1,2023
7276,2025-01-24,Sofa,Furniture,South,16,47598,3,363,3976,761568,1,1,2025
7277,2025-09-13,Study Table,Furniture,South,17,44196,18,244,5518,751332,9,3,2025
7278,2023-02-24,Coffee Table,Furniture,West,14,40996,16,457,4751,573944,2,1,2023
7279,2023-11-11,Office Chair,Furniture,West,6,41213,13,498,1347,247278,11,4,2023
7280,2022-12-17,Dining Table,Furniture,West,2,26437,6,373,7946,52874,12,4,2022
7281,2023-04-28,Study Table,Furniture,West,16,18053,3,462,8983,288848,4,2,2023
7282,2024-11-26,Office Chair,Furniture,West,18,16930,0,388,6836,304740,11,4,2024
7283,2023-05-15,Office Chair,Furniture,South,1,3940,8,216,8043,3940,5,2,2023
7284,2025-12-07,Bookshelf,Furniture,West,13,16282,15,334,2933,211666,12,4,2025
7285,2024-11-11,Bed,Furniture,West,15,48101,11,449,1503,721515,11,4,2024
7286,2023-07-01,Wardrobe,Furniture,West,17,41329,9,94,9556,702593,7,3,2023
7287,2025-02-26,Dining Table,Furniture,North,19,48342,9,363,7616,918498,2,1,2025
7288,2023-08-16,Office Chair,Furniture,West,15,21247,6,122,2012,318705,8,3,2023
7289,2023-06-21,Coffee Table,Furniture,West,5,27280,19,101,1641,136400,6,2,2023
7290,2024-07-01,Bed,Furniture,West,4,14833,4,135,9404,59332,7,3,2024
7291,2022-10-29,Study Table,Furniture,South,5,45987,5,231,7018,229935,10,4,2022
7292,2023-10-03,Wardrobe,Furniture,South,8,7717,3,142,3302,61736,10,4,2023
7293,2025-01-31,Sofa,Furniture,North,8,28724,5,129,2650,229792,1,1,2025
7294,2023-12-10,Dining Table,Furniture,East,14,42692,4,473,2594,597688,12,4,2023
7295,2024-10-05,Study Table,Furniture,West,7,34760,2,298,3985,243320,10,4,2024
7296,2022-02-22,Bed,Furniture,West,14,34403,5,403,3060,481642,2,1,2022
7297,2025-06-27,Study Table,Furniture,North,17,2540,10,202,4446,43180,6,2,2025
7298,2023-09-01,Dining Table,Furniture,North,11,35891,8,75,7574,394801,9,3,2023
7299,2023-08-09,Bookshelf,Furniture,South,6,10006,19,381,6909,60036,8,3,2023
7300,2025-01-08,Office Chair,Furniture,West,10,10217,0,249,6715,102170,1,1,2025
7301,2023-09-09,Dining Table,Furniture,South,9,46818,8,474,9383,421362,9,3,2023
7302,2023-06-30,Dining Table,Furniture,North,2,4922,0,276,2263,9844,6,2,2023
7303,2022-10-23,Office Chair,Furniture,South,1,37293,4,360,3028,37293,10,4,2022
7304,2023-02-08,Wardrobe,Furniture,East,4,32943,9,243,2021,131772,2,1,2023
7305,2023-01-14,Study Table,Furniture,North,16,35896,16,213,3921,574336,1,1,2023
7306,2025-07-20,Coffee Table,Furniture,South,14,15468,2,118,9354,216552,7,3,2025
7307,2022-05-13,Wardrobe,Furniture,North,15,45243,14,441,1332,678645,5,2,2022
7308,2023-07-25,Bookshelf,Furniture,North,11,34529,13,454,1613,379819,7,3,2023
7309,2022-02-26,Wardrobe,Furniture,North,2,44443,13,327,8414,88886,2,1,2022
7310,2024-06-20,Wardrobe,Furniture,West,3,21237,1,421,6160,63711,6,2,2024
7311,2025-04-13,Coffee Table,Furniture,East,17,25527,14,277,6808,433959,4,2,2025
7312,2023-10-26,Wardrobe,Furniture,North,11,27046,2,295,4712,297506,10,4,2023
7313,2024-07-13,Coffee Table,Furniture,East,8,37283,19,197,1027,298264,7,3,2024
7314,2022-05-18,Coffee Table,Furniture,East,13,11037,12,231,7249,143481,5,2,2022
7315,2022-10-11,Bed,Furniture,South,4,43744,16,340,5728,174976,10,4,2022
7316,2023-07-18,Bed,Furniture,South,20,35634,17,183,9533,712680,7,3,2023
7317,2024-12-12,Study Table,Furniture,South,12,33421,5,77,4543,401052,12,4,2024
7318,2023-04-23,Office Chair,Furniture,West,17,30850,12,101,1044,524450,4,2,2023
7319,2025-10-20,Study Table,Furniture,North,5,24191,19,126,7925,120955,10,4,2025
7320,2025-07-11,Bed,Furniture,West,17,33355,13,301,9843,567035,7,3,2025
7321,2022-06-26,Office Chair,Furniture,South,4,17200,15,57,9104,68800,6,2,2022
7322,2023-08-05,Bed,Furniture,South,17,43561,17,60,2446,740537,8,3,2023
7323,2023-11-08,Bookshelf,Furniture,North,11,4664,0,264,6111,51304,11,4,2023
7324,2022-03-19,Study Table,Furniture,North,1,48427,3,207,1726,48427,3,1,2022
7325,2025-03-07,Study Table,Furniture,North,20,45570,4,475,2438,911400,3,1,2025
7326,2022-12-02,Study Table,Furniture,North,8,26484,15,164,3154,211872,12,4,2022
7327,2024-12-08,Study Table,Furniture,South,15,30987,18,98,1284,464805,12,4,2024
7328,2024-11-10,Study Table,Furniture,East,18,34160,9,118,2853,614880,11,4,2024
7329,2023-05-15,Study Table,Furniture,South,9,28495,6,196,7391,256455,5,2,2023
7330,2024-02-02,Sofa,Furniture,West,17,46230,16,127,3213,785910,2,1,2024
7331,2023-03-20,Wardrobe,Furniture,East,2,38174,17,153,2314,76348,3,1,2023
7332,2022-06-14,Bookshelf,Furniture,East,11,37611,7,313,9879,413721,6,2,2022
7333,2023-06-01,Dining Table,Furniture,West,6,25185,18,108,2097,151110,6,2,2023
7334,2025-09-30,Bookshelf,Furniture,East,6,36260,13,73,9509,217560,9,3,2025
7335,2025-01-24,Bookshelf,Furniture,West,14,8556,0,385,4807,119784,1,1,2025
7336,2024-07-23,Office Chair,Furniture,North,6,23927,15,310,6955,143562,7,3,2024
7337,2024-09-22,Office Chair,Furniture,North,18,2520,4,325,3095,45360,9,3,2024
7338,2022-10-30,Study Table,Furniture,West,15,32451,4,498,1765,486765,10,4,2022
7339,2024-06-30,Wardrobe,Furniture,North,2,46127,13,274,9080,92254,6,2,2024
7340,2024-06-15,Coffee Table,Furniture,West,20,37961,0,333,3200,759220,6,2,2024
7341,2023-12-24,Bed,Furniture,West,18,7659,6,413,4544,137862,12,4,2023
7342,2024-05-02,Wardrobe,Furniture,South,10,11911,0,143,4836,119110,5,2,2024
7343,2024-01-22,Sofa,Furniture,West,2,32387,9,286,7767,64774,1,1,2024
7344,2022-11-05,Wardrobe,Furniture,North,20,4215,1,85,1678,84300,11,4,2022
7345,2025-04-30,Sofa,Furniture,West,10,9871,3,139,3145,98710,4,2,2025
7346,2023-07-28,Dining Table,Furniture,South,20,35748,18,210,8586,714960,7,3,2023
7347,2022-08-28,Wardrobe,Furniture,South,3,33333,11,108,2392,99999,8,3,2022
7348,2024-05-08,Dining Table,Furniture,South,1,43805,9,283,9176,43805,5,2,2024
7349,2022-07-09,Dining Table,Furniture,East,20,46865,11,492,6445,937300,7,3,2022
7350,2023-11-07,Office Chair,Furniture,South,15,49166,9,441,5947,737490,11,4,2023
7351,2022-09-19,Study Table,Furniture,West,13,7126,17,397,4789,92638,9,3,2022
7352,2023-09-18,Sofa,Furniture,North,18,20009,2,456,7513,360162,9,3,2023
7353,2023-11-28,Coffee Table,Furniture,West,1,31631,19,290,2579,31631,11,4,2023
7354,2022-04-19,Bookshelf,Furniture,West,13,26167,10,478,3812,340171,4,2,2022
7355,2022-02-26,Office Chair,Furniture,South,13,10102,1,294,5143,131326,2,1,2022
7356,2023-12-28,Sofa,Furniture,South,11,37752,12,169,7470,415272,12,4,2023
7357,2024-03-13,Dining Table,Furniture,East,18,48752,14,175,6595,877536,3,1,2024
7358,2025-12-30,Bookshelf,Furniture,South,20,19574,0,491,7357,391480,12,4,2025
7359,2024-03-15,Coffee Table,Furniture,North,19,47186,6,402,9469,896534,3,1,2024
7360,2023-08-03,Bed,Furniture,South,15,32862,4,282,8036,492930,8,3,2023
7361,2024-09-06,Wardrobe,Furniture,South,4,44533,3,259,2287,178132,9,3,2024
7362,2023-07-04,Sofa,Furniture,East,12,27135,9,268,2068,325620,7,3,2023
7363,2025-01-02,Study Table,Furniture,South,5,39533,16,275,7613,197665,1,1,2025
7364,2024-11-22,Office Chair,Furniture,South,3,38044,2,253,2490,114132,11,4,2024
7365,2022-04-09,Bookshelf,Furniture,North,12,14563,10,205,7917,174756,4,2,2022
7366,2022-01-05,Bookshelf,Furniture,South,13,35338,9,242,4344,459394,1,1,2022
7367,2024-04-06,Bed,Furniture,North,6,9616,11,348,7301,57696,4,2,2024
7368,2025-06-13,Office Chair,Furniture,South,16,13032,19,444,2095,208512,6,2,2025
7369,2023-05-22,Wardrobe,Furniture,South,13,37664,5,484,8341,489632,5,2,2023
7370,2025-12-28,Bed,Furniture,North,14,41284,10,179,4367,577976,12,4,2025
7371,2023-01-03,Dining Table,Furniture,West,6,13658,10,237,8345,81948,1,1,2023
7372,2025-01-15,Office Chair,Furniture,South,20,39213,3,325,6622,784260,1,1,2025
7373,2025-02-17,Sofa,Furniture,West,6,26075,13,68,3089,156450,2,1,2025
7374,2023-05-08,Wardrobe,Furniture,South,2,13636,4,296,5056,27272,5,2,2023
7375,2025-02-03,Bookshelf,Furniture,West,18,23575,11,112,6359,424350,2,1,2025
7376,2023-01-22,Dining Table,Furniture,East,16,46760,19,324,5086,748160,1,1,2023
7377,2022-08-25,Sofa,Furniture,West,20,18483,1,87,9561,369660,8,3,2022
7378,2024-10-01,Study Table,Furniture,North,2,40260,0,122,5144,80520,10,4,2024
7379,2024-06-07,Dining Table,Furniture,East,8,19125,10,332,3876,153000,6,2,2024
7380,2024-11-01,Office Chair,Furniture,East,12,42820,12,299,8524,513840,11,4,2024
7381,2025-07-28,Bookshelf,Furniture,South,20,40777,1,216,7279,815540,7,3,2025
7382,2022-01-20,Dining Table,Furniture,East,7,4759,19,434,2914,33313,1,1,2022
7383,2025-03-12,Study Table,Furniture,East,8,47835,15,395,3077,382680,3,1,2025
7384,2025-02-21,Bookshelf,Furniture,West,6,10853,18,203,7248,65118,2,1,2025
7385,2022-11-02,Coffee Table,Furniture,North,2,44165,9,416,6482,88330,11,4,2022
7386,2023-12-20,Sofa,Furniture,South,4,24748,2,351,3267,98992,12,4,2023
7387,2024-08-12,Wardrobe,Furniture,East,8,19032,3,439,2606,152256,8,3,2024
7388,2025-03-24,Coffee Table,Furniture,South,4,14802,4,197,5469,59208,3,1,2025
7389,2024-01-17,Dining Table,Furniture,South,13,24226,18,342,9326,314938,1,1,2024
7390,2024-01-06,Bookshelf,Furniture,West,10,18830,13,109,2490,188300,1,1,2024
7391,2025-10-23,Wardrobe,Furniture,South,14,11135,9,228,6489,155890,10,4,2025
7392,2025-08-25,Coffee Table,Furniture,West,5,33132,14,200,5061,165660,8,3,2025
7393,2024-02-18,Dining Table,Furniture,West,14,30800,7,57,5015,431200,2,1,2024
7394,2024-03-04,Study Table,Furniture,North,9,31445,17,396,1748,283005,3,1,2024
7395,2025-11-30,Sofa,Furniture,East,10,41560,12,277,7091,415600,11,4,2025
7396,2025-10-16,Bed,Furniture,East,15,47866,9,475,4003,717990,10,4,2025
7397,2025-12-16,Dining Table,Furniture,South,10,48513,1,327,9658,485130,12,4,2025
7398,2023-12-01,Bookshelf,Furniture,West,16,47563,0,392,5232,761008,12,4,2023
7399,2024-03-06,Office Chair,Furniture,West,15,34175,5,92,9903,512625,3,1,2024
7400,2024-12-05,Study Table,Furniture,North,8,18353,11,500,5771,146824,12,4,2024
7401,2022-10-07,Dining Table,Furniture,West,2,47698,5,390,2874,95396,10,4,2022
7402,2024-12-18,Bed,Furniture,North,11,2334,2,395,9372,25674,12,4,2024
7403,2025-07-31,Wardrobe,Furniture,South,15,36061,15,304,3474,540915,7,3,2025
7404,2023-05-19,Coffee Table,Furniture,South,17,29844,0,244,2184,507348,5,2,2023
7405,2023-06-13,Bookshelf,Furniture,West,1,49334,15,453,7694,49334,6,2,2023
7406,2022-02-07,Study Table,Furniture,West,13,26051,18,138,1969,338663,2,1,2022
7407,2025-10-23,Coffee Table,Furniture,West,14,11678,5,273,5810,163492,10,4,2025
7408,2023-08-30,Office Chair,Furniture,South,11,9663,7,136,1621,106293,8,3,2023
7409,2025-09-18,Office Chair,Furniture,South,12,25203,11,115,2435,302436,9,3,2025
7410,2023-03-22,Wardrobe,Furniture,East,3,47930,16,241,1164,143790,3,1,2023
7411,2023-07-02,Dining Table,Furniture,East,7,10993,16,443,2457,76951,7,3,2023
7412,2025-10-29,Sofa,Furniture,West,9,22781,19,68,3983,205029,10,4,2025
7413,2022-05-30,Dining Table,Furniture,East,20,35192,5,185,1557,703840,5,2,2022
7414,2025-04-13,Study Table,Furniture,East,9,21950,6,50,4134,197550,4,2,2025
7415,2024-09-15,Bookshelf,Furniture,East,1,6980,13,54,8351,6980,9,3,2024
7416,2023-03-23,Coffee Table,Furniture,West,16,38167,3,238,2323,610672,3,1,2023
7417,2025-01-20,Bed,Furniture,South,14,33701,10,117,5946,471814,1,1,2025
7418,2023-03-31,Bed,Furniture,South,6,30245,3,62,8508,181470,3,1,2023
7419,2025-07-27,Dining Table,Furniture,West,10,3803,17,349,4339,38030,7,3,2025
7420,2024-01-21,Office Chair,Furniture,South,11,5991,19,286,4581,65901,1,1,2024
7421,2024-12-27,Coffee Table,Furniture,West,7,41779,2,118,6079,292453,12,4,2024
7422,2025-02-15,Coffee Table,Furniture,South,9,36961,5,141,6439,332649,2,1,2025
7423,2022-03-01,Office Chair,Furniture,East,2,20147,13,100,6682,40294,3,1,2022
7424,2022-05-14,Bed,Furniture,East,19,46340,1,176,2921,880460,5,2,2022
7425,2024-08-14,Dining Table,Furniture,South,2,9173,5,382,6357,18346,8,3,2024
7426,2022-04-13,Dining Table,Furniture,East,13,7067,1,356,8412,91871,4,2,2022
7427,2022-09-21,Study Table,Furniture,South,9,35779,19,375,6399,322011,9,3,2022
7428,2024-05-06,Study Table,Furniture,South,5,48280,10,368,9247,241400,5,2,2024
7429,2023-04-13,Wardrobe,Furniture,South,12,23738,1,305,8533,284856,4,2,2023
7430,2023-05-15,Dining Table,Furniture,North,8,31815,1,407,4960,254520,5,2,2023
7431,2022-12-08,Bookshelf,Furniture,West,15,22915,11,195,6161,343725,12,4,2022
7432,2023-10-17,Bed,Furniture,North,19,20495,13,119,7315,389405,10,4,2023
7433,2022-09-18,Study Table,Furniture,West,13,21462,19,161,4844,279006,9,3,2022
7434,2024-03-26,Study Table,Furniture,North,14,25542,7,277,7201,357588,3,1,2024
7435,2022-06-28,Wardrobe,Furniture,North,3,34888,18,145,3630,104664,6,2,2022
7436,2023-11-08,Bed,Furniture,West,1,9446,10,72,3462,9446,11,4,2023
7437,2025-12-22,Office Chair,Furniture,South,10,45690,19,226,4204,456900,12,4,2025
7438,2024-11-03,Sofa,Furniture,North,20,33699,8,306,9737,673980,11,4,2024
7439,2024-11-28,Sofa,Furniture,South,4,31167,15,359,6963,124668,11,4,2024
7440,2022-07-16,Coffee Table,Furniture,South,12,19262,15,443,8682,231144,7,3,2022
7441,2024-09-11,Dining Table,Furniture,North,14,29977,0,234,5375,419678,9,3,2024
7442,2025-12-20,Sofa,Furniture,South,2,31780,1,241,5471,63560,12,4,2025
7443,2024-06-09,Dining Table,Furniture,South,15,41309,19,214,6817,619635,6,2,2024
7444,2024-07-02,Bed,Furniture,East,3,42176,19,243,5583,126528,7,3,2024
7445,2023-12-30,Bookshelf,Furniture,East,2,22538,10,216,7085,45076,12,4,2023
7446,2024-09-22,Office Chair,Furniture,East,1,16897,18,288,6662,16897,9,3,2024
7447,2022-02-23,Dining Table,Furniture,West,18,40503,12,435,1481,729054,2,1,2022
7448,2024-08-14,Study Table,Furniture,West,20,16914,17,258,8111,338280,8,3,2024
7449,2024-09-02,Bookshelf,Furniture,South,18,43998,19,388,9350,791964,9,3,2024
7450,2023-06-18,Office Chair,Furniture,East,7,20208,20,167,6268,141456,6,2,2023
7451,2024-01-16,Wardrobe,Furniture,East,8,12791,8,76,4779,102328,1,1,2024
7452,2024-09-04,Coffee Table,Furniture,South,1,30441,15,282,7956,30441,9,3,2024
7453,2023-08-18,Bed,Furniture,South,16,3059,14,313,4399,48944,8,3,2023
7454,2023-07-12,Bed,Furniture,West,18,49969,15,409,5804,899442,7,3,2023
7455,2024-09-19,Dining Table,Furniture,West,20,36516,16,241,3161,730320,9,3,2024
7456,2025-12-03,Wardrobe,Furniture,North,19,3581,10,379,1199,68039,12,4,2025
7457,2023-05-06,Bed,Furniture,East,7,39125,1,84,1394,273875,5,2,2023
7458,2023-10-12,Bed,Furniture,West,18,17973,8,332,5582,323514,10,4,2023
7459,2022-03-03,Coffee Table,Furniture,West,16,45037,13,196,7730,720592,3,1,2022
7460,2023-08-06,Sofa,Furniture,West,4,46477,0,388,8897,185908,8,3,2023
7461,2025-08-11,Coffee Table,Furniture,East,13,41954,7,64,3741,545402,8,3,2025
7462,2024-11-29,Study Table,Furniture,West,18,6135,1,479,2331,110430,11,4,2024
7463,2022-09-26,Office Chair,Furniture,North,17,41805,20,222,6277,710685,9,3,2022
7464,2025-04-24,Bed,Furniture,South,8,34490,20,169,2201,275920,4,2,2025
7465,2023-07-06,Sofa,Furniture,West,6,49123,20,157,4007,294738,7,3,2023
7466,2024-08-07,Bed,Furniture,West,13,31062,1,250,9102,403806,8,3,2024
7467,2022-03-31,Wardrobe,Furniture,East,8,15005,12,345,2499,120040,3,1,2022
7468,2025-02-02,Office Chair,Furniture,West,9,16623,15,170,2219,149607,2,1,2025
7469,2022-02-01,Bed,Furniture,East,20,13690,14,55,8354,273800,2,1,2022
7470,2024-10-22,Office Chair,Furniture,East,14,31915,3,121,6724,446810,10,4,2024
7471,2023-12-20,Bookshelf,Furniture,West,16,34556,12,169,6052,552896,12,4,2023
7472,2022-04-23,Sofa,Furniture,West,11,44406,7,452,4047,488466,4,2,2022
7473,2022-02-02,Office Chair,Furniture,South,12,30585,15,222,5571,367020,2,1,2022
7474,2022-07-22,Office Chair,Furniture,East,15,14486,4,175,1502,217290,7,3,2022
7475,2022-03-29,Study Table,Furniture,South,16,15290,5,178,8230,244640,3,1,2022
7476,2022-02-27,Bookshelf,Furniture,South,16,44867,11,62,3804,717872,2,1,2022
7477,2023-08-23,Bookshelf,Furniture,West,10,23535,20,81,4257,235350,8,3,2023
7478,2024-08-15,Office Chair,Furniture,South,3,24689,17,436,8572,74067,8,3,2024
7479,2025-03-04,Office Chair,Furniture,West,11,49959,5,59,9506,549549,3,1,2025
7480,2024-11-02,Bookshelf,Furniture,East,1,33032,14,474,6563,33032,11,4,2024
7481,2025-09-14,Study Table,Furniture,West,12,37935,7,86,6563,455220,9,3,2025
7482,2022-05-03,Sofa,Furniture,North,2,6508,13,444,1797,13016,5,2,2022
7483,2024-09-06,Office Chair,Furniture,South,16,6897,1,207,4364,110352,9,3,2024
7484,2023-11-16,Office Chair,Furniture,South,14,8277,14,380,3127,115878,11,4,2023
7485,2024-04-28,Study Table,Furniture,East,13,30093,17,458,5167,391209,4,2,2024
7486,2022-07-10,Bed,Furniture,East,4,41671,18,431,4267,166684,7,3,2022
7487,2025-05-27,Dining Table,Furniture,North,13,48172,10,219,6870,626236,5,2,2025
7488,2022-06-28,Study Table,Furniture,South,5,11314,5,153,1626,56570,6,2,2022
7489,2025-04-08,Sofa,Furniture,South,14,17707,2,294,5512,247898,4,2,2025
7490,2023-01-28,Study Table,Furniture,South,6,36187,12,282,1710,217122,1,1,2023
7491,2025-05-30,Office Chair,Furniture,East,8,14230,4,167,6403,113840,5,2,2025
7492,2025-07-03,Bed,Furniture,South,7,48586,11,150,7219,340102,7,3,2025
7493,2023-01-18,Sofa,Furniture,South,1,24133,4,367,7842,24133,1,1,2023
7494,2023-03-26,Bed,Furniture,South,13,5306,12,302,4782,68978,3,1,2023
7495,2022-03-08,Bookshelf,Furniture,West,14,41928,16,367,5717,586992,3,1,2022
7496,2025-07-01,Bookshelf,Furniture,South,9,36202,4,496,7816,325818,7,3,2025
7497,2023-11-02,Dining Table,Furniture,South,9,45524,10,351,9848,409716,11,4,2023
7498,2023-11-05,Wardrobe,Furniture,West,19,46995,15,85,2951,892905,11,4,2023
7499,2023-12-04,Sofa,Furniture,North,6,30774,3,244,7997,184644,12,4,2023
7500,2023-08-07,Wardrobe,Furniture,North,8,23719,7,90,7830,189752,8,3,2023
7501,2025-02-20,Study Table,Furniture,West,20,11791,14,237,2572,235820,2,1,2025
7502,2024-09-19,Coffee Table,Furniture,West,8,45232,4,253,3499,361856,9,3,2024
7503,2024-06-21,Bed,Furniture,South,10,46965,4,60,9936,469650,6,2,2024
7504,2025-12-03,Wardrobe,Furniture,North,18,29425,17,325,7218,529650,12,4,2025
7505,2025-12-06,Dining Table,Furniture,West,3,17635,10,377,9838,52905,12,4,2025
7506,2022-05-03,Sofa,Furniture,East,15,16918,17,436,8453,253770,5,2,2022
7507,2023-12-29,Office Chair,Furniture,West,12,12609,0,470,4721,151308,12,4,2023
7508,2022-11-19,Bed,Furniture,South,10,5803,2,75,6287,58030,11,4,2022
7509,2025-02-12,Sofa,Furniture,North,6,10122,1,299,3989,60732,2,1,2025
7510,2022-06-21,Dining Table,Furniture,West,15,24924,15,221,9320,373860,6,2,2022
7511,2022-03-12,Wardrobe,Furniture,South,12,20399,20,211,1819,244788,3,1,2022
7512,2024-07-21,Coffee Table,Furniture,East,12,7274,16,50,6443,87288,7,3,2024
7513,2024-06-22,Wardrobe,Furniture,South,9,28566,5,251,4338,257094,6,2,2024
7514,2024-06-12,Bed,Furniture,West,8,13099,0,74,4200,104792,6,2,2024
7515,2022-11-15,Wardrobe,Furniture,North,10,15422,15,355,6066,154220,11,4,2022
7516,2022-04-02,Sofa,Furniture,North,10,41692,12,65,4350,416920,4,2,2022
7517,2023-10-22,Wardrobe,Furniture,East,15,22412,15,438,9219,336180,10,4,2023
7518,2023-02-13,Bookshelf,Furniture,North,3,21635,20,241,6054,64905,2,1,2023
7519,2025-07-25,Dining Table,Furniture,West,11,8289,4,307,8671,91179,7,3,2025
7520,2025-01-07,Study Table,Furniture,East,1,17447,8,74,7424,17447,1,1,2025
7521,2025-06-03,Dining Table,Furniture,East,3,13649,10,360,9774,40947,6,2,2025
7522,2024-09-13,Study Table,Furniture,North,20,12271,9,181,4502,245420,9,3,2024
7523,2023-09-14,Sofa,Furniture,West,8,43396,5,378,2798,347168,9,3,2023
7524,2025-04-13,Bookshelf,Furniture,East,5,44005,15,395,1590,220025,4,2,2025
7525,2024-09-19,Bed,Furniture,West,10,46117,7,264,9135,461170,9,3,2024
7526,2022-10-17,Bed,Furniture,North,18,8271,14,207,6886,148878,10,4,2022
7527,2022-03-03,Bookshelf,Furniture,North,5,43298,9,423,4630,216490,3,1,2022
7528,2024-04-21,Study Table,Furniture,East,20,40961,9,393,9894,819220,4,2,2024
7529,2022-03-03,Office Chair,Furniture,East,13,19375,12,233,8232,251875,3,1,2022
7530,2024-02-21,Bed,Furniture,North,11,42249,9,188,6339,464739,2,1,2024
7531,2022-09-06,Sofa,Furniture,West,2,47070,12,156,7441,94140,9,3,2022
7532,2025-09-01,Sofa,Furniture,East,15,33808,2,479,7774,507120,9,3,2025
7533,2023-03-22,Sofa,Furniture,South,11,23166,19,124,7855,254826,3,1,2023
7534,2024-09-22,Bookshelf,Furniture,North,1,41074,15,317,7072,41074,9,3,2024
7535,2024-06-10,Bookshelf,Furniture,West,11,42706,0,340,9754,469766,6,2,2024
7536,2023-05-26,Office Chair,Furniture,East,6,31661,18,475,1286,189966,5,2,2023
7537,2022-05-03,Study Table,Furniture,North,16,40878,3,116,1765,654048,5,2,2022
7538,2023-08-01,Wardrobe,Furniture,East,15,30987,0,147,8241,464805,8,3,2023
7539,2025-01-03,Sofa,Furniture,South,9,19839,5,172,8759,178551,1,1,2025
7540,2022-01-28,Bed,Furniture,East,4,40705,2,493,5273,162820,1,1,2022
7541,2023-05-09,Dining Table,Furniture,South,2,28621,6,367,4228,57242,5,2,2023
7542,2022-06-02,Study Table,Furniture,West,2,40248,4,321,3534,80496,6,2,2022
7543,2025-06-20,Dining Table,Furniture,South,10,6781,1,180,5698,67810,6,2,2025
7544,2022-08-23,Bookshelf,Furniture,South,6,16934,14,99,3035,101604,8,3,2022
7545,2024-01-21,Coffee Table,Furniture,South,14,20878,1,173,1894,292292,1,1,2024
7546,2022-06-18,Bed,Furniture,West,15,21758,10,486,3946,326370,6,2,2022
7547,2023-05-11,Sofa,Furniture,South,9,47603,19,209,3676,428427,5,2,2023
7548,2022-05-04,Bookshelf,Furniture,East,16,4434,9,374,2891,70944,5,2,2022
7549,2023-01-16,Sofa,Furniture,East,18,31401,6,367,7630,565218,1,1,2023
7550,2023-06-11,Bookshelf,Furniture,South,15,9252,15,140,4731,138780,6,2,2023
7551,2022-08-24,Sofa,Furniture,West,1,19511,20,391,6370,19511,8,3,2022
7552,2025-08-18,Bed,Furniture,East,14,25327,10,436,7875,354578,8,3,2025
7553,2025-10-22,Coffee Table,Furniture,East,1,47197,18,321,1670,47197,10,4,2025
7554,2025-02-23,Office Chair,Furniture,East,6,38278,4,86,4249,229668,2,1,2025
7555,2024-05-18,Sofa,Furniture,South,12,25751,3,275,9405,309012,5,2,2024
7556,2024-11-23,Wardrobe,Furniture,North,20,7156,12,127,5080,143120,11,4,2024
7557,2023-07-23,Bookshelf,Furniture,North,18,13316,10,68,3680,239688,7,3,2023
7558,2023-10-28,Bed,Furniture,South,12,23531,19,182,5422,282372,10,4,2023
7559,2025-03-10,Bookshelf,Furniture,South,19,40659,15,156,4151,772521,3,1,2025
7560,2025-03-27,Bed,Furniture,East,2,23800,0,264,1265,47600,3,1,2025
7561,2024-12-31,Study Table,Furniture,East,10,34558,1,89,5610,345580,12,4,2024
7562,2023-07-05,Coffee Table,Furniture,North,1,41471,8,444,4294,41471,7,3,2023
7563,2023-06-15,Wardrobe,Furniture,West,20,28714,7,269,2211,574280,6,2,2023
7564,2025-02-21,Bookshelf,Furniture,West,11,34940,15,432,2053,384340,2,1,2025
7565,2022-03-26,Dining Table,Furniture,West,18,22355,14,430,8001,402390,3,1,2022
7566,2025-08-21,Dining Table,Furniture,South,12,33851,10,305,7418,406212,8,3,2025
7567,2022-08-22,Office Chair,Furniture,West,12,13628,15,125,5741,163536,8,3,2022
7568,2024-02-15,Office Chair,Furniture,North,14,7403,17,459,3676,103642,2,1,2024
7569,2023-11-28,Sofa,Furniture,North,16,44617,2,185,9520,713872,11,4,2023
7570,2024-09-18,Study Table,Furniture,South,16,32531,12,250,6208,520496,9,3,2024
7571,2024-01-07,Office Chair,Furniture,North,12,32438,8,83,6347,389256,1,1,2024
7572,2022-02-23,Office Chair,Furniture,South,11,28689,20,118,9260,315579,2,1,2022
7573,2025-02-08,Study Table,Furniture,South,8,14229,9,304,4058,113832,2,1,2025
7574,2022-03-31,Dining Table,Furniture,South,15,28927,9,387,8402,433905,3,1,2022
7575,2022-03-30,Coffee Table,Furniture,West,2,22803,19,479,7367,45606,3,1,2022
7576,2025-04-04,Wardrobe,Furniture,East,15,47237,13,179,9626,708555,4,2,2025
7577,2022-12-29,Sofa,Furniture,South,5,14884,1,324,9646,74420,12,4,2022
7578,2023-11-16,Bed,Furniture,East,14,9624,13,449,6848,134736,11,4,2023
7579,2022-04-04,Wardrobe,Furniture,South,19,31468,8,88,7717,597892,4,2,2022
7580,2022-11-24,Bed,Furniture,East,7,33600,0,396,9394,235200,11,4,2022
7581,2023-03-21,Bookshelf,Furniture,East,3,34123,16,170,8721,102369,3,1,2023
7582,2024-02-27,Wardrobe,Furniture,East,16,31553,12,284,4074,504848,2,1,2024
7583,2022-08-15,Coffee Table,Furniture,West,16,49547,17,164,6429,792752,8,3,2022
7584,2025-04-27,Sofa,Furniture,South,4,12499,6,226,6023,49996,4,2,2025
7585,2025-01-06,Coffee Table,Furniture,North,20,21921,8,460,6621,438420,1,1,2025
7586,2022-12-18,Bed,Furniture,East,18,43103,0,95,7201,775854,12,4,2022
7587,2022-12-13,Dining Table,Furniture,South,16,37203,6,272,2553,595248,12,4,2022
7588,2022-01-10,Coffee Table,Furniture,East,4,22988,6,382,7649,91952,1,1,2022
7589,2022-04-01,Bookshelf,Furniture,North,7,49139,19,490,6573,343973,4,2,2022
7590,2022-02-03,Office Chair,Furniture,South,6,39820,16,173,9610,238920,2,1,2022
7591,2025-06-28,Sofa,Furniture,East,19,44973,14,179,2545,854487,6,2,2025
7592,2022-12-26,Study Table,Furniture,South,18,6265,12,372,3225,112770,12,4,2022
7593,2022-01-07,Wardrobe,Furniture,North,13,35196,10,331,1492,457548,1,1,2022
7594,2025-11-26,Study Table,Furniture,West,17,17253,19,116,9041,293301,11,4,2025
7595,2022-06-20,Bed,Furniture,West,9,22163,5,437,7938,199467,6,2,2022
7596,2025-05-23,Office Chair,Furniture,South,16,9956,14,164,7963,159296,5,2,2025
7597,2025-06-27,Office Chair,Furniture,South,3,12745,19,161,9799,38235,6,2,2025
7598,2022-12-13,Bookshelf,Furniture,East,13,17721,3,389,8456,230373,12,4,2022
7599,2023-05-12,Bed,Furniture,South,7,32406,8,388,1560,226842,5,2,2023
7600,2025-06-09,Office Chair,Furniture,West,12,4147,9,355,6792,49764,6,2,2025
7601,2023-12-29,Office Chair,Furniture,North,8,42281,9,326,7997,338248,12,4,2023
7602,2023-05-22,Bed,Furniture,West,10,47209,13,391,6819,472090,5,2,2023
7603,2023-08-01,Coffee Table,Furniture,West,16,29545,14,415,1142,472720,8,3,2023
7604,2022-06-26,Sofa,Furniture,South,3,42815,16,399,4091,128445,6,2,2022
7605,2022-09-20,Wardrobe,Furniture,North,10,6940,3,431,5909,69400,9,3,2022
7606,2022-08-29,Bookshelf,Furniture,South,12,27457,12,428,6769,329484,8,3,2022
7607,2022-12-08,Coffee Table,Furniture,East,1,30621,4,366,5604,30621,12,4,2022
7608,2023-03-14,Study Table,Furniture,West,20,14190,13,336,7410,283800,3,1,2023
7609,2025-10-29,Study Table,Furniture,West,11,20901,7,81,6189,229911,10,4,2025
7610,2022-10-14,Wardrobe,Furniture,North,10,26913,6,315,9388,269130,10,4,2022
7611,2023-01-11,Wardrobe,Furniture,South,19,45734,12,232,2704,868946,1,1,2023
7612,2022-08-05,Dining Table,Furniture,South,10,27736,13,465,3989,277360,8,3,2022
7613,2022-07-18,Bookshelf,Furniture,West,10,24168,7,386,9408,241680,7,3,2022
7614,2022-11-29,Dining Table,Furniture,South,15,38748,4,410,5844,581220,11,4,2022
7615,2025-02-07,Study Table,Furniture,West,19,13546,16,324,2722,257374,2,1,2025
7616,2024-03-25,Coffee Table,Furniture,North,19,43925,1,79,5669,834575,3,1,2024
7617,2024-11-14,Bookshelf,Furniture,West,9,3608,11,232,9975,32472,11,4,2024
7618,2024-02-29,Coffee Table,Furniture,West,6,8039,13,205,4337,48234,2,1,2024
7619,2024-10-11,Bed,Furniture,South,15,26753,18,277,4961,401295,10,4,2024
7620,2023-08-21,Sofa,Furniture,West,3,40559,16,357,5795,121677,8,3,2023
7621,2025-06-03,Office Chair,Furniture,South,1,2920,0,134,8300,2920,6,2,2025
7622,2024-12-27,Bed,Furniture,East,20,44673,1,290,1322,893460,12,4,2024
7623,2024-03-28,Sofa,Furniture,South,9,12294,6,344,4727,110646,3,1,2024
7624,2023-10-02,Bookshelf,Furniture,West,9,4382,11,404,2856,39438,10,4,2023
7625,2022-02-27,Bookshelf,Furniture,North,16,13173,16,341,7823,210768,2,1,2022
7626,2022-02-22,Study Table,Furniture,North,18,3936,9,195,6759,70848,2,1,2022
7627,2024-06-17,Dining Table,Furniture,North,2,46121,8,116,1386,92242,6,2,2024
7628,2025-07-28,Wardrobe,Furniture,North,4,6422,12,87,1827,25688,7,3,2025
7629,2022-09-09,Sofa,Furniture,South,8,19507,15,287,1578,156056,9,3,2022
7630,2022-12-22,Study Table,Furniture,North,20,31069,1,197,6931,621380,12,4,2022
7631,2023-08-24,Dining Table,Furniture,North,9,15800,8,473,3267,142200,8,3,2023
7632,2022-09-26,Wardrobe,Furniture,East,12,45188,14,383,2121,542256,9,3,2022
7633,2023-09-16,Coffee Table,Furniture,West,14,28671,16,463,8686,401394,9,3,2023
7634,2022-02-16,Bookshelf,Furniture,East,5,39575,13,248,7116,197875,2,1,2022
7635,2023-08-20,Sofa,Furniture,North,1,31744,4,220,5849,31744,8,3,2023
7636,2022-11-20,Sofa,Furniture,East,14,45704,1,127,3318,639856,11,4,2022
7637,2024-04-25,Bookshelf,Furniture,West,3,43285,6,53,6344,129855,4,2,2024
7638,2024-06-09,Dining Table,Furniture,East,15,31003,10,135,3197,465045,6,2,2024
7639,2024-06-11,Office Chair,Furniture,West,18,21483,8,196,8009,386694,6,2,2024
7640,2025-03-26,Wardrobe,Furniture,North,11,43064,11,220,5046,473704,3,1,2025
7641,2025-07-05,Bed,Furniture,South,11,16863,3,232,9773,185493,7,3,2025
7642,2024-08-26,Coffee Table,Furniture,North,15,24383,2,385,3919,365745,8,3,2024
7643,2022-09-15,Sofa,Furniture,North,14,4179,16,316,1048,58506,9,3,2022
7644,2024-10-30,Study Table,Furniture,East,9,48624,14,425,5383,437616,10,4,2024
7645,2024-10-18,Study Table,Furniture,South,14,38804,6,125,1859,543256,10,4,2024
7646,2022-05-08,Study Table,Furniture,East,6,30549,7,203,8157,183294,5,2,2022
7647,2023-06-26,Coffee Table,Furniture,South,15,26869,2,432,5584,403035,6,2,2023
7648,2025-11-29,Study Table,Furniture,South,16,44736,20,372,4454,715776,11,4,2025
7649,2023-07-23,Sofa,Furniture,North,3,7417,8,142,4014,22251,7,3,2023
7650,2023-05-25,Bookshelf,Furniture,North,2,13177,5,322,1322,26354,5,2,2023
7651,2025-05-16,Bookshelf,Furniture,West,15,18537,2,179,3808,278055,5,2,2025
7652,2025-10-30,Dining Table,Furniture,South,10,31472,13,293,8504,314720,10,4,2025
7653,2024-11-29,Office Chair,Furniture,South,5,47712,5,368,7592,238560,11,4,2024
7654,2022-09-17,Sofa,Furniture,North,12,23147,16,263,1071,277764,9,3,2022
7655,2023-08-21,Coffee Table,Furniture,East,20,3262,11,387,8596,65240,8,3,2023
7656,2025-06-06,Sofa,Furniture,South,19,45657,5,245,2191,867483,6,2,2025
7657,2023-10-10,Sofa,Furniture,South,4,26199,9,358,3729,104796,10,4,2023
7658,2023-04-26,Sofa,Furniture,East,12,19962,12,206,8480,239544,4,2,2023
7659,2024-08-13,Wardrobe,Furniture,West,13,31362,0,192,9112,407706,8,3,2024
7660,2022-02-22,Study Table,Furniture,North,18,27994,9,457,4085,503892,2,1,2022
7661,2023-01-26,Sofa,Furniture,East,15,16919,10,405,7669,253785,1,1,2023
7662,2023-02-18,Coffee Table,Furniture,West,9,28131,0,110,4028,253179,2,1,2023
7663,2023-06-14,Bed,Furniture,North,17,24348,4,301,9402,413916,6,2,2023
7664,2022-05-30,Sofa,Furniture,West,7,9400,2,478,3621,65800,5,2,2022
7665,2022-10-26,Study Table,Furniture,West,1,36506,0,298,6568,36506,10,4,2022
7666,2024-02-29,Coffee Table,Furniture,South,18,20338,3,369,9950,366084,2,1,2024
7667,2023-04-09,Office Chair,Furniture,West,13,48050,20,160,7507,624650,4,2,2023
7668,2025-08-18,Dining Table,Furniture,South,19,44710,11,92,8246,849490,8,3,2025
7669,2022-10-19,Study Table,Furniture,East,1,11731,11,259,6063,11731,10,4,2022
7670,2022-08-31,Bed,Furniture,South,3,46588,13,72,5586,139764,8,3,2022
7671,2022-11-04,Coffee Table,Furniture,North,7,5713,14,435,3530,39991,11,4,2022
7672,2024-05-07,Sofa,Furniture,West,7,10947,9,411,3310,76629,5,2,2024
7673,2022-04-26,Wardrobe,Furniture,West,4,40625,11,54,2355,162500,4,2,2022
7674,2024-08-07,Wardrobe,Furniture,South,15,41185,9,451,3386,617775,8,3,2024
7675,2023-12-05,Study Table,Furniture,West,10,45449,13,309,7889,454490,12,4,2023
7676,2022-04-21,Bed,Furniture,East,16,48078,5,66,6358,769248,4,2,2022
7677,2025-03-10,Dining Table,Furniture,North,17,25237,4,457,2817,429029,3,1,2025
7678,2024-10-29,Dining Table,Furniture,South,14,40649,14,488,7892,569086,10,4,2024
7679,2025-04-19,Sofa,Furniture,East,2,5591,6,251,3796,11182,4,2,2025
7680,2023-05-29,Study Table,Furniture,North,20,14731,8,257,5989,294620,5,2,2023
7681,2022-11-12,Coffee Table,Furniture,North,3,4471,4,94,4855,13413,11,4,2022
7682,2023-12-18,Office Chair,Furniture,West,10,49230,15,437,7773,492300,12,4,2023
7683,2025-04-07,Bed,Furniture,South,15,45559,2,310,1188,683385,4,2,2025
7684,2022-10-31,Office Chair,Furniture,West,12,19474,0,174,1315,233688,10,4,2022
7685,2022-12-20,Sofa,Furniture,North,10,46825,1,320,2257,468250,12,4,2022
7686,2025-05-25,Coffee Table,Furniture,North,19,6295,11,432,2805,119605,5,2,2025
7687,2025-03-29,Dining Table,Furniture,East,6,27877,15,261,8399,167262,3,1,2025
7688,2023-09-08,Bed,Furniture,North,19,17169,7,126,6609,326211,9,3,2023
7689,2025-03-17,Bed,Furniture,South,17,15218,18,90,8685,258706,3,1,2025
7690,2024-07-09,Study Table,Furniture,South,4,47233,4,173,5521,188932,7,3,2024
7691,2022-09-12,Sofa,Furniture,West,7,28100,10,150,5045,196700,9,3,2022
7692,2024-04-12,Dining Table,Furniture,East,6,15076,13,195,8902,90456,4,2,2024
7693,2025-05-10,Sofa,Furniture,North,4,5699,2,362,1415,22796,5,2,2025
7694,2024-05-20,Office Chair,Furniture,South,7,44848,9,488,6873,313936,5,2,2024
7695,2025-05-19,Office Chair,Furniture,West,20,43113,10,425,2174,862260,5,2,2025
7696,2025-08-14,Bookshelf,Furniture,West,2,16142,2,467,9115,32284,8,3,2025
7697,2025-05-04,Dining Table,Furniture,North,2,23011,4,443,6010,46022,5,2,2025
7698,2023-06-20,Bookshelf,Furniture,North,6,8744,8,155,9837,52464,6,2,2023
7699,2024-01-14,Dining Table,Furniture,South,11,4298,14,203,1405,47278,1,1,2024
7700,2022-01-21,Wardrobe,Furniture,North,2,47245,19,389,9366,94490,1,1,2022
7701,2024-04-19,Dining Table,Furniture,North,20,49206,17,463,1476,984120,4,2,2024
7702,2022-11-13,Coffee Table,Furniture,South,6,18619,17,288,1186,111714,11,4,2022
7703,2025-10-21,Bed,Furniture,South,12,28598,4,116,9309,343176,10,4,2025
7704,2024-01-08,Office Chair,Furniture,South,16,15395,0,382,4144,246320,1,1,2024
7705,2022-09-20,Dining Table,Furniture,South,11,24398,1,444,4707,268378,9,3,2022
7706,2023-09-20,Study Table,Furniture,South,3,2272,18,188,1874,6816,9,3,2023
7707,2025-03-12,Bed,Furniture,North,15,34270,14,266,2271,514050,3,1,2025
7708,2022-11-06,Study Table,Furniture,South,5,25075,9,459,1627,125375,11,4,2022
7709,2024-07-16,Wardrobe,Furniture,East,12,41898,9,470,1000,502776,7,3,2024
7710,2024-06-12,Coffee Table,Furniture,North,1,13013,9,384,5474,13013,6,2,2024
7711,2025-11-12,Wardrobe,Furniture,West,12,6228,19,180,3894,74736,11,4,2025
7712,2024-03-05,Coffee Table,Furniture,South,11,49593,17,387,1927,545523,3,1,2024
7713,2024-03-03,Office Chair,Furniture,West,2,16703,3,67,3427,33406,3,1,2024
7714,2024-01-02,Sofa,Furniture,West,8,29876,8,273,1733,239008,1,1,2024
7715,2025-12-12,Bookshelf,Furniture,South,10,23717,9,275,4198,237170,12,4,2025
7716,2025-01-10,Dining Table,Furniture,West,12,25606,6,129,5654,307272,1,1,2025
7717,2022-04-08,Dining Table,Furniture,East,5,11840,18,113,1625,59200,4,2,2022
7718,2023-11-27,Sofa,Furniture,East,6,38723,7,109,2983,232338,11,4,2023
7719,2023-08-26,Bookshelf,Furniture,West,4,33626,5,494,9160,134504,8,3,2023
7720,2024-12-19,Dining Table,Furniture,South,10,13989,4,189,4945,139890,12,4,2024
7721,2024-06-09,Dining Table,Furniture,West,13,40794,20,308,1023,530322,6,2,2024
7722,2023-05-08,Coffee Table,Furniture,South,13,21146,19,488,8813,274898,5,2,2023
7723,2024-09-12,Bed,Furniture,South,1,17117,16,320,1807,17117,9,3,2024
7724,2022-12-05,Bookshelf,Furniture,West,11,37982,20,371,4886,417802,12,4,2022
7725,2024-08-03,Dining Table,Furniture,North,10,27675,14,176,3353,276750,8,3,2024
7726,2023-08-17,Coffee Table,Furniture,East,10,48403,1,158,9430,484030,8,3,2023
7727,2025-11-13,Dining Table,Furniture,West,3,43922,12,241,1327,131766,11,4,2025
7728,2023-03-01,Sofa,Furniture,South,14,11802,7,154,7826,165228,3,1,2023
7729,2023-05-21,Bookshelf,Furniture,East,12,34809,0,237,7621,417708,5,2,2023
7730,2022-07-26,Sofa,Furniture,West,20,18191,0,452,4889,363820,7,3,2022
7731,2024-08-15,Sofa,Furniture,South,9,19093,6,440,9405,171837,8,3,2024
7732,2022-04-28,Bookshelf,Furniture,East,3,36269,12,259,8240,108807,4,2,2022
7733,2022-12-22,Coffee Table,Furniture,East,15,44423,2,336,8383,666345,12,4,2022
7734,2025-09-30,Coffee Table,Furniture,North,14,34542,1,267,1089,483588,9,3,2025
7735,2024-10-28,Bed,Furniture,South,14,16246,0,290,4074,227444,10,4,2024
7736,2023-09-19,Study Table,Furniture,North,15,5401,7,420,3420,81015,9,3,2023
7737,2023-04-24,Coffee Table,Furniture,North,20,49056,0,85,6170,981120,4,2,2023
7738,2022-06-21,Sofa,Furniture,West,8,33742,0,269,8155,269936,6,2,2022
7739,2024-06-24,Bookshelf,Furniture,East,16,29384,5,236,4104,470144,6,2,2024
7740,2022-10-11,Wardrobe,Furniture,South,8,21154,16,353,4570,169232,10,4,2022
7741,2023-04-14,Sofa,Furniture,North,9,25501,11,260,3685,229509,4,2,2023
7742,2023-11-30,Study Table,Furniture,West,15,39368,18,287,3295,590520,11,4,2023
7743,2022-07-25,Sofa,Furniture,West,15,7732,12,409,5854,115980,7,3,2022
7744,2022-10-19,Sofa,Furniture,East,3,28869,2,358,3774,86607,10,4,2022
7745,2025-01-23,Dining Table,Furniture,West,14,33654,19,128,9483,471156,1,1,2025
7746,2023-11-09,Bed,Furniture,North,1,3925,11,213,2221,3925,11,4,2023
7747,2022-08-25,Study Table,Furniture,West,1,18302,9,176,8267,18302,8,3,2022
7748,2024-04-08,Sofa,Furniture,West,19,18455,10,203,6791,350645,4,2,2024
7749,2025-11-14,Bed,Furniture,East,2,18436,15,179,1648,36872,11,4,2025
7750,2025-01-31,Bookshelf,Furniture,West,19,4510,10,171,9446,85690,1,1,2025
7751,2025-07-30,Dining Table,Furniture,North,15,13058,4,417,9734,195870,7,3,2025
7752,2023-04-09,Bed,Furniture,South,16,36805,5,372,9211,588880,4,2,2023
7753,2022-05-20,Bed,Furniture,South,18,32899,17,345,3407,592182,5,2,2022
7754,2022-03-23,Study Table,Furniture,North,13,24507,3,149,8683,318591,3,1,2022
7755,2023-03-31,Wardrobe,Furniture,North,18,12849,15,329,8588,231282,3,1,2023
7756,2022-08-25,Bookshelf,Furniture,South,11,26319,2,57,4023,289509,8,3,2022
7757,2025-09-14,Study Table,Furniture,South,8,28174,0,495,5886,225392,9,3,2025
7758,2024-12-19,Dining Table,Furniture,West,8,41182,18,232,8723,329456,12,4,2024
7759,2022-09-05,Office Chair,Furniture,East,19,41042,7,281,5254,779798,9,3,2022
7760,2022-03-18,Office Chair,Furniture,East,17,27307,8,273,2867,464219,3,1,2022
7761,2022-06-24,Coffee Table,Furniture,South,13,16300,7,416,8206,211900,6,2,2022
7762,2025-09-03,Coffee Table,Furniture,North,3,7179,3,298,2642,21537,9,3,2025
7763,2024-03-14,Office Chair,Furniture,East,16,48612,0,179,6537,777792,3,1,2024
7764,2022-11-05,Office Chair,Furniture,South,2,42530,8,330,3715,85060,11,4,2022
7765,2025-06-17,Wardrobe,Furniture,South,18,35633,19,249,8313,641394,6,2,2025
7766,2023-06-14,Bookshelf,Furniture,South,19,49116,8,196,3788,933204,6,2,2023
7767,2022-08-01,Study Table,Furniture,East,2,49542,12,304,8434,99084,8,3,2022
7768,2023-08-07,Wardrobe,Furniture,South,11,38512,15,299,4028,423632,8,3,2023
7769,2024-01-18,Bookshelf,Furniture,West,12,23027,7,370,9460,276324,1,1,2024
7770,2025-11-05,Bookshelf,Furniture,South,8,45988,7,481,3670,367904,11,4,2025
7771,2024-10-07,Wardrobe,Furniture,North,5,48531,20,409,2267,242655,10,4,2024
7772,2025-02-26,Wardrobe,Furniture,South,11,43223,8,118,9950,475453,2,1,2025
7773,2023-02-13,Study Table,Furniture,East,9,18453,12,64,2005,166077,2,1,2023
7774,2025-09-19,Coffee Table,Furniture,East,8,24746,16,123,7339,197968,9,3,2025
7775,2023-03-13,Bookshelf,Furniture,South,1,19305,20,493,1224,19305,3,1,2023
7776,2023-12-19,Sofa,Furniture,West,2,47445,11,291,6104,94890,12,4,2023
7777,2025-06-02,Wardrobe,Furniture,South,14,29879,5,204,3447,418306,6,2,2025
7778,2024-05-16,Bookshelf,Furniture,West,15,15765,2,492,7985,236475,5,2,2024
7779,2025-01-16,Bookshelf,Furniture,West,9,17924,13,484,9041,161316,1,1,2025
7780,2023-10-07,Bed,Furniture,East,3,22698,17,181,6593,68094,10,4,2023
7781,2025-10-05,Dining Table,Furniture,West,13,25504,19,197,7674,331552,10,4,2025
7782,2024-06-28,Office Chair,Furniture,East,4,44801,6,398,3339,179204,6,2,2024
7783,2025-07-17,Bookshelf,Furniture,West,14,17631,16,314,5606,246834,7,3,2025
7784,2022-03-30,Wardrobe,Furniture,West,9,2033,8,236,4698,18297,3,1,2022
7785,2022-06-13,Bookshelf,Furniture,North,10,19481,8,445,7384,194810,6,2,2022
7786,2025-06-27,Dining Table,Furniture,West,10,45019,14,220,1913,450190,6,2,2025
7787,2024-06-18,Dining Table,Furniture,West,5,47550,7,298,5788,237750,6,2,2024
7788,2022-02-16,Coffee Table,Furniture,South,12,18861,15,220,7090,226332,2,1,2022
7789,2023-12-14,Bed,Furniture,North,20,16782,2,460,1333,335640,12,4,2023
7790,2025-09-09,Wardrobe,Furniture,South,19,30466,0,267,2393,578854,9,3,2025
7791,2024-09-13,Wardrobe,Furniture,East,18,38627,15,86,9506,695286,9,3,2024
7792,2025-10-03,Study Table,Furniture,West,17,33458,4,153,4205,568786,10,4,2025
7793,2025-12-03,Dining Table,Furniture,West,14,49531,16,270,6182,693434,12,4,2025
7794,2023-07-30,Dining Table,Furniture,South,14,33162,2,117,8523,464268,7,3,2023
7795,2025-10-22,Bookshelf,Furniture,South,11,43701,12,351,8531,480711,10,4,2025
7796,2024-07-11,Bookshelf,Furniture,West,14,34905,20,173,3674,488670,7,3,2024
7797,2023-11-07,Wardrobe,Furniture,East,5,24869,20,90,8462,124345,11,4,2023
7798,2025-06-04,Dining Table,Furniture,East,3,43592,3,483,2048,130776,6,2,2025
7799,2022-11-17,Sofa,Furniture,West,15,38073,16,101,7857,571095,11,4,2022
7800,2022-09-22,Sofa,Furniture,North,16,18607,12,208,3330,297712,9,3,2022
7801,2022-10-11,Coffee Table,Furniture,East,1,20868,11,204,2450,20868,10,4,2022
7802,2024-05-07,Coffee Table,Furniture,East,2,27405,4,463,4980,54810,5,2,2024
7803,2025-05-07,Dining Table,Furniture,North,5,6822,9,336,1942,34110,5,2,2025
7804,2023-05-12,Bed,Furniture,North,1,30533,1,452,2576,30533,5,2,2023
7805,2024-09-08,Dining Table,Furniture,East,2,47192,3,283,3855,94384,9,3,2024
7806,2023-09-25,Office Chair,Furniture,North,10,22694,10,463,4657,226940,9,3,2023
7807,2022-09-02,Bookshelf,Furniture,East,8,23038,16,84,9340,184304,9,3,2022
7808,2023-09-28,Coffee Table,Furniture,East,3,31622,0,268,2853,94866,9,3,2023
7809,2025-02-12,Dining Table,Furniture,West,6,11169,1,362,8765,67014,2,1,2025
7810,2023-08-01,Coffee Table,Furniture,East,9,2295,16,412,5036,20655,8,3,2023
7811,2024-04-24,Coffee Table,Furniture,North,3,31077,20,329,3482,93231,4,2,2024
7812,2023-08-30,Sofa,Furniture,West,6,39890,10,145,3135,239340,8,3,2023
7813,2024-11-14,Sofa,Furniture,West,15,16860,1,279,2382,252900,11,4,2024
7814,2022-05-22,Bed,Furniture,South,11,4181,19,150,6883,45991,5,2,2022
7815,2022-07-29,Coffee Table,Furniture,South,6,3435,11,58,5559,20610,7,3,2022
7816,2024-08-08,Bed,Furniture,West,11,28457,11,243,4266,313027,8,3,2024
7817,2025-05-18,Study Table,Furniture,North,10,22155,20,210,9046,221550,5,2,2025
7818,2023-08-10,Bed,Furniture,East,6,26188,19,282,8257,157128,8,3,2023
7819,2022-04-26,Study Table,Furniture,South,11,17719,11,429,1593,194909,4,2,2022
7820,2022-06-09,Bookshelf,Furniture,West,18,49457,3,144,9976,890226,6,2,2022
7821,2025-08-29,Coffee Table,Furniture,East,18,47395,20,417,9467,853110,8,3,2025
7822,2023-07-24,Office Chair,Furniture,East,20,12004,2,235,2235,240080,7,3,2023
7823,2025-10-03,Bed,Furniture,West,6,10609,7,334,6177,63654,10,4,2025
7824,2025-02-13,Office Chair,Furniture,South,4,47527,10,239,5384,190108,2,1,2025
7825,2022-06-22,Coffee Table,Furniture,South,20,38354,0,117,3350,767080,6,2,2022
7826,2023-06-09,Office Chair,Furniture,West,3,13299,13,419,6565,39897,6,2,2023
7827,2022-04-17,Dining Table,Furniture,South,17,43080,18,299,9052,732360,4,2,2022
7828,2024-05-13,Coffee Table,Furniture,North,1,36749,20,341,3155,36749,5,2,2024
7829,2022-04-18,Dining Table,Furniture,South,7,38411,19,205,6883,268877,4,2,2022
7830,2025-07-11,Office Chair,Furniture,East,6,4084,18,325,1157,24504,7,3,2025
7831,2022-07-01,Bookshelf,Furniture,West,19,23272,15,402,8640,442168,7,3,2022
7832,2023-01-25,Dining Table,Furniture,East,1,41649,16,475,9823,41649,1,1,2023
7833,2023-04-06,Bookshelf,Furniture,North,12,34244,10,436,2529,410928,4,2,2023
7834,2022-03-14,Bed,Furniture,West,7,35131,0,232,6569,245917,3,1,2022
7835,2022-08-15,Study Table,Furniture,East,12,39715,14,219,9584,476580,8,3,2022
7836,2023-10-15,Bookshelf,Furniture,East,8,27774,16,172,7470,222192,10,4,2023
7837,2024-12-27,Coffee Table,Furniture,South,2,36240,8,483,5906,72480,12,4,2024
7838,2025-01-12,Dining Table,Furniture,West,12,41252,13,454,9918,495024,1,1,2025
7839,2023-01-26,Study Table,Furniture,East,11,18517,16,182,2867,203687,1,1,2023
7840,2022-09-18,Bookshelf,Furniture,South,4,34800,10,481,2292,139200,9,3,2022
7841,2023-12-22,Bed,Furniture,North,14,6148,14,319,9227,86072,12,4,2023
7842,2023-12-13,Bookshelf,Furniture,North,2,36570,5,292,3568,73140,12,4,2023
7843,2024-06-17,Bed,Furniture,East,20,42752,20,351,6558,855040,6,2,2024
7844,2023-04-10,Office Chair,Furniture,West,8,32555,2,482,6593,260440,4,2,2023
7845,2025-11-21,Sofa,Furniture,South,6,16987,4,483,7214,101922,11,4,2025
7846,2023-05-13,Study Table,Furniture,West,2,16971,2,193,2641,33942,5,2,2023
7847,2022-05-19,Bed,Furniture,West,17,27424,14,139,6133,466208,5,2,2022
7848,2023-07-19,Wardrobe,Furniture,East,11,26422,2,182,7542,290642,7,3,2023
7849,2022-08-14,Coffee Table,Furniture,East,6,12670,1,360,9527,76020,8,3,2022
7850,2025-02-25,Wardrobe,Furniture,East,6,42868,14,150,3954,257208,2,1,2025
7851,2025-02-20,Wardrobe,Furniture,North,19,48739,8,158,6096,926041,2,1,2025
7852,2024-03-03,Bookshelf,Furniture,West,9,8868,1,372,4947,79812,3,1,2024
7853,2025-09-01,Bed,Furniture,South,11,47425,8,163,4800,521675,9,3,2025
7854,2023-07-01,Bookshelf,Furniture,North,6,44117,11,467,2397,264702,7,3,2023
7855,2024-01-21,Sofa,Furniture,South,16,14754,5,329,5178,236064,1,1,2024
7856,2024-06-16,Office Chair,Furniture,East,4,4563,0,396,1192,18252,6,2,2024
7857,2024-09-17,Sofa,Furniture,North,12,24934,7,240,9402,299208,9,3,2024
7858,2022-12-15,Study Table,Furniture,South,16,40589,1,357,6173,649424,12,4,2022
7859,2023-06-09,Wardrobe,Furniture,East,8,37829,12,69,6878,302632,6,2,2023
7860,2025-06-02,Bed,Furniture,West,15,27144,3,477,9222,407160,6,2,2025
7861,2024-06-19,Office Chair,Furniture,East,20,13451,16,241,8000,269020,6,2,2024
7862,2023-02-09,Study Table,Furniture,South,7,23068,10,200,1631,161476,2,1,2023
7863,2022-12-25,Office Chair,Furniture,East,6,28870,18,310,5198,173220,12,4,2022
7864,2022-10-01,Office Chair,Furniture,South,15,3780,20,478,7907,56700,10,4,2022
7865,2022-03-08,Dining Table,Furniture,North,11,16636,20,97,3740,182996,3,1,2022
7866,2023-03-30,Dining Table,Furniture,East,4,33719,6,392,5772,134876,3,1,2023
7867,2022-08-06,Dining Table,Furniture,North,5,4437,0,452,9412,22185,8,3,2022
7868,2023-02-28,Dining Table,Furniture,East,7,21740,8,445,9501,152180,2,1,2023
7869,2023-01-24,Bed,Furniture,South,16,24155,13,213,9792,386480,1,1,2023
7870,2025-09-28,Sofa,Furniture,North,6,13661,18,106,4617,81966,9,3,2025
7871,2022-02-06,Study Table,Furniture,South,18,49990,19,287,3048,899820,2,1,2022
7872,2024-01-30,Wardrobe,Furniture,South,7,38776,20,448,7068,271432,1,1,2024
7873,2023-05-31,Coffee Table,Furniture,South,3,34545,1,399,9203,103635,5,2,2023
7874,2023-02-08,Dining Table,Furniture,East,10,39549,13,426,5012,395490,2,1,2023
7875,2025-04-05,Sofa,Furniture,West,1,27457,13,234,4898,27457,4,2,2025
7876,2022-04-08,Coffee Table,Furniture,South,18,39944,14,136,4070,718992,4,2,2022
7877,2024-04-01,Wardrobe,Furniture,South,3,7978,9,228,5277,23934,4,2,2024
7878,2023-10-16,Coffee Table,Furniture,West,19,15158,7,307,2336,288002,10,4,2023
7879,2024-11-20,Coffee Table,Furniture,East,7,32641,1,389,1622,228487,11,4,2024
7880,2024-02-19,Study Table,Furniture,North,18,8279,13,317,4221,149022,2,1,2024
7881,2022-11-14,Wardrobe,Furniture,East,7,2661,18,321,4155,18627,11,4,2022
7882,2023-06-22,Bed,Furniture,South,17,35130,11,310,9091,597210,6,2,2023
7883,2025-06-25,Bed,Furniture,South,13,24241,11,215,6757,315133,6,2,2025
7884,2022-08-18,Dining Table,Furniture,North,3,30709,15,50,3163,92127,8,3,2022
7885,2024-01-03,Dining Table,Furniture,East,10,47874,4,241,8236,478740,1,1,2024
7886,2024-08-02,Sofa,Furniture,West,8,3521,10,469,8878,28168,8,3,2024
7887,2022-10-29,Bookshelf,Furniture,South,13,39618,6,350,9195,515034,10,4,2022
7888,2023-08-24,Coffee Table,Furniture,South,17,30842,2,325,6143,524314,8,3,2023
7889,2022-01-22,Bed,Furniture,South,5,8685,0,69,3371,43425,1,1,2022
7890,2023-11-24,Coffee Table,Furniture,South,10,41694,14,323,3406,416940,11,4,2023
7891,2022-01-30,Bookshelf,Furniture,East,5,2612,10,169,6476,13060,1,1,2022
7892,2023-11-26,Wardrobe,Furniture,East,8,45572,0,181,9749,364576,11,4,2023
7893,2024-03-09,Bookshelf,Furniture,West,2,29173,3,158,2750,58346,3,1,2024
7894,2023-09-09,Sofa,Furniture,South,14,4023,4,262,9897,56322,9,3,2023
7895,2023-10-19,Sofa,Furniture,North,17,19970,2,465,8619,339490,10,4,2023
7896,2025-12-09,Coffee Table,Furniture,East,7,34477,1,399,2854,241339,12,4,2025
7897,2022-12-24,Study Table,Furniture,West,20,19135,16,102,6510,382700,12,4,2022
7898,2022-12-31,Office Chair,Furniture,East,6,30020,6,359,2367,180120,12,4,2022
7899,2022-05-08,Coffee Table,Furniture,West,14,13332,5,372,8042,186648,5,2,2022
7900,2023-01-01,Sofa,Furniture,East,14,14595,14,323,8219,204330,1,1,2023
7901,2025-01-03,Study Table,Furniture,North,19,9339,8,351,7515,177441,1,1,2025
7902,2024-05-12,Office Chair,Furniture,South,3,47794,7,188,9997,143382,5,2,2024
7903,2024-07-05,Sofa,Furniture,South,3,29282,3,276,8148,87846,7,3,2024
7904,2023-11-14,Office Chair,Furniture,North,7,5322,4,319,6778,37254,11,4,2023
7905,2024-06-04,Sofa,Furniture,South,5,46086,12,347,8238,230430,6,2,2024
7906,2023-06-18,Bookshelf,Furniture,East,12,44299,19,376,8202,531588,6,2,2023
7907,2022-09-03,Study Table,Furniture,East,1,43383,18,217,6634,43383,9,3,2022
7908,2024-08-05,Coffee Table,Furniture,West,5,21573,4,176,9321,107865,8,3,2024
7909,2023-10-12,Sofa,Furniture,East,16,47491,3,177,9297,759856,10,4,2023
7910,2025-07-04,Dining Table,Furniture,North,3,43997,17,496,5858,131991,7,3,2025
7911,2023-04-08,Dining Table,Furniture,West,15,30266,10,281,5443,453990,4,2,2023
7912,2025-03-18,Coffee Table,Furniture,South,15,48112,9,465,6206,721680,3,1,2025
7913,2023-02-03,Wardrobe,Furniture,West,13,31317,12,487,1001,407121,2,1,2023
7914,2025-05-15,Bed,Furniture,West,5,6218,6,203,3819,31090,5,2,2025
7915,2022-12-24,Study Table,Furniture,West,12,40801,14,201,8611,489612,12,4,2022
7916,2024-08-21,Dining Table,Furniture,East,12,41384,2,379,1984,496608,8,3,2024
7917,2023-09-11,Office Chair,Furniture,East,10,4195,2,253,6201,41950,9,3,2023
7918,2024-11-22,Office Chair,Furniture,North,9,14645,15,173,3543,131805,11,4,2024
7919,2023-02-25,Office Chair,Furniture,North,18,5891,9,56,6848,106038,2,1,2023
7920,2022-08-12,Coffee Table,Furniture,West,13,26820,6,292,4149,348660,8,3,2022
7921,2025-02-21,Dining Table,Furniture,North,11,44386,13,135,3687,488246,2,1,2025
7922,2025-02-26,Bed,Furniture,West,13,30231,18,476,7959,393003,2,1,2025
7923,2025-09-20,Office Chair,Furniture,East,4,38067,7,228,8501,152268,9,3,2025
7924,2023-09-18,Coffee Table,Furniture,East,12,48385,3,491,6370,580620,9,3,2023
7925,2022-01-20,Office Chair,Furniture,South,7,29495,17,390,2830,206465,1,1,2022
7926,2025-01-07,Bookshelf,Furniture,South,11,9850,12,89,5217,108350,1,1,2025
7927,2025-07-18,Wardrobe,Furniture,South,15,6234,11,414,8098,93510,7,3,2025
7928,2025-04-13,Wardrobe,Furniture,West,17,24635,15,131,3271,418795,4,2,2025
7929,2025-07-04,Coffee Table,Furniture,North,20,38658,1,377,5961,773160,7,3,2025
7930,2024-06-09,Wardrobe,Furniture,East,2,28832,11,116,7451,57664,6,2,2024
7931,2024-07-09,Coffee Table,Furniture,West,4,17240,9,407,2164,68960,7,3,2024
7932,2024-09-08,Wardrobe,Furniture,South,3,32818,12,499,2225,98454,9,3,2024
7933,2022-07-11,Bed,Furniture,South,12,43161,1,118,6202,517932,7,3,2022
7934,2025-01-16,Study Table,Furniture,North,13,41685,17,243,8944,541905,1,1,2025
7935,2025-07-13,Bookshelf,Furniture,North,18,5395,4,343,9017,97110,7,3,2025
7936,2023-05-06,Bed,Furniture,South,7,29694,14,419,7970,207858,5,2,2023
7937,2025-08-08,Coffee Table,Furniture,East,8,22454,17,159,7464,179632,8,3,2025
7938,2025-08-28,Dining Table,Furniture,South,1,10405,18,68,3058,10405,8,3,2025
7939,2023-01-15,Wardrobe,Furniture,East,15,28057,5,122,7004,420855,1,1,2023
7940,2024-11-05,Study Table,Furniture,West,20,30712,11,488,5239,614240,11,4,2024
7941,2022-02-05,Dining Table,Furniture,South,3,40740,1,392,7333,122220,2,1,2022
7942,2025-02-11,Study Table,Furniture,South,20,44564,18,126,8095,891280,2,1,2025
7943,2025-07-01,Office Chair,Furniture,North,11,35413,0,285,5634,389543,7,3,2025
7944,2025-08-17,Bed,Furniture,North,2,8572,12,240,9703,17144,8,3,2025
7945,2023-02-03,Bed,Furniture,South,15,7094,12,70,9013,106410,2,1,2023
7946,2023-09-02,Bed,Furniture,South,13,21701,18,156,8644,282113,9,3,2023
7947,2025-05-09,Office Chair,Furniture,West,14,11809,1,245,4057,165326,5,2,2025
7948,2023-05-16,Bookshelf,Furniture,North,19,47407,3,189,7646,900733,5,2,2023
7949,2022-01-10,Bed,Furniture,South,6,24830,18,268,4374,148980,1,1,2022
7950,2024-03-17,Coffee Table,Furniture,West,13,22307,4,165,9325,289991,3,1,2024
7951,2023-06-25,Sofa,Furniture,East,14,15137,8,314,6732,211918,6,2,2023
7952,2023-07-26,Bed,Furniture,West,6,2181,18,442,3963,13086,7,3,2023
7953,2025-10-11,Office Chair,Furniture,West,11,43645,9,357,1630,480095,10,4,2025
7954,2023-02-26,Bed,Furniture,North,5,44903,8,342,4717,224515,2,1,2023
7955,2023-03-02,Wardrobe,Furniture,South,2,38554,10,276,6840,77108,3,1,2023
7956,2025-06-26,Bed,Furniture,North,14,15263,18,495,6670,213682,6,2,2025
7957,2024-09-11,Wardrobe,Furniture,West,4,5445,17,398,7361,21780,9,3,2024
7958,2022-04-01,Office Chair,Furniture,South,15,23183,13,396,7990,347745,4,2,2022
7959,2024-11-09,Dining Table,Furniture,North,9,28288,8,142,5772,254592,11,4,2024
7960,2025-04-22,Sofa,Furniture,North,20,4744,5,289,2750,94880,4,2,2025
7961,2025-07-07,Dining Table,Furniture,West,10,20467,14,92,2317,204670,7,3,2025
7962,2024-01-07,Bed,Furniture,East,15,26734,9,147,7454,401010,1,1,2024
7963,2024-02-13,Dining Table,Furniture,South,18,6598,5,161,5414,118764,2,1,2024
7964,2022-03-06,Office Chair,Furniture,East,16,31139,3,340,1926,498224,3,1,2022
7965,2024-12-18,Bookshelf,Furniture,East,8,16688,13,454,4564,133504,12,4,2024
7966,2023-01-29,Wardrobe,Furniture,East,9,7875,16,469,4292,70875,1,1,2023
7967,2022-01-14,Dining Table,Furniture,North,9,6554,0,375,1194,58986,1,1,2022
7968,2022-05-24,Sofa,Furniture,East,14,21314,11,339,6546,298396,5,2,2022
7969,2023-03-23,Coffee Table,Furniture,West,5,26353,12,381,4753,131765,3,1,2023
7970,2024-11-25,Office Chair,Furniture,South,1,33908,5,397,2575,33908,11,4,2024
7971,2023-05-10,Study Table,Furniture,North,5,33811,13,367,7523,169055,5,2,2023
7972,2024-01-13,Wardrobe,Furniture,East,10,16240,7,108,3728,162400,1,1,2024
7973,2022-04-24,Sofa,Furniture,West,7,47779,5,53,2505,334453,4,2,2022
7974,2025-11-29,Coffee Table,Furniture,West,4,41211,13,154,5985,164844,11,4,2025
7975,2022-09-04,Dining Table,Furniture,West,6,40332,10,421,2302,241992,9,3,2022
7976,2023-07-17,Sofa,Furniture,South,4,35910,11,487,7542,143640,7,3,2023
7977,2025-12-30,Coffee Table,Furniture,East,5,30013,18,420,7304,150065,12,4,2025
7978,2023-07-28,Sofa,Furniture,North,13,9254,12,161,2247,120302,7,3,2023
7979,2025-01-28,Coffee Table,Furniture,East,4,43728,12,50,3748,174912,1,1,2025
7980,2025-11-02,Office Chair,Furniture,East,13,46132,12,491,2246,599716,11,4,2025
7981,2025-08-23,Study Table,Furniture,South,12,35590,4,216,1885,427080,8,3,2025
7982,2024-05-02,Coffee Table,Furniture,East,5,5541,9,143,9660,27705,5,2,2024
7983,2022-06-06,Dining Table,Furniture,West,10,9557,13,62,9741,95570,6,2,2022
7984,2023-08-03,Coffee Table,Furniture,West,4,19587,9,489,4996,78348,8,3,2023
7985,2023-05-25,Office Chair,Furniture,North,8,11168,4,306,2281,89344,5,2,2023
7986,2024-03-07,Bookshelf,Furniture,West,11,4274,17,487,5922,47014,3,1,2024
7987,2024-10-11,Dining Table,Furniture,South,4,11298,3,442,6245,45192,10,4,2024
7988,2025-10-18,Office Chair,Furniture,South,15,11751,17,188,6400,176265,10,4,2025
7989,2025-12-15,Sofa,Furniture,North,12,29326,8,315,5149,351912,12,4,2025
7990,2023-11-24,Bookshelf,Furniture,North,3,39409,11,100,3961,118227,11,4,2023
7991,2025-09-23,Study Table,Furniture,West,13,32891,10,141,1768,427583,9,3,2025
7992,2024-02-18,Bookshelf,Furniture,South,1,40270,13,367,2515,40270,2,1,2024
7993,2024-05-06,Bed,Furniture,South,5,46423,11,282,6240,232115,5,2,2024
7994,2023-09-16,Bookshelf,Furniture,West,3,27885,10,231,5934,83655,9,3,2023
7995,2024-07-05,Bed,Furniture,West,12,42902,5,222,2247,514824,7,3,2024
7996,2022-01-22,Dining Table,Furniture,South,4,32051,20,188,4738,128204,1,1,2022
7997,2022-09-11,Office Chair,Furniture,East,19,35627,1,168,4299,676913,9,3,2022
7998,2025-03-29,Sofa,Furniture,North,15,2637,10,201,5886,39555,3,1,2025
7999,2023-07-09,Sofa,Furniture,South,10,36940,5,162,3224,369400,7,3,2023
8000,2023-06-04,Bookshelf,Furniture,West,12,13783,1,106,6680,165396,6,2,2023
8001,2024-09-26,Bookshelf,Furniture,South,6,35022,7,85,4430,210132,9,3,2024
8002,2022-05-28,Bookshelf,Furniture,West,4,20996,20,385,4738,83984,5,2,2022
8003,2025-03-03,Study Table,Furniture,East,16,34471,4,183,5248,551536,3,1,2025
8004,2024-08-10,Sofa,Furniture,East,7,9596,7,373,6707,67172,8,3,2024
8005,2022-10-11,Study Table,Furniture,East,7,21508,17,266,5799,150556,10,4,2022
8006,2023-08-31,Study Table,Furniture,East,5,14750,15,193,6410,73750,8,3,2023
8007,2025-11-27,Bed,Furniture,South,19,45848,16,352,3619,871112,11,4,2025
8008,2025-12-21,Dining Table,Furniture,East,3,33733,20,335,8480,101199,12,4,2025
8009,2024-07-05,Study Table,Furniture,South,12,22823,16,427,3397,273876,7,3,2024
8010,2022-04-01,Study Table,Furniture,West,6,40540,19,234,8107,243240,4,2,2022
8011,2023-05-11,Coffee Table,Furniture,South,14,9863,10,436,7196,138082,5,2,2023
8012,2024-07-05,Office Chair,Furniture,West,14,18585,15,377,8349,260190,7,3,2024
8013,2022-07-25,Office Chair,Furniture,East,14,24972,3,221,4795,349608,7,3,2022
8014,2022-11-05,Coffee Table,Furniture,South,4,20211,18,207,7201,80844,11,4,2022
8015,2025-08-03,Bookshelf,Furniture,West,2,41033,1,174,8093,82066,8,3,2025
8016,2022-03-08,Bookshelf,Furniture,South,3,32842,4,95,8532,98526,3,1,2022
8017,2022-01-17,Office Chair,Furniture,East,16,46522,7,190,1719,744352,1,1,2022
8018,2025-10-16,Coffee Table,Furniture,East,3,24545,2,348,1828,73635,10,4,2025
8019,2023-03-29,Study Table,Furniture,South,20,16095,5,451,3577,321900,3,1,2023
8020,2024-06-09,Dining Table,Furniture,West,18,2767,2,236,4231,49806,6,2,2024
8021,2023-01-14,Sofa,Furniture,South,20,13944,15,435,2159,278880,1,1,2023
8022,2025-11-22,Wardrobe,Furniture,West,11,27673,3,273,9669,304403,11,4,2025
8023,2024-06-01,Study Table,Furniture,East,7,8679,12,107,3002,60753,6,2,2024
8024,2024-10-13,Bookshelf,Furniture,North,20,6347,3,119,3886,126940,10,4,2024
8025,2025-11-24,Coffee Table,Furniture,North,5,41988,15,137,5685,209940,11,4,2025
8026,2024-04-15,Wardrobe,Furniture,West,6,29995,16,93,9101,179970,4,2,2024
8027,2022-04-16,Dining Table,Furniture,East,17,26338,7,244,2045,447746,4,2,2022
8028,2025-01-11,Wardrobe,Furniture,West,1,10152,0,241,4983,10152,1,1,2025
8029,2024-10-19,Wardrobe,Furniture,South,3,39034,18,391,9289,117102,10,4,2024
8030,2023-10-03,Study Table,Furniture,North,12,13825,13,336,4487,165900,10,4,2023
8031,2022-01-24,Coffee Table,Furniture,North,18,39917,16,125,5680,718506,1,1,2022
8032,2023-04-14,Sofa,Furniture,South,20,8821,8,250,9098,176420,4,2,2023
8033,2022-01-04,Dining Table,Furniture,East,17,23999,1,294,2625,407983,1,1,2022
8034,2025-10-04,Dining Table,Furniture,South,5,25658,13,470,8847,128290,10,4,2025
8035,2023-03-27,Office Chair,Furniture,West,9,27138,3,180,2662,244242,3,1,2023
8036,2025-08-21,Sofa,Furniture,East,10,37031,10,273,7951,370310,8,3,2025
8037,2024-12-20,Bookshelf,Furniture,South,7,22008,8,494,8896,154056,12,4,2024
8038,2022-07-09,Bookshelf,Furniture,West,13,43906,17,442,2014,570778,7,3,2022
8039,2022-03-12,Office Chair,Furniture,North,5,41003,19,348,8039,205015,3,1,2022
8040,2023-09-20,Dining Table,Furniture,West,19,21074,3,156,2442,400406,9,3,2023
8041,2023-10-18,Dining Table,Furniture,South,8,48251,20,109,2362,386008,10,4,2023
8042,2022-09-11,Bookshelf,Furniture,East,17,5950,7,250,4095,101150,9,3,2022
8043,2025-07-25,Bed,Furniture,South,4,10624,2,242,3142,42496,7,3,2025
8044,2024-10-12,Coffee Table,Furniture,South,14,48603,17,419,8966,680442,10,4,2024
8045,2024-08-22,Sofa,Furniture,South,19,21703,8,346,7879,412357,8,3,2024
8046,2025-11-26,Wardrobe,Furniture,West,7,31481,3,331,3995,220367,11,4,2025
8047,2022-08-04,Coffee Table,Furniture,East,7,25081,13,57,6935,175567,8,3,2022
8048,2022-07-15,Office Chair,Furniture,East,11,30040,16,219,5227,330440,7,3,2022
8049,2022-10-08,Study Table,Furniture,South,14,39382,15,167,2224,551348,10,4,2022
8050,2023-11-23,Bookshelf,Furniture,West,4,9975,14,449,4493,39900,11,4,2023
8051,2024-02-18,Bookshelf,Furniture,East,11,34560,0,378,1850,380160,2,1,2024
8052,2023-08-29,Dining Table,Furniture,South,16,8640,16,322,4202,138240,8,3,2023
8053,2024-04-21,Dining Table,Furniture,North,15,38234,11,117,2730,573510,4,2,2024
8054,2025-05-25,Bookshelf,Furniture,West,15,20955,19,60,4491,314325,5,2,2025
8055,2022-12-02,Coffee Table,Furniture,South,17,22757,16,241,6237,386869,12,4,2022
8056,2024-04-02,Bed,Furniture,South,18,27497,4,297,7651,494946,4,2,2024
8057,2022-11-20,Bookshelf,Furniture,South,19,10627,16,467,8509,201913,11,4,2022
8058,2022-12-14,Wardrobe,Furniture,West,11,24474,12,116,4310,269214,12,4,2022
8059,2023-01-04,Office Chair,Furniture,North,10,2770,2,274,4474,27700,1,1,2023
8060,2024-10-26,Coffee Table,Furniture,North,7,36760,16,217,4051,257320,10,4,2024
8061,2024-04-14,Bookshelf,Furniture,North,11,2774,15,432,3402,30514,4,2,2024
8062,2024-02-09,Office Chair,Furniture,West,14,4307,12,176,2231,60298,2,1,2024
8063,2025-03-18,Coffee Table,Furniture,South,13,7390,6,216,3345,96070,3,1,2025
8064,2024-09-22,Office Chair,Furniture,East,19,16194,0,497,3006,307686,9,3,2024
8065,2024-11-25,Bed,Furniture,North,15,32199,12,175,9302,482985,11,4,2024
8066,2025-06-22,Coffee Table,Furniture,East,10,2128,13,344,1080,21280,6,2,2025
8067,2023-01-19,Bed,Furniture,South,19,29230,4,51,4627,555370,1,1,2023
8068,2024-02-21,Coffee Table,Furniture,South,19,39255,19,117,6220,745845,2,1,2024
8069,2023-08-13,Bed,Furniture,West,13,25701,14,153,5687,334113,8,3,2023
8070,2023-01-28,Bookshelf,Furniture,East,15,32562,0,310,7090,488430,1,1,2023
8071,2024-01-13,Wardrobe,Furniture,North,12,20106,9,323,9529,241272,1,1,2024
8072,2025-07-09,Dining Table,Furniture,North,6,36116,10,53,8853,216696,7,3,2025
8073,2025-06-03,Bookshelf,Furniture,East,20,2410,18,373,8695,48200,6,2,2025
8074,2022-11-02,Bed,Furniture,East,1,39442,17,398,1419,39442,11,4,2022
8075,2022-07-25,Bed,Furniture,West,9,36343,4,71,4507,327087,7,3,2022
8076,2022-12-28,Bed,Furniture,North,14,14382,6,176,2033,201348,12,4,2022
8077,2025-11-17,Sofa,Furniture,North,8,26907,17,87,8674,215256,11,4,2025
8078,2022-05-30,Wardrobe,Furniture,West,11,26285,17,192,1170,289135,5,2,2022
8079,2023-11-13,Dining Table,Furniture,East,18,8502,11,86,7593,153036,11,4,2023
8080,2022-08-19,Wardrobe,Furniture,North,19,39084,4,307,8693,742596,8,3,2022
8081,2025-12-19,Bed,Furniture,South,17,19568,2,346,3819,332656,12,4,2025
8082,2022-11-04,Office Chair,Furniture,East,5,22851,2,279,1225,114255,11,4,2022
8083,2024-12-28,Office Chair,Furniture,East,16,23451,3,302,4540,375216,12,4,2024
8084,2022-10-31,Bed,Furniture,East,6,22910,17,485,5430,137460,10,4,2022
8085,2024-12-18,Coffee Table,Furniture,West,5,6539,5,182,7382,32695,12,4,2024
8086,2024-01-21,Bookshelf,Furniture,East,14,49029,17,432,2281,686406,1,1,2024
8087,2024-03-09,Sofa,Furniture,East,11,37806,2,225,6659,415866,3,1,2024
8088,2022-02-02,Office Chair,Furniture,East,17,45945,10,478,3001,781065,2,1,2022
8089,2025-09-20,Coffee Table,Furniture,North,4,6198,9,218,4687,24792,9,3,2025
8090,2024-03-20,Coffee Table,Furniture,East,7,33122,10,201,5189,231854,3,1,2024
8091,2025-06-08,Bookshelf,Furniture,East,5,27930,0,374,7311,139650,6,2,2025
8092,2024-06-19,Coffee Table,Furniture,West,7,7477,15,246,5471,52339,6,2,2024
8093,2023-07-08,Wardrobe,Furniture,West,19,39838,4,68,4063,756922,7,3,2023
8094,2022-12-31,Dining Table,Furniture,North,18,23712,3,69,4211,426816,12,4,2022
8095,2022-02-21,Study Table,Furniture,South,20,4790,17,365,1153,95800,2,1,2022
8096,2023-07-28,Bed,Furniture,North,6,21238,12,351,5725,127428,7,3,2023
8097,2023-10-14,Bookshelf,Furniture,East,18,34648,5,141,3981,623664,10,4,2023
8098,2025-05-27,Wardrobe,Furniture,South,13,20310,14,135,7117,264030,5,2,2025
8099,2022-03-02,Bookshelf,Furniture,East,6,15616,13,82,7496,93696,3,1,2022
8100,2023-09-23,Office Chair,Furniture,South,10,46664,13,381,5855,466640,9,3,2023
8101,2023-07-08,Bookshelf,Furniture,West,16,17959,20,346,3117,287344,7,3,2023
8102,2023-09-10,Dining Table,Furniture,East,19,14027,19,480,3020,266513,9,3,2023
8103,2025-10-08,Coffee Table,Furniture,East,5,9083,16,69,3111,45415,10,4,2025
8104,2024-05-08,Dining Table,Furniture,West,5,9093,2,414,8436,45465,5,2,2024
8105,2025-02-03,Bed,Furniture,South,13,30503,9,140,4088,396539,2,1,2025
8106,2025-05-09,Office Chair,Furniture,West,15,39470,5,161,3194,592050,5,2,2025
8107,2025-07-03,Sofa,Furniture,South,20,13019,9,52,3729,260380,7,3,2025
8108,2023-09-10,Office Chair,Furniture,West,4,3759,20,481,4287,15036,9,3,2023
8109,2023-03-03,Bookshelf,Furniture,North,8,42482,0,305,1755,339856,3,1,2023
8110,2022-06-25,Sofa,Furniture,South,7,47638,10,314,5505,333466,6,2,2022
8111,2024-12-19,Office Chair,Furniture,North,16,47942,5,127,5606,767072,12,4,2024
8112,2025-07-11,Bed,Furniture,North,17,25048,10,436,2992,425816,7,3,2025
8113,2023-02-19,Coffee Table,Furniture,West,6,5272,10,255,2428,31632,2,1,2023
8114,2022-03-12,Bed,Furniture,West,9,25047,19,349,2704,225423,3,1,2022
8115,2025-09-13,Study Table,Furniture,West,10,45308,9,385,7124,453080,9,3,2025
8116,2025-08-24,Bookshelf,Furniture,South,8,8323,2,125,9037,66584,8,3,2025
8117,2024-05-29,Bookshelf,Furniture,East,18,11701,11,291,2359,210618,5,2,2024
8118,2023-02-03,Dining Table,Furniture,North,19,8204,17,216,7912,155876,2,1,2023
8119,2023-01-20,Bookshelf,Furniture,East,6,24662,0,138,2889,147972,1,1,2023
8120,2024-05-29,Bookshelf,Furniture,East,7,21466,7,481,2144,150262,5,2,2024
8121,2025-12-29,Study Table,Furniture,North,9,2378,13,81,1463,21402,12,4,2025
8122,2023-08-21,Coffee Table,Furniture,West,4,49715,0,399,7473,198860,8,3,2023
8123,2023-09-01,Study Table,Furniture,South,11,18045,7,366,4960,198495,9,3,2023
8124,2024-04-20,Study Table,Furniture,West,17,20709,5,59,9946,352053,4,2,2024
8125,2023-12-15,Dining Table,Furniture,West,11,10015,1,160,3310,110165,12,4,2023
8126,2023-12-10,Study Table,Furniture,South,11,27319,6,249,9749,300509,12,4,2023
8127,2022-07-02,Coffee Table,Furniture,South,17,35540,7,220,3939,604180,7,3,2022
8128,2025-01-23,Wardrobe,Furniture,South,14,22021,13,205,1262,308294,1,1,2025
8129,2024-08-25,Bookshelf,Furniture,East,8,18842,14,88,5649,150736,8,3,2024
8130,2024-06-17,Dining Table,Furniture,South,12,29905,19,481,1098,358860,6,2,2024
8131,2024-09-12,Sofa,Furniture,West,7,20402,15,173,7930,142814,9,3,2024
8132,2022-05-04,Coffee Table,Furniture,West,13,30164,8,89,7065,392132,5,2,2022
8133,2024-01-30,Wardrobe,Furniture,East,7,17361,4,364,5128,121527,1,1,2024
8134,2022-06-17,Wardrobe,Furniture,West,11,28768,2,143,2739,316448,6,2,2022
8135,2025-10-25,Study Table,Furniture,East,17,7459,20,381,1667,126803,10,4,2025
8136,2022-01-14,Wardrobe,Furniture,North,18,8366,15,152,4161,150588,1,1,2022
8137,2025-08-27,Study Table,Furniture,East,20,45754,7,180,5817,915080,8,3,2025
8138,2024-05-12,Office Chair,Furniture,East,19,36158,6,449,4394,687002,5,2,2024
8139,2024-03-14,Wardrobe,Furniture,South,18,40724,9,63,9032,733032,3,1,2024
8140,2025-08-24,Wardrobe,Furniture,West,16,13489,6,331,1708,215824,8,3,2025
8141,2023-07-08,Study Table,Furniture,East,5,29558,14,474,2473,147790,7,3,2023
8142,2024-06-25,Coffee Table,Furniture,North,12,49943,13,226,3856,599316,6,2,2024
8143,2023-02-06,Sofa,Furniture,West,10,41117,16,204,1235,411170,2,1,2023
8144,2024-01-16,Study Table,Furniture,South,4,30916,5,403,4276,123664,1,1,2024
8145,2025-11-30,Dining Table,Furniture,North,14,23613,18,296,8931,330582,11,4,2025
8146,2025-11-10,Dining Table,Furniture,East,18,39701,19,414,5603,714618,11,4,2025
8147,2023-09-23,Office Chair,Furniture,South,2,29200,18,289,3630,58400,9,3,2023
8148,2022-11-21,Dining Table,Furniture,North,1,46053,13,78,9241,46053,11,4,2022
8149,2022-07-20,Coffee Table,Furniture,North,13,25431,9,172,6575,330603,7,3,2022
8150,2024-05-12,Sofa,Furniture,West,7,38507,18,104,5347,269549,5,2,2024
8151,2023-01-27,Bookshelf,Furniture,West,4,24201,15,275,8614,96804,1,1,2023
8152,2024-01-25,Study Table,Furniture,East,2,18863,1,337,6703,37726,1,1,2024
8153,2025-05-13,Dining Table,Furniture,South,9,26468,2,433,2838,238212,5,2,2025
8154,2022-09-12,Sofa,Furniture,North,17,32860,2,315,1384,558620,9,3,2022
8155,2022-12-06,Bookshelf,Furniture,East,8,2777,1,423,1229,22216,12,4,2022
8156,2024-10-30,Bed,Furniture,East,19,5068,17,68,7957,96292,10,4,2024
8157,2023-03-04,Office Chair,Furniture,South,12,13392,9,398,7885,160704,3,1,2023
8158,2025-08-15,Study Table,Furniture,South,6,20288,2,219,7604,121728,8,3,2025
8159,2025-07-05,Bookshelf,Furniture,South,8,40281,20,353,3672,322248,7,3,2025
8160,2023-06-11,Office Chair,Furniture,South,5,20447,1,170,4004,102235,6,2,2023
8161,2023-02-13,Study Table,Furniture,West,18,34435,0,249,9853,619830,2,1,2023
8162,2024-06-22,Sofa,Furniture,West,19,23796,0,443,3609,452124,6,2,2024
8163,2022-12-15,Wardrobe,Furniture,South,3,30089,0,87,2167,90267,12,4,2022
8164,2024-05-13,Sofa,Furniture,North,17,13627,11,390,2224,231659,5,2,2024
8165,2023-03-08,Study Table,Furniture,West,6,3362,2,153,7654,20172,3,1,2023
8166,2022-11-17,Bed,Furniture,East,8,21798,10,315,2194,174384,11,4,2022
8167,2022-04-15,Bed,Furniture,West,3,43536,4,339,9275,130608,4,2,2022
8168,2024-08-14,Coffee Table,Furniture,West,13,5150,14,320,8538,66950,8,3,2024
8169,2023-02-20,Bed,Furniture,South,11,42328,19,262,2578,465608,2,1,2023
8170,2024-04-17,Bookshelf,Furniture,West,15,15958,18,193,9766,239370,4,2,2024
8171,2025-08-14,Office Chair,Furniture,South,15,45688,4,282,6474,685320,8,3,2025
8172,2024-08-25,Office Chair,Furniture,North,8,7856,10,57,1639,62848,8,3,2024
8173,2023-02-05,Bookshelf,Furniture,South,1,31333,15,296,6170,31333,2,1,2023
8174,2023-03-08,Coffee Table,Furniture,West,10,4582,5,152,1638,45820,3,1,2023
8175,2024-05-01,Dining Table,Furniture,North,5,46279,16,107,2101,231395,5,2,2024
8176,2024-10-14,Bed,Furniture,North,20,25199,18,72,7107,503980,10,4,2024
8177,2024-02-21,Sofa,Furniture,West,10,33498,20,99,7839,334980,2,1,2024
8178,2023-04-26,Coffee Table,Furniture,North,7,32790,15,346,5493,229530,4,2,2023
8179,2023-04-12,Bookshelf,Furniture,East,15,4352,20,312,5891,65280,4,2,2023
8180,2025-11-11,Wardrobe,Furniture,West,14,16108,7,370,9755,225512,11,4,2025
8181,2022-08-11,Dining Table,Furniture,South,14,42264,20,342,5702,591696,8,3,2022
8182,2023-02-01,Wardrobe,Furniture,East,20,7671,18,370,2145,153420,2,1,2023
8183,2025-08-30,Dining Table,Furniture,South,20,40666,4,112,2861,813320,8,3,2025
8184,2024-01-10,Sofa,Furniture,North,16,17666,0,463,3889,282656,1,1,2024
8185,2022-08-11,Sofa,Furniture,East,6,25117,4,425,1747,150702,8,3,2022
8186,2025-04-07,Bookshelf,Furniture,East,15,11975,2,321,9144,179625,4,2,2025
8187,2025-11-11,Bookshelf,Furniture,North,16,12117,15,264,7882,193872,11,4,2025
8188,2022-07-11,Bookshelf,Furniture,South,19,31141,16,403,6029,591679,7,3,2022
8189,2023-07-06,Wardrobe,Furniture,East,4,42158,5,469,3652,168632,7,3,2023
8190,2024-10-29,Dining Table,Furniture,West,14,8802,10,373,5947,123228,10,4,2024
8191,2024-10-20,Study Table,Furniture,West,12,33796,11,475,9916,405552,10,4,2024
8192,2022-11-07,Sofa,Furniture,West,17,27361,6,341,9128,465137,11,4,2022
8193,2024-10-09,Bed,Furniture,West,18,13726,11,386,2526,247068,10,4,2024
8194,2025-12-05,Wardrobe,Furniture,East,17,5732,1,340,2093,97444,12,4,2025
8195,2023-04-15,Wardrobe,Furniture,West,20,39082,17,306,5524,781640,4,2,2023
8196,2025-12-14,Dining Table,Furniture,West,12,13721,16,301,5709,164652,12,4,2025
8197,2024-04-29,Office Chair,Furniture,East,20,7270,17,477,3113,145400,4,2,2024
8198,2022-12-19,Office Chair,Furniture,East,6,41517,16,336,8598,249102,12,4,2022
8199,2025-07-16,Study Table,Furniture,West,13,10927,16,252,2012,142051,7,3,2025
8200,2025-03-17,Office Chair,Furniture,East,14,34568,7,491,8753,483952,3,1,2025
8201,2025-09-20,Coffee Table,Furniture,North,9,44294,1,190,9748,398646,9,3,2025
8202,2023-07-17,Wardrobe,Furniture,North,1,6173,7,153,2222,6173,7,3,2023
8203,2025-05-16,Sofa,Furniture,South,10,38812,15,324,7912,388120,5,2,2025
8204,2024-01-17,Sofa,Furniture,South,4,34021,18,389,8633,136084,1,1,2024
8205,2024-10-01,Coffee Table,Furniture,West,12,29897,0,135,3521,358764,10,4,2024
8206,2024-11-06,Office Chair,Furniture,West,7,21227,15,239,1641,148589,11,4,2024
8207,2024-10-10,Bed,Furniture,West,7,20403,1,133,2543,142821,10,4,2024
8208,2025-07-06,Bookshelf,Furniture,North,20,23785,4,398,9931,475700,7,3,2025
8209,2025-07-12,Sofa,Furniture,North,2,48426,5,68,8642,96852,7,3,2025
8210,2024-07-03,Wardrobe,Furniture,East,16,22229,10,60,1292,355664,7,3,2024
8211,2024-11-27,Wardrobe,Furniture,West,3,24478,4,364,9069,73434,11,4,2024
8212,2022-09-07,Bed,Furniture,East,10,49899,12,407,5603,498990,9,3,2022
8213,2025-05-21,Coffee Table,Furniture,West,15,46461,19,438,6524,696915,5,2,2025
8214,2025-08-05,Sofa,Furniture,North,19,15992,16,443,9773,303848,8,3,2025
8215,2025-06-07,Coffee Table,Furniture,West,12,47591,12,300,9491,571092,6,2,2025
8216,2025-10-23,Dining Table,Furniture,North,2,37655,8,111,8773,75310,10,4,2025
8217,2023-03-29,Wardrobe,Furniture,East,16,6211,9,334,7174,99376,3,1,2023
8218,2024-09-06,Dining Table,Furniture,South,19,14302,3,339,2779,271738,9,3,2024
8219,2024-04-22,Dining Table,Furniture,North,19,4486,11,65,7799,85234,4,2,2024
8220,2022-01-02,Wardrobe,Furniture,South,19,18247,10,289,5899,346693,1,1,2022
8221,2022-09-07,Sofa,Furniture,East,13,27379,15,311,1550,355927,9,3,2022
8222,2022-09-19,Study Table,Furniture,East,2,18259,5,107,2655,36518,9,3,2022
8223,2023-12-16,Sofa,Furniture,West,9,47600,6,481,1652,428400,12,4,2023
8224,2024-06-19,Sofa,Furniture,South,12,8277,9,429,2860,99324,6,2,2024
8225,2022-12-08,Coffee Table,Furniture,South,16,15640,1,200,4828,250240,12,4,2022
8226,2022-10-09,Sofa,Furniture,South,17,8160,19,417,4213,138720,10,4,2022
8227,2022-06-15,Coffee Table,Furniture,North,17,10871,5,182,7415,184807,6,2,2022
8228,2023-02-16,Bed,Furniture,North,10,20973,9,233,6837,209730,2,1,2023
8229,2024-10-05,Bed,Furniture,East,12,44774,20,500,6920,537288,10,4,2024
8230,2022-04-17,Dining Table,Furniture,North,11,41790,12,307,6006,459690,4,2,2022
8231,2025-05-31,Study Table,Furniture,West,10,8371,9,186,7755,83710,5,2,2025
8232,2024-01-28,Bookshelf,Furniture,South,6,20670,8,470,2020,124020,1,1,2024
8233,2023-06-12,Office Chair,Furniture,South,7,6274,14,137,1263,43918,6,2,2023
8234,2023-10-04,Bookshelf,Furniture,East,7,38012,14,108,8716,266084,10,4,2023
8235,2025-03-19,Wardrobe,Furniture,North,20,18153,9,297,2404,363060,3,1,2025
8236,2023-03-19,Dining Table,Furniture,North,18,12158,10,75,6477,218844,3,1,2023
8237,2025-11-25,Bookshelf,Furniture,South,14,22946,15,430,8330,321244,11,4,2025
8238,2025-01-11,Bookshelf,Furniture,North,15,14901,14,300,6125,223515,1,1,2025
8239,2025-06-22,Office Chair,Furniture,South,12,5959,13,261,4571,71508,6,2,2025
8240,2023-02-16,Sofa,Furniture,West,5,3581,12,281,5618,17905,2,1,2023
8241,2025-01-20,Bookshelf,Furniture,West,2,33986,7,380,6204,67972,1,1,2025
8242,2025-09-01,Bed,Furniture,North,12,45337,6,395,8585,544044,9,3,2025
8243,2023-12-17,Sofa,Furniture,North,11,5901,0,150,2533,64911,12,4,2023
8244,2024-04-25,Dining Table,Furniture,West,4,46841,18,442,4004,187364,4,2,2024
8245,2022-09-15,Bookshelf,Furniture,South,5,31066,12,465,1956,155330,9,3,2022
8246,2022-07-11,Coffee Table,Furniture,North,16,46459,0,208,7841,743344,7,3,2022
8247,2023-02-18,Dining Table,Furniture,North,7,43553,14,349,9595,304871,2,1,2023
8248,2025-06-30,Office Chair,Furniture,North,19,4253,18,379,3156,80807,6,2,2025
8249,2023-04-23,Wardrobe,Furniture,North,2,39530,17,426,7956,79060,4,2,2023
8250,2023-02-20,Coffee Table,Furniture,South,3,39569,5,315,1797,118707,2,1,2023
8251,2025-10-23,Wardrobe,Furniture,West,17,3289,14,315,6241,55913,10,4,2025
8252,2022-01-10,Coffee Table,Furniture,West,18,46928,1,119,6192,844704,1,1,2022
8253,2025-01-26,Bed,Furniture,North,15,48039,17,355,3691,720585,1,1,2025
8254,2023-06-11,Office Chair,Furniture,North,15,47247,14,493,8764,708705,6,2,2023
8255,2022-12-20,Office Chair,Furniture,East,2,33768,4,133,5544,67536,12,4,2022
8256,2023-12-15,Sofa,Furniture,North,12,42356,13,295,6620,508272,12,4,2023
8257,2025-02-24,Coffee Table,Furniture,West,2,31099,1,441,4034,62198,2,1,2025
8258,2022-10-25,Coffee Table,Furniture,South,12,4617,12,367,7592,55404,10,4,2022
8259,2024-02-03,Bed,Furniture,East,12,26641,3,483,4419,319692,2,1,2024
8260,2025-03-28,Bookshelf,Furniture,East,1,45520,17,427,1837,45520,3,1,2025
8261,2023-03-07,Sofa,Furniture,North,15,3484,1,382,8194,52260,3,1,2023
8262,2023-07-17,Coffee Table,Furniture,South,15,19076,18,143,9932,286140,7,3,2023
8263,2022-01-13,Study Table,Furniture,South,14,6027,10,395,8160,84378,1,1,2022
8264,2024-07-13,Bed,Furniture,North,14,41424,19,50,1423,579936,7,3,2024
8265,2022-08-09,Dining Table,Furniture,North,14,38522,6,303,1989,539308,8,3,2022
8266,2024-01-19,Dining Table,Furniture,East,5,36629,6,132,6665,183145,1,1,2024
8267,2025-02-07,Bookshelf,Furniture,North,5,34240,19,467,9990,171200,2,1,2025
8268,2025-02-04,Study Table,Furniture,North,4,25401,2,317,2053,101604,2,1,2025
8269,2022-04-10,Bed,Furniture,North,15,4604,5,393,7265,69060,4,2,2022
8270,2023-11-29,Dining Table,Furniture,East,4,42399,6,433,1262,169596,11,4,2023
8271,2023-12-04,Bookshelf,Furniture,East,9,15653,0,446,2167,140877,12,4,2023
8272,2023-03-16,Bookshelf,Furniture,East,6,25380,9,335,9646,152280,3,1,2023
8273,2025-12-17,Sofa,Furniture,West,1,23253,1,210,5198,23253,12,4,2025
8274,2023-05-31,Bookshelf,Furniture,North,20,14388,20,408,6152,287760,5,2,2023
8275,2024-12-07,Bed,Furniture,North,4,44857,0,193,4258,179428,12,4,2024
8276,2023-10-25,Study Table,Furniture,West,11,47358,18,408,7987,520938,10,4,2023
8277,2022-01-10,Dining Table,Furniture,East,9,22536,13,107,2304,202824,1,1,2022
8278,2023-09-07,Office Chair,Furniture,East,4,6690,14,319,9919,26760,9,3,2023
8279,2025-12-05,Wardrobe,Furniture,West,9,41866,10,421,4683,376794,12,4,2025
8280,2023-07-11,Coffee Table,Furniture,South,5,49120,9,176,6493,245600,7,3,2023
8281,2023-03-19,Coffee Table,Furniture,South,9,19680,14,468,7005,177120,3,1,2023
8282,2022-10-22,Office Chair,Furniture,North,19,31197,15,312,3341,592743,10,4,2022
8283,2024-03-18,Bed,Furniture,East,16,49688,11,381,6292,795008,3,1,2024
8284,2025-09-15,Office Chair,Furniture,West,6,44283,11,181,4163,265698,9,3,2025
8285,2024-06-24,Dining Table,Furniture,East,15,3744,19,273,4534,56160,6,2,2024
8286,2024-09-07,Office Chair,Furniture,East,16,37663,1,109,7450,602608,9,3,2024
8287,2022-07-01,Bed,Furniture,South,18,6572,0,393,1434,118296,7,3,2022
8288,2023-12-12,Office Chair,Furniture,South,2,45628,0,226,3420,91256,12,4,2023
8289,2022-05-03,Office Chair,Furniture,East,3,29814,9,112,7917,89442,5,2,2022
8290,2025-11-13,Wardrobe,Furniture,East,20,47581,3,354,6527,951620,11,4,2025
8291,2022-05-22,Coffee Table,Furniture,West,15,49694,6,454,8636,745410,5,2,2022
8292,2024-02-20,Office Chair,Furniture,East,7,18615,1,328,5041,130305,2,1,2024
8293,2024-08-12,Wardrobe,Furniture,North,8,26341,17,388,8766,210728,8,3,2024
8294,2025-02-11,Bookshelf,Furniture,East,16,22175,0,192,2982,354800,2,1,2025
8295,2024-08-21,Study Table,Furniture,West,15,2780,17,172,3764,41700,8,3,2024
8296,2024-09-18,Coffee Table,Furniture,North,10,7710,13,413,4406,77100,9,3,2024
8297,2022-07-22,Bed,Furniture,South,5,49285,1,134,9134,246425,7,3,2022
8298,2022-12-15,Dining Table,Furniture,South,2,36332,1,146,6301,72664,12,4,2022
8299,2024-12-21,Bookshelf,Furniture,East,10,49097,20,74,3890,490970,12,4,2024
8300,2023-08-06,Study Table,Furniture,North,4,46840,0,143,3560,187360,8,3,2023
8301,2024-12-04,Study Table,Furniture,West,20,20278,7,456,6424,405560,12,4,2024
8302,2024-10-04,Bookshelf,Furniture,East,4,28838,1,373,2359,115352,10,4,2024
8303,2023-02-15,Office Chair,Furniture,South,11,46268,0,169,1381,508948,2,1,2023
8304,2023-06-20,Bed,Furniture,West,5,27600,20,347,9856,138000,6,2,2023
8305,2025-02-21,Sofa,Furniture,North,19,47100,7,96,3385,894900,2,1,2025
8306,2024-07-08,Study Table,Furniture,North,3,14819,14,389,7177,44457,7,3,2024
8307,2022-04-09,Wardrobe,Furniture,South,11,6039,19,366,6243,66429,4,2,2022
8308,2022-05-19,Office Chair,Furniture,North,14,41978,20,165,9535,587692,5,2,2022
8309,2022-01-05,Coffee Table,Furniture,East,10,41190,20,477,3405,411900,1,1,2022
8310,2023-09-28,Sofa,Furniture,South,11,39951,11,305,2128,439461,9,3,2023
8311,2022-01-23,Dining Table,Furniture,North,3,27948,14,383,8120,83844,1,1,2022
8312,2022-04-04,Wardrobe,Furniture,East,17,30164,18,273,9076,512788,4,2,2022
8313,2025-04-19,Dining Table,Furniture,West,1,18875,7,443,2764,18875,4,2,2025
8314,2023-02-28,Office Chair,Furniture,East,3,12011,1,270,8423,36033,2,1,2023
8315,2023-09-26,Dining Table,Furniture,West,3,10737,3,149,9768,32211,9,3,2023
8316,2025-12-14,Coffee Table,Furniture,South,19,13924,5,206,7598,264556,12,4,2025
8317,2023-12-14,Sofa,Furniture,North,10,3083,0,358,7016,30830,12,4,2023
8318,2025-05-08,Dining Table,Furniture,West,3,16531,3,417,9505,49593,5,2,2025
8319,2024-06-22,Coffee Table,Furniture,North,16,11761,17,98,9005,188176,6,2,2024
8320,2022-07-24,Bed,Furniture,South,12,43762,15,355,4111,525144,7,3,2022
8321,2022-06-08,Bookshelf,Furniture,North,9,31039,9,452,4455,279351,6,2,2022
8322,2025-01-18,Dining Table,Furniture,East,18,41553,16,135,6700,747954,1,1,2025
8323,2024-04-28,Study Table,Furniture,North,15,22006,10,89,6012,330090,4,2,2024
8324,2025-03-03,Study Table,Furniture,West,13,49963,1,71,1761,649519,3,1,2025
8325,2025-09-26,Wardrobe,Furniture,South,18,36453,0,127,3118,656154,9,3,2025
8326,2025-04-05,Sofa,Furniture,South,13,4389,0,178,2553,57057,4,2,2025
8327,2025-06-01,Coffee Table,Furniture,South,15,48917,12,413,5443,733755,6,2,2025
8328,2024-08-04,Coffee Table,Furniture,North,19,10754,2,114,9136,204326,8,3,2024
8329,2022-11-21,Wardrobe,Furniture,West,10,18579,10,421,4429,185790,11,4,2022
8330,2024-03-22,Sofa,Furniture,South,8,4190,15,442,4948,33520,3,1,2024
8331,2025-01-07,Study Table,Furniture,East,20,25824,18,452,5212,516480,1,1,2025
8332,2022-09-19,Study Table,Furniture,South,20,37931,1,77,6902,758620,9,3,2022
8333,2025-08-20,Bookshelf,Furniture,West,3,6467,1,322,1107,19401,8,3,2025
8334,2025-10-21,Bookshelf,Furniture,West,14,39240,3,412,7289,549360,10,4,2025
8335,2022-06-01,Dining Table,Furniture,South,19,8481,19,423,5876,161139,6,2,2022
8336,2025-03-21,Sofa,Furniture,West,14,42255,14,189,9718,591570,3,1,2025
8337,2023-05-07,Bookshelf,Furniture,South,14,39453,8,128,8845,552342,5,2,2023
8338,2023-02-06,Study Table,Furniture,East,16,18547,0,220,2428,296752,2,1,2023
8339,2024-11-02,Coffee Table,Furniture,South,7,2269,19,461,1288,15883,11,4,2024
8340,2022-10-25,Bookshelf,Furniture,North,1,27191,8,164,9869,27191,10,4,2022
8341,2023-11-30,Study Table,Furniture,West,17,14611,1,476,3608,248387,11,4,2023
8342,2024-12-21,Office Chair,Furniture,South,10,2014,0,327,6204,20140,12,4,2024
8343,2024-01-27,Wardrobe,Furniture,South,3,24025,12,494,1813,72075,1,1,2024
8344,2023-02-10,Bed,Furniture,North,19,33925,17,494,2982,644575,2,1,2023
8345,2024-07-03,Wardrobe,Furniture,West,1,6967,18,405,1003,6967,7,3,2024
8346,2022-06-25,Study Table,Furniture,South,8,26088,6,388,4836,208704,6,2,2022
8347,2024-01-27,Dining Table,Furniture,South,2,30818,0,84,3133,61636,1,1,2024
8348,2022-02-12,Wardrobe,Furniture,North,2,30882,20,183,7649,61764,2,1,2022
8349,2023-03-16,Dining Table,Furniture,West,6,29753,16,218,9832,178518,3,1,2023
8350,2025-09-10,Bookshelf,Furniture,North,9,21944,7,246,3171,197496,9,3,2025
8351,2023-08-30,Sofa,Furniture,South,19,36109,6,234,8619,686071,8,3,2023
8352,2025-09-28,Office Chair,Furniture,East,19,30360,9,320,4857,576840,9,3,2025
8353,2024-06-25,Bed,Furniture,East,4,42551,0,394,1877,170204,6,2,2024
8354,2022-02-08,Sofa,Furniture,East,6,46345,11,400,9001,278070,2,1,2022
8355,2022-06-24,Sofa,Furniture,South,8,33370,13,377,2096,266960,6,2,2022
8356,2025-08-22,Study Table,Furniture,West,17,48237,4,316,1407,820029,8,3,2025
8357,2023-07-28,Study Table,Furniture,North,5,11181,8,333,9760,55905,7,3,2023
8358,2025-11-11,Study Table,Furniture,South,4,14023,18,419,1137,56092,11,4,2025
8359,2024-04-07,Bookshelf,Furniture,North,8,6665,3,405,4991,53320,4,2,2024
8360,2024-04-14,Office Chair,Furniture,East,15,22958,18,397,7008,344370,4,2,2024
8361,2025-04-21,Sofa,Furniture,West,16,31707,17,446,9894,507312,4,2,2025
8362,2023-06-19,Bed,Furniture,East,8,5852,3,220,5965,46816,6,2,2023
8363,2025-04-16,Study Table,Furniture,South,16,9483,19,218,8531,151728,4,2,2025
8364,2025-10-04,Office Chair,Furniture,East,15,25814,14,490,8372,387210,10,4,2025
8365,2025-08-13,Office Chair,Furniture,South,20,29284,17,87,6314,585680,8,3,2025
8366,2025-03-06,Office Chair,Furniture,South,14,20612,3,118,6805,288568,3,1,2025
8367,2023-09-28,Office Chair,Furniture,South,20,12014,15,388,1691,240280,9,3,2023
8368,2025-08-08,Bookshelf,Furniture,East,11,46393,0,459,6919,510323,8,3,2025
8369,2023-07-16,Bed,Furniture,South,7,2072,17,439,3520,14504,7,3,2023
8370,2025-08-18,Bookshelf,Furniture,North,6,19790,11,136,8926,118740,8,3,2025
8371,2025-01-01,Coffee Table,Furniture,South,2,29711,14,341,8983,59422,1,1,2025
8372,2024-05-08,Study Table,Furniture,North,15,23364,17,282,4152,350460,5,2,2024
8373,2022-06-01,Bookshelf,Furniture,South,20,17467,8,307,8995,349340,6,2,2022
8374,2025-01-28,Bed,Furniture,South,6,5440,18,168,8969,32640,1,1,2025
8375,2024-12-02,Dining Table,Furniture,West,17,14145,16,190,6232,240465,12,4,2024
8376,2024-11-09,Bookshelf,Furniture,East,9,21305,0,160,2688,191745,11,4,2024
8377,2022-08-25,Study Table,Furniture,South,7,40170,6,288,2014,281190,8,3,2022
8378,2025-09-17,Dining Table,Furniture,West,5,15602,19,343,9100,78010,9,3,2025
8379,2024-10-26,Dining Table,Furniture,South,2,38260,2,321,1468,76520,10,4,2024
8380,2025-01-27,Dining Table,Furniture,West,9,4321,7,120,4086,38889,1,1,2025
8381,2022-08-05,Dining Table,Furniture,North,1,19526,17,353,2700,19526,8,3,2022
8382,2022-03-13,Office Chair,Furniture,East,15,27724,20,185,1505,415860,3,1,2022
8383,2022-07-14,Sofa,Furniture,West,5,10840,12,332,4185,54200,7,3,2022
8384,2025-11-16,Study Table,Furniture,North,2,32333,3,365,5230,64666,11,4,2025
8385,2022-02-16,Sofa,Furniture,West,14,45851,16,413,8388,641914,2,1,2022
8386,2023-10-22,Sofa,Furniture,North,5,44460,11,339,7373,222300,10,4,2023
8387,2022-12-27,Coffee Table,Furniture,West,10,36880,19,68,1558,368800,12,4,2022
8388,2024-07-09,Bookshelf,Furniture,East,18,36123,5,259,6886,650214,7,3,2024
8389,2024-02-24,Sofa,Furniture,East,1,40415,19,353,7347,40415,2,1,2024
8390,2025-10-05,Bed,Furniture,South,13,16941,5,126,7012,220233,10,4,2025
8391,2023-04-04,Dining Table,Furniture,East,16,37310,14,457,6948,596960,4,2,2023
8392,2022-07-07,Wardrobe,Furniture,South,3,48827,8,241,7322,146481,7,3,2022
8393,2023-01-19,Coffee Table,Furniture,West,18,37199,17,64,3462,669582,1,1,2023
8394,2022-12-21,Office Chair,Furniture,South,11,38705,4,118,9950,425755,12,4,2022
8395,2025-10-08,Bookshelf,Furniture,West,7,12292,0,186,8227,86044,10,4,2025
8396,2023-03-06,Dining Table,Furniture,West,20,23014,8,449,1352,460280,3,1,2023
8397,2023-01-22,Wardrobe,Furniture,South,12,21593,14,55,7846,259116,1,1,2023
8398,2022-02-26,Office Chair,Furniture,East,2,33841,7,95,1234,67682,2,1,2022
8399,2023-04-01,Dining Table,Furniture,South,7,5548,8,305,7993,38836,4,2,2023
8400,2023-10-05,Coffee Table,Furniture,North,18,10091,17,104,8746,181638,10,4,2023
8401,2024-04-22,Coffee Table,Furniture,West,16,36960,16,440,3296,591360,4,2,2024
8402,2023-07-29,Sofa,Furniture,North,19,3152,20,330,2538,59888,7,3,2023
8403,2024-09-12,Dining Table,Furniture,East,7,48140,6,131,9194,336980,9,3,2024
8404,2025-10-07,Wardrobe,Furniture,West,7,18341,9,219,4528,128387,10,4,2025
8405,2023-07-29,Study Table,Furniture,South,2,15785,6,236,9492,31570,7,3,2023
8406,2023-06-11,Coffee Table,Furniture,West,6,30926,15,148,8794,185556,6,2,2023
8407,2023-02-28,Office Chair,Furniture,West,5,30193,3,179,8793,150965,2,1,2023
8408,2023-04-25,Office Chair,Furniture,North,17,23438,3,249,6932,398446,4,2,2023
8409,2022-07-17,Study Table,Furniture,East,10,21861,11,69,5626,218610,7,3,2022
8410,2022-03-24,Office Chair,Furniture,West,4,16749,8,466,6047,66996,3,1,2022
8411,2025-07-19,Wardrobe,Furniture,South,12,45728,6,298,1606,548736,7,3,2025
8412,2023-04-03,Wardrobe,Furniture,West,18,21605,16,228,5184,388890,4,2,2023
8413,2024-09-17,Wardrobe,Furniture,North,2,45336,8,318,6580,90672,9,3,2024
8414,2022-08-23,Study Table,Furniture,East,8,10930,20,159,1550,87440,8,3,2022
8415,2023-04-26,Wardrobe,Furniture,South,4,8819,19,149,2082,35276,4,2,2023
8416,2024-08-16,Coffee Table,Furniture,West,12,8715,1,155,3854,104580,8,3,2024
8417,2025-12-16,Sofa,Furniture,South,19,20213,12,57,2236,384047,12,4,2025
8418,2022-11-17,Office Chair,Furniture,North,20,26834,8,373,9979,536680,11,4,2022
8419,2022-01-04,Sofa,Furniture,East,16,6790,14,208,5206,108640,1,1,2022
8420,2022-09-19,Dining Table,Furniture,East,2,18422,17,84,1621,36844,9,3,2022
8421,2022-11-24,Bookshelf,Furniture,East,8,7364,13,300,1694,58912,11,4,2022
8422,2024-03-16,Bookshelf,Furniture,South,18,47570,16,457,4217,856260,3,1,2024
8423,2024-01-10,Sofa,Furniture,West,14,11595,18,131,9074,162330,1,1,2024
8424,2024-02-13,Wardrobe,Furniture,West,20,12976,15,186,6220,259520,2,1,2024
8425,2025-09-08,Wardrobe,Furniture,South,3,10503,16,436,6482,31509,9,3,2025
8426,2023-04-27,Wardrobe,Furniture,North,13,34689,7,301,8859,450957,4,2,2023
8427,2022-09-25,Bookshelf,Furniture,East,1,41178,17,176,9095,41178,9,3,2022
8428,2025-10-25,Office Chair,Furniture,South,9,37969,20,453,3299,341721,10,4,2025
8429,2024-09-06,Wardrobe,Furniture,North,19,19162,2,309,8047,364078,9,3,2024
8430,2023-05-11,Wardrobe,Furniture,East,5,25045,17,449,8286,125225,5,2,2023
8431,2022-11-28,Office Chair,Furniture,North,4,39268,5,237,1752,157072,11,4,2022
8432,2024-11-02,Coffee Table,Furniture,East,10,6498,7,398,1002,64980,11,4,2024
8433,2025-02-15,Study Table,Furniture,North,14,49121,11,116,7274,687694,2,1,2025
8434,2025-10-18,Bookshelf,Furniture,West,16,2521,16,181,5907,40336,10,4,2025
8435,2022-07-03,Office Chair,Furniture,South,15,2362,16,166,9659,35430,7,3,2022
8436,2024-06-13,Sofa,Furniture,West,4,20121,17,244,5027,80484,6,2,2024
8437,2024-07-07,Coffee Table,Furniture,West,12,28557,12,236,1910,342684,7,3,2024
8438,2023-06-02,Dining Table,Furniture,North,14,31899,4,362,4803,446586,6,2,2023
8439,2025-10-16,Wardrobe,Furniture,East,12,38381,1,215,2644,460572,10,4,2025
8440,2022-06-21,Study Table,Furniture,East,16,33056,7,141,3590,528896,6,2,2022
8441,2022-04-24,Dining Table,Furniture,North,14,40399,19,69,5884,565586,4,2,2022
8442,2023-03-04,Bed,Furniture,East,9,21410,10,312,3897,192690,3,1,2023
8443,2023-12-31,Dining Table,Furniture,West,8,37506,8,218,3139,300048,12,4,2023
8444,2025-04-12,Sofa,Furniture,North,4,18999,20,53,1010,75996,4,2,2025
8445,2022-09-19,Dining Table,Furniture,West,12,16924,17,75,4676,203088,9,3,2022
8446,2025-07-26,Bookshelf,Furniture,North,3,48898,20,57,1158,146694,7,3,2025
8447,2024-12-07,Wardrobe,Furniture,South,10,25702,14,76,8306,257020,12,4,2024
8448,2022-02-02,Bookshelf,Furniture,East,13,13658,7,85,1704,177554,2,1,2022
8449,2025-10-04,Sofa,Furniture,South,3,14961,15,181,1780,44883,10,4,2025
8450,2025-07-16,Coffee Table,Furniture,South,5,16786,18,334,5271,83930,7,3,2025
8451,2024-03-22,Bed,Furniture,North,18,17787,0,332,6918,320166,3,1,2024
8452,2022-12-14,Bed,Furniture,South,1,34703,17,284,4695,34703,12,4,2022
8453,2023-02-03,Bed,Furniture,South,7,34110,0,166,5576,238770,2,1,2023
8454,2023-01-18,Bed,Furniture,West,7,17891,13,243,6632,125237,1,1,2023
8455,2022-08-08,Sofa,Furniture,North,7,27400,7,127,1087,191800,8,3,2022
8456,2023-04-04,Bed,Furniture,West,12,31661,3,423,6755,379932,4,2,2023
8457,2024-07-06,Bookshelf,Furniture,North,3,46610,20,72,8585,139830,7,3,2024
8458,2024-03-11,Sofa,Furniture,West,14,42735,0,198,5027,598290,3,1,2024
8459,2025-05-01,Office Chair,Furniture,South,18,8957,15,428,3808,161226,5,2,2025
8460,2023-04-14,Coffee Table,Furniture,South,11,28656,10,481,6326,315216,4,2,2023
8461,2025-02-17,Sofa,Furniture,West,20,49496,19,117,8439,989920,2,1,2025
8462,2023-11-10,Dining Table,Furniture,West,11,29492,10,486,4309,324412,11,4,2023
8463,2024-03-16,Bed,Furniture,North,17,29813,5,218,1094,506821,3,1,2024
8464,2022-07-15,Coffee Table,Furniture,West,6,43506,4,167,5811,261036,7,3,2022
8465,2023-03-03,Sofa,Furniture,East,10,33665,4,470,2566,336650,3,1,2023
8466,2022-08-31,Bed,Furniture,North,4,2025,1,81,5289,8100,8,3,2022
8467,2022-04-12,Bed,Furniture,East,12,30166,2,444,1812,361992,4,2,2022
8468,2022-12-05,Office Chair,Furniture,North,1,11691,19,411,1812,11691,12,4,2022
8469,2022-03-17,Bed,Furniture,East,15,34075,8,381,1082,511125,3,1,2022
8470,2023-02-11,Office Chair,Furniture,North,6,19331,9,55,1961,115986,2,1,2023
8471,2024-07-15,Dining Table,Furniture,West,9,27060,9,114,6104,243540,7,3,2024
8472,2023-08-30,Bed,Furniture,North,1,27096,6,95,4805,27096,8,3,2023
8473,2023-07-16,Study Table,Furniture,East,9,19891,17,383,4283,179019,7,3,2023
8474,2022-01-23,Bed,Furniture,West,17,30544,0,360,8121,519248,1,1,2022
8475,2024-07-18,Dining Table,Furniture,West,13,4908,4,296,1435,63804,7,3,2024
8476,2022-07-02,Study Table,Furniture,North,11,25013,16,471,4687,275143,7,3,2022
8477,2022-08-21,Sofa,Furniture,East,4,10333,16,221,5171,41332,8,3,2022
8478,2022-11-01,Dining Table,Furniture,West,8,18395,17,369,3803,147160,11,4,2022
8479,2024-04-10,Wardrobe,Furniture,South,9,7037,4,352,1267,63333,4,2,2024
8480,2022-04-16,Coffee Table,Furniture,East,8,24213,14,293,9035,193704,4,2,2022
8481,2023-01-12,Study Table,Furniture,East,13,42934,14,414,1562,558142,1,1,2023
8482,2022-03-30,Dining Table,Furniture,North,4,41007,2,134,7372,164028,3,1,2022
8483,2023-07-15,Dining Table,Furniture,West,17,31021,7,143,2857,527357,7,3,2023
8484,2025-03-27,Study Table,Furniture,North,6,2907,7,130,9142,17442,3,1,2025
8485,2024-09-07,Bookshelf,Furniture,South,3,9716,13,130,8522,29148,9,3,2024
8486,2024-03-03,Bookshelf,Furniture,East,6,23700,18,56,6145,142200,3,1,2024
8487,2025-07-14,Study Table,Furniture,South,20,9413,1,310,9795,188260,7,3,2025
8488,2023-08-14,Study Table,Furniture,East,6,14220,19,189,6910,85320,8,3,2023
8489,2025-05-04,Wardrobe,Furniture,East,11,28085,10,492,6597,308935,5,2,2025
8490,2025-01-14,Sofa,Furniture,East,20,48527,2,300,8697,970540,1,1,2025
8491,2023-12-07,Coffee Table,Furniture,West,16,13191,20,256,7120,211056,12,4,2023
8492,2023-07-22,Dining Table,Furniture,West,16,40373,16,194,8647,645968,7,3,2023
8493,2024-11-25,Sofa,Furniture,South,1,27248,15,246,6301,27248,11,4,2024
8494,2022-05-12,Sofa,Furniture,North,14,27271,2,411,2034,381794,5,2,2022
8495,2024-04-28,Wardrobe,Furniture,East,14,43537,18,80,6162,609518,4,2,2024
8496,2023-05-25,Bookshelf,Furniture,West,12,22173,3,181,6575,266076,5,2,2023
8497,2024-08-01,Sofa,Furniture,South,11,16640,3,369,8130,183040,8,3,2024
8498,2024-04-15,Sofa,Furniture,West,13,6709,19,319,8577,87217,4,2,2024
8499,2024-06-10,Dining Table,Furniture,East,16,42521,3,421,5543,680336,6,2,2024
8500,2023-07-31,Sofa,Furniture,North,15,12270,0,500,4590,184050,7,3,2023
8501,2022-06-02,Dining Table,Furniture,West,3,6452,19,430,2833,19356,6,2,2022
8502,2025-10-09,Office Chair,Furniture,North,19,31651,0,277,6200,601369,10,4,2025
8503,2023-02-09,Coffee Table,Furniture,East,2,19628,2,165,6945,39256,2,1,2023
8504,2024-10-04,Study Table,Furniture,East,17,33255,9,499,2365,565335,10,4,2024
8505,2025-03-30,Bookshelf,Furniture,North,4,49730,4,78,9223,198920,3,1,2025
8506,2025-04-28,Bookshelf,Furniture,South,11,49238,3,398,8241,541618,4,2,2025
8507,2022-09-21,Study Table,Furniture,South,15,38265,2,193,7998,573975,9,3,2022
8508,2022-03-21,Study Table,Furniture,South,14,35053,17,356,2731,490742,3,1,2022
8509,2023-03-05,Dining Table,Furniture,West,20,24664,7,50,2231,493280,3,1,2023
8510,2025-11-13,Dining Table,Furniture,South,12,4532,1,271,4340,54384,11,4,2025
8511,2025-12-23,Wardrobe,Furniture,North,12,32567,16,359,8318,390804,12,4,2025
8512,2022-11-23,Bed,Furniture,North,10,46952,16,247,4419,469520,11,4,2022
8513,2023-10-29,Bookshelf,Furniture,West,9,13801,3,469,7838,124209,10,4,2023
8514,2022-09-24,Coffee Table,Furniture,East,20,10905,6,398,3734,218100,9,3,2022
8515,2023-07-26,Bed,Furniture,West,8,26100,11,53,4868,208800,7,3,2023
8516,2022-05-12,Bookshelf,Furniture,East,14,37039,8,353,1375,518546,5,2,2022
8517,2024-10-18,Bookshelf,Furniture,East,1,2681,18,52,1802,2681,10,4,2024
8518,2022-11-04,Bed,Furniture,West,11,48477,6,96,7131,533247,11,4,2022
8519,2023-09-26,Office Chair,Furniture,North,18,44692,10,268,7102,804456,9,3,2023
8520,2025-05-11,Wardrobe,Furniture,North,12,7798,2,248,1747,93576,5,2,2025
8521,2025-06-09,Study Table,Furniture,South,10,7048,2,229,8765,70480,6,2,2025
8522,2023-07-01,Dining Table,Furniture,West,18,16415,1,126,7272,295470,7,3,2023
8523,2022-07-17,Wardrobe,Furniture,East,6,33662,7,252,8705,201972,7,3,2022
8524,2024-09-23,Study Table,Furniture,West,6,44804,17,201,8106,268824,9,3,2024
8525,2023-11-22,Bed,Furniture,South,11,18494,13,267,6534,203434,11,4,2023
8526,2023-12-18,Bookshelf,Furniture,South,5,35558,7,173,6912,177790,12,4,2023
8527,2023-08-15,Dining Table,Furniture,East,10,19385,19,80,6419,193850,8,3,2023
8528,2022-07-15,Dining Table,Furniture,East,1,11415,18,212,8681,11415,7,3,2022
8529,2022-03-08,Bed,Furniture,West,1,16492,16,267,6074,16492,3,1,2022
8530,2022-08-31,Sofa,Furniture,South,4,42671,10,68,2702,170684,8,3,2022
8531,2025-04-27,Wardrobe,Furniture,East,19,37530,20,372,2322,713070,4,2,2025
8532,2023-02-11,Bookshelf,Furniture,South,20,35966,16,136,7443,719320,2,1,2023
8533,2023-08-06,Dining Table,Furniture,East,16,32581,19,203,8544,521296,8,3,2023
8534,2022-01-05,Bed,Furniture,South,18,20312,17,374,7834,365616,1,1,2022
8535,2023-10-04,Office Chair,Furniture,South,2,26650,19,489,3633,53300,10,4,2023
8536,2024-04-21,Sofa,Furniture,West,8,3028,17,124,1046,24224,4,2,2024
8537,2025-09-17,Sofa,Furniture,East,5,22048,15,158,9338,110240,9,3,2025
8538,2025-04-29,Dining Table,Furniture,East,15,45052,10,498,7326,675780,4,2,2025
8539,2025-10-18,Study Table,Furniture,East,16,18059,11,118,8036,288944,10,4,2025
8540,2025-04-26,Dining Table,Furniture,South,15,27718,13,278,5458,415770,4,2,2025
8541,2023-08-19,Office Chair,Furniture,North,19,30743,6,328,2392,584117,8,3,2023
8542,2022-09-23,Bookshelf,Furniture,East,13,33840,5,352,8236,439920,9,3,2022
8543,2023-12-28,Bed,Furniture,West,12,41621,14,92,8903,499452,12,4,2023
8544,2024-03-20,Office Chair,Furniture,South,7,46953,0,321,1108,328671,3,1,2024
8545,2022-02-01,Bed,Furniture,South,13,14274,11,225,6096,185562,2,1,2022
8546,2022-06-07,Wardrobe,Furniture,East,18,27365,11,88,5046,492570,6,2,2022
8547,2022-04-28,Study Table,Furniture,East,5,49477,9,162,8533,247385,4,2,2022
8548,2025-10-02,Wardrobe,Furniture,West,4,25652,2,245,3969,102608,10,4,2025
8549,2025-09-22,Coffee Table,Furniture,North,20,3324,0,199,9165,66480,9,3,2025
8550,2024-09-12,Dining Table,Furniture,South,13,3956,1,158,2255,51428,9,3,2024
8551,2022-03-23,Sofa,Furniture,East,9,32962,11,293,4702,296658,3,1,2022
8552,2024-08-14,Office Chair,Furniture,East,16,14548,13,82,8203,232768,8,3,2024
8553,2023-08-09,Bookshelf,Furniture,North,16,41649,16,82,7658,666384,8,3,2023
8554,2025-08-12,Coffee Table,Furniture,West,20,35423,12,479,2268,708460,8,3,2025
8555,2022-05-05,Sofa,Furniture,South,16,6005,20,332,3558,96080,5,2,2022
8556,2025-01-12,Dining Table,Furniture,North,13,3799,16,207,7438,49387,1,1,2025
8557,2023-01-19,Bookshelf,Furniture,North,3,33544,17,354,1974,100632,1,1,2023
8558,2022-02-06,Bookshelf,Furniture,South,6,34442,20,350,3284,206652,2,1,2022
8559,2022-09-11,Bed,Furniture,South,18,18067,7,212,3994,325206,9,3,2022
8560,2024-08-04,Wardrobe,Furniture,West,18,7442,7,430,9543,133956,8,3,2024
8561,2024-11-02,Wardrobe,Furniture,South,11,38679,20,261,7554,425469,11,4,2024
8562,2025-11-13,Bed,Furniture,East,9,19415,15,402,6827,174735,11,4,2025
8563,2022-02-25,Office Chair,Furniture,South,20,29006,15,500,9901,580120,2,1,2022
8564,2022-06-07,Bookshelf,Furniture,South,20,23838,5,446,3649,476760,6,2,2022
8565,2023-11-22,Sofa,Furniture,East,16,35944,19,424,7182,575104,11,4,2023
8566,2025-10-04,Bed,Furniture,West,11,11244,11,419,2965,123684,10,4,2025
8567,2024-12-30,Study Table,Furniture,South,2,13914,20,205,3279,27828,12,4,2024
8568,2024-02-21,Dining Table,Furniture,East,15,20152,6,159,9118,302280,2,1,2024
8569,2024-07-04,Bed,Furniture,North,20,42254,9,239,4815,845080,7,3,2024
8570,2025-05-17,Wardrobe,Furniture,North,15,48306,9,51,3965,724590,5,2,2025
8571,2023-10-28,Dining Table,Furniture,East,16,31318,6,437,8967,501088,10,4,2023
8572,2022-08-17,Bookshelf,Furniture,East,9,8753,14,439,6158,78777,8,3,2022
8573,2022-02-18,Wardrobe,Furniture,South,7,17568,17,128,4753,122976,2,1,2022
8574,2025-11-11,Study Table,Furniture,East,1,30964,3,396,1162,30964,11,4,2025
8575,2022-06-20,Bed,Furniture,West,18,25698,17,368,1576,462564,6,2,2022
8576,2023-04-24,Coffee Table,Furniture,West,2,49245,11,316,8499,98490,4,2,2023
8577,2023-05-15,Coffee Table,Furniture,East,8,12304,14,58,1686,98432,5,2,2023
8578,2025-01-31,Sofa,Furniture,South,7,47502,11,340,1610,332514,1,1,2025
8579,2023-03-31,Dining Table,Furniture,West,14,2670,4,128,4229,37380,3,1,2023
8580,2024-03-03,Sofa,Furniture,West,9,34810,3,308,2547,313290,3,1,2024
8581,2022-05-20,Bed,Furniture,West,20,2537,10,450,6500,50740,5,2,2022
8582,2024-10-25,Sofa,Furniture,South,7,36069,6,477,7824,252483,10,4,2024
8583,2024-11-16,Sofa,Furniture,South,16,30150,19,415,6648,482400,11,4,2024
8584,2022-01-15,Bookshelf,Furniture,North,7,31466,4,332,6967,220262,1,1,2022
8585,2022-10-14,Dining Table,Furniture,West,7,48196,17,399,3287,337372,10,4,2022
8586,2022-05-03,Bed,Furniture,East,6,49108,14,288,5024,294648,5,2,2022
8587,2024-12-04,Office Chair,Furniture,South,3,14821,2,290,5437,44463,12,4,2024
8588,2022-01-01,Sofa,Furniture,East,5,17575,6,137,4975,87875,1,1,2022
8589,2022-07-03,Bed,Furniture,North,7,16684,18,431,9401,116788,7,3,2022
8590,2025-01-22,Dining Table,Furniture,East,9,20214,8,74,7161,181926,1,1,2025
8591,2022-09-03,Sofa,Furniture,South,13,9378,17,484,6328,121914,9,3,2022
8592,2025-08-21,Coffee Table,Furniture,West,14,49672,20,275,6360,695408,8,3,2025
8593,2025-03-30,Wardrobe,Furniture,West,15,19983,17,398,6211,299745,3,1,2025
8594,2024-06-21,Dining Table,Furniture,West,7,13482,16,137,9493,94374,6,2,2024
8595,2025-03-03,Wardrobe,Furniture,North,6,20962,4,497,7007,125772,3,1,2025
8596,2023-02-24,Wardrobe,Furniture,South,16,19051,17,329,3576,304816,2,1,2023
8597,2023-03-18,Bed,Furniture,North,4,25011,8,186,4108,100044,3,1,2023
8598,2025-02-07,Dining Table,Furniture,East,1,8893,17,418,1146,8893,2,1,2025
8599,2024-05-09,Office Chair,Furniture,West,3,13683,18,197,5847,41049,5,2,2024
8600,2024-07-14,Bed,Furniture,South,18,18300,14,474,5770,329400,7,3,2024
8601,2024-08-20,Bookshelf,Furniture,East,4,35071,10,470,5189,140284,8,3,2024
8602,2024-07-08,Bed,Furniture,North,10,45290,12,202,6804,452900,7,3,2024
8603,2024-08-29,Office Chair,Furniture,South,12,15461,20,219,7844,185532,8,3,2024
8604,2024-08-08,Bed,Furniture,East,3,49188,3,341,7686,147564,8,3,2024
8605,2023-10-03,Bed,Furniture,South,14,2332,0,269,3058,32648,10,4,2023
8606,2022-10-20,Study Table,Furniture,West,4,11059,13,159,5101,44236,10,4,2022
8607,2023-01-27,Office Chair,Furniture,East,20,43867,9,396,1604,877340,1,1,2023
8608,2024-10-06,Sofa,Furniture,North,17,34077,11,200,7894,579309,10,4,2024
8609,2024-11-07,Bookshelf,Furniture,West,11,43200,2,150,7841,475200,11,4,2024
8610,2024-03-08,Bookshelf,Furniture,West,8,9457,17,179,1784,75656,3,1,2024
8611,2022-01-19,Study Table,Furniture,South,4,18992,15,114,5679,75968,1,1,2022
8612,2024-11-19,Coffee Table,Furniture,South,20,39995,8,173,7702,799900,11,4,2024
8613,2025-03-06,Wardrobe,Furniture,South,8,43204,10,348,5515,345632,3,1,2025
8614,2024-12-30,Dining Table,Furniture,North,5,29961,15,178,2968,149805,12,4,2024
8615,2025-01-04,Bookshelf,Furniture,West,4,34046,9,292,1845,136184,1,1,2025
8616,2022-09-05,Bookshelf,Furniture,East,5,32545,15,249,9536,162725,9,3,2022
8617,2025-06-01,Office Chair,Furniture,West,18,22596,19,395,4824,406728,6,2,2025
8618,2023-09-08,Wardrobe,Furniture,East,10,12610,12,406,7571,126100,9,3,2023
8619,2022-01-08,Dining Table,Furniture,West,19,23461,14,202,4106,445759,1,1,2022
8620,2024-07-15,Bookshelf,Furniture,East,10,3054,11,379,5122,30540,7,3,2024
8621,2024-06-08,Office Chair,Furniture,South,9,17257,12,455,4592,155313,6,2,2024
8622,2025-02-11,Bookshelf,Furniture,North,1,2701,8,213,3061,2701,2,1,2025
8623,2023-09-14,Wardrobe,Furniture,North,12,48361,4,300,5749,580332,9,3,2023
8624,2022-06-18,Bed,Furniture,North,10,10570,10,421,5427,105700,6,2,2022
8625,2024-04-02,Sofa,Furniture,West,14,8948,2,292,3476,125272,4,2,2024
8626,2024-05-18,Study Table,Furniture,West,1,31854,9,402,1358,31854,5,2,2024
8627,2022-02-28,Dining Table,Furniture,North,5,43553,15,93,3867,217765,2,1,2022
8628,2022-07-14,Sofa,Furniture,East,17,15964,0,385,4798,271388,7,3,2022
8629,2025-08-20,Wardrobe,Furniture,North,18,4259,18,277,1842,76662,8,3,2025
8630,2022-03-30,Bed,Furniture,West,4,41102,10,299,3691,164408,3,1,2022
8631,2024-09-12,Coffee Table,Furniture,South,10,2286,5,152,3962,22860,9,3,2024
8632,2022-09-15,Sofa,Furniture,North,11,30970,1,491,2512,340670,9,3,2022
8633,2024-02-07,Bookshelf,Furniture,South,9,9042,5,144,2453,81378,2,1,2024
8634,2022-11-26,Bookshelf,Furniture,North,3,9983,19,120,1824,29949,11,4,2022
8635,2025-10-25,Office Chair,Furniture,North,10,43492,20,88,7409,434920,10,4,2025
8636,2024-02-23,Bookshelf,Furniture,West,20,27407,20,448,2885,548140,2,1,2024
8637,2024-04-04,Coffee Table,Furniture,South,13,30488,11,121,6492,396344,4,2,2024
8638,2023-08-01,Bookshelf,Furniture,North,10,22193,15,171,8672,221930,8,3,2023
8639,2025-01-14,Wardrobe,Furniture,South,11,14866,19,486,5404,163526,1,1,2025
8640,2023-10-23,Coffee Table,Furniture,West,2,8562,1,419,3709,17124,10,4,2023
8641,2022-05-12,Bookshelf,Furniture,South,11,41499,6,409,1742,456489,5,2,2022
8642,2023-01-12,Wardrobe,Furniture,West,5,23684,19,146,2791,118420,1,1,2023
8643,2022-03-30,Office Chair,Furniture,North,18,43646,4,330,1916,785628,3,1,2022
8644,2025-07-14,Wardrobe,Furniture,West,5,45439,18,441,5285,227195,7,3,2025
8645,2022-10-11,Study Table,Furniture,North,9,2934,2,215,3905,26406,10,4,2022
8646,2023-08-27,Sofa,Furniture,West,10,37080,12,393,9097,370800,8,3,2023
8647,2024-04-08,Bookshelf,Furniture,South,13,33591,7,117,5046,436683,4,2,2024
8648,2022-10-01,Dining Table,Furniture,West,16,31740,11,54,5053,507840,10,4,2022
8649,2025-09-16,Sofa,Furniture,South,19,18393,6,472,6093,349467,9,3,2025
8650,2023-09-05,Sofa,Furniture,West,14,31238,5,240,2607,437332,9,3,2023
8651,2025-11-11,Dining Table,Furniture,South,9,14498,9,80,4879,130482,11,4,2025
8652,2024-01-23,Wardrobe,Furniture,North,11,23286,9,247,3556,256146,1,1,2024
8653,2025-04-29,Sofa,Furniture,West,17,38529,19,82,8643,654993,4,2,2025
8654,2023-08-23,Study Table,Furniture,North,17,21621,15,375,2627,367557,8,3,2023
8655,2025-07-30,Wardrobe,Furniture,South,10,15034,18,50,3326,150340,7,3,2025
8656,2023-12-17,Coffee Table,Furniture,West,17,37380,4,263,7687,635460,12,4,2023
8657,2022-06-14,Coffee Table,Furniture,West,1,44882,14,135,3918,44882,6,2,2022
8658,2022-09-06,Office Chair,Furniture,South,16,39515,4,211,6200,632240,9,3,2022
8659,2024-06-12,Study Table,Furniture,East,15,39961,5,219,6362,599415,6,2,2024
8660,2022-10-21,Bed,Furniture,South,13,27477,18,85,2766,357201,10,4,2022
8661,2022-01-28,Office Chair,Furniture,West,20,34357,13,488,3131,687140,1,1,2022
8662,2024-04-19,Bookshelf,Furniture,West,14,46832,3,437,6927,655648,4,2,2024
8663,2023-06-08,Office Chair,Furniture,North,10,38931,6,249,4337,389310,6,2,2023
8664,2024-12-04,Study Table,Furniture,South,1,13205,17,228,6302,13205,12,4,2024
8665,2025-01-09,Sofa,Furniture,West,18,28154,2,119,2010,506772,1,1,2025
8666,2023-11-15,Coffee Table,Furniture,West,4,28014,8,396,2696,112056,11,4,2023
8667,2023-03-19,Office Chair,Furniture,South,17,4351,20,108,2146,73967,3,1,2023
8668,2024-12-26,Bookshelf,Furniture,West,16,8103,11,197,5036,129648,12,4,2024
8669,2023-03-17,Bed,Furniture,South,2,30136,11,378,3489,60272,3,1,2023
8670,2024-01-07,Coffee Table,Furniture,West,4,49504,16,456,4411,198016,1,1,2024
8671,2022-10-19,Bed,Furniture,South,9,18110,1,419,8974,162990,10,4,2022
8672,2022-02-04,Bookshelf,Furniture,North,19,8646,18,260,4465,164274,2,1,2022
8673,2023-04-21,Study Table,Furniture,South,19,23714,4,434,2632,450566,4,2,2023
8674,2025-12-18,Coffee Table,Furniture,South,12,48851,7,391,5046,586212,12,4,2025
8675,2025-11-19,Bookshelf,Furniture,East,2,33546,14,218,4309,67092,11,4,2025
8676,2024-03-28,Wardrobe,Furniture,South,2,10068,19,392,2664,20136,3,1,2024
8677,2023-02-01,Dining Table,Furniture,North,8,47299,10,494,4807,378392,2,1,2023
8678,2025-04-26,Bookshelf,Furniture,South,12,26742,1,296,7417,320904,4,2,2025
8679,2023-08-28,Study Table,Furniture,South,8,35278,14,242,3438,282224,8,3,2023
8680,2022-07-30,Bookshelf,Furniture,West,4,49726,1,326,8251,198904,7,3,2022
8681,2024-09-07,Wardrobe,Furniture,South,11,41631,13,56,1465,457941,9,3,2024
8682,2025-01-11,Coffee Table,Furniture,South,10,5862,4,485,1612,58620,1,1,2025
8683,2023-03-10,Sofa,Furniture,East,20,18420,19,294,7010,368400,3,1,2023
8684,2023-07-10,Wardrobe,Furniture,South,4,10090,18,151,6661,40360,7,3,2023
8685,2024-09-18,Office Chair,Furniture,South,20,40416,2,115,6307,808320,9,3,2024
8686,2025-05-14,Coffee Table,Furniture,West,15,30088,3,81,3466,451320,5,2,2025
8687,2023-05-30,Sofa,Furniture,East,19,48844,11,273,6212,928036,5,2,2023
8688,2025-10-07,Study Table,Furniture,South,10,3059,19,149,9653,30590,10,4,2025
8689,2022-01-06,Dining Table,Furniture,North,5,42179,13,108,5755,210895,1,1,2022
8690,2023-01-22,Dining Table,Furniture,South,11,30880,14,81,8916,339680,1,1,2023
8691,2024-04-02,Office Chair,Furniture,East,6,19729,17,54,6274,118374,4,2,2024
8692,2024-08-01,Coffee Table,Furniture,South,10,25527,20,148,9340,255270,8,3,2024
8693,2025-06-05,Wardrobe,Furniture,North,13,6423,13,190,2146,83499,6,2,2025
8694,2022-12-13,Office Chair,Furniture,West,10,4386,11,398,7539,43860,12,4,2022
8695,2023-08-22,Study Table,Furniture,East,2,23418,13,319,3211,46836,8,3,2023
8696,2024-01-28,Bookshelf,Furniture,North,2,26365,1,370,4520,52730,1,1,2024
8697,2023-07-31,Bookshelf,Furniture,West,7,45681,3,347,1607,319767,7,3,2023
8698,2023-01-13,Dining Table,Furniture,South,13,9464,4,392,4636,123032,1,1,2023
8699,2022-02-03,Wardrobe,Furniture,East,11,12783,18,269,6820,140613,2,1,2022
8700,2024-09-16,Wardrobe,Furniture,East,20,32161,7,90,2054,643220,9,3,2024
8701,2022-10-10,Coffee Table,Furniture,West,19,33941,5,122,6838,644879,10,4,2022
8702,2024-10-14,Bed,Furniture,West,14,38550,9,88,2277,539700,10,4,2024
8703,2023-08-25,Bed,Furniture,North,1,7161,8,220,6995,7161,8,3,2023
8704,2022-01-30,Sofa,Furniture,West,4,43167,5,261,6027,172668,1,1,2022
8705,2023-04-18,Coffee Table,Furniture,South,7,37072,0,208,1345,259504,4,2,2023
8706,2024-12-27,Bookshelf,Furniture,North,15,48795,12,285,8688,731925,12,4,2024
8707,2023-09-10,Study Table,Furniture,West,6,17034,0,459,4113,102204,9,3,2023
8708,2025-09-07,Sofa,Furniture,East,13,20902,7,281,7328,271726,9,3,2025
8709,2022-01-05,Dining Table,Furniture,North,19,12662,11,140,7691,240578,1,1,2022
8710,2025-04-10,Bookshelf,Furniture,East,14,41649,8,297,2625,583086,4,2,2025
8711,2023-05-20,Bed,Furniture,East,12,17828,11,277,2676,213936,5,2,2023
8712,2022-04-13,Coffee Table,Furniture,East,19,17297,8,386,5686,328643,4,2,2022
8713,2023-12-10,Bookshelf,Furniture,North,8,49962,1,313,8233,399696,12,4,2023
8714,2025-09-30,Coffee Table,Furniture,South,12,41811,4,149,8123,501732,9,3,2025
8715,2022-11-11,Sofa,Furniture,West,10,3961,9,251,9936,39610,11,4,2022
8716,2024-12-10,Wardrobe,Furniture,West,18,2762,8,306,3260,49716,12,4,2024
8717,2023-07-01,Wardrobe,Furniture,West,18,7073,7,116,7912,127314,7,3,2023
8718,2022-02-05,Office Chair,Furniture,North,11,12464,0,152,5713,137104,2,1,2022
8719,2023-09-05,Wardrobe,Furniture,West,19,47723,18,250,5558,906737,9,3,2023
8720,2025-03-17,Coffee Table,Furniture,North,20,17340,19,426,5603,346800,3,1,2025
8721,2025-11-13,Study Table,Furniture,East,7,6601,8,52,2541,46207,11,4,2025
8722,2023-02-16,Dining Table,Furniture,North,13,29683,4,72,4963,385879,2,1,2023
8723,2024-11-16,Dining Table,Furniture,North,19,8880,6,259,2484,168720,11,4,2024
8724,2025-12-03,Sofa,Furniture,East,12,39362,0,164,9578,472344,12,4,2025
8725,2022-05-01,Wardrobe,Furniture,North,1,3456,5,431,4809,3456,5,2,2022
8726,2025-03-28,Wardrobe,Furniture,North,18,20559,17,428,7366,370062,3,1,2025
8727,2025-09-19,Wardrobe,Furniture,North,20,43653,5,496,3465,873060,9,3,2025
8728,2022-10-01,Dining Table,Furniture,South,1,23551,1,337,1974,23551,10,4,2022
8729,2024-05-29,Bookshelf,Furniture,South,10,15692,15,296,4676,156920,5,2,2024
8730,2024-02-04,Sofa,Furniture,West,8,8589,7,426,9241,68712,2,1,2024
8731,2025-04-15,Bed,Furniture,West,10,27567,19,290,6831,275670,4,2,2025
8732,2022-05-03,Wardrobe,Furniture,East,19,5486,10,196,8181,104234,5,2,2022
8733,2024-08-24,Sofa,Furniture,East,16,47491,8,436,7582,759856,8,3,2024
8734,2022-04-22,Coffee Table,Furniture,South,15,33158,4,99,6614,497370,4,2,2022
8735,2025-01-10,Office Chair,Furniture,South,9,25095,15,312,3015,225855,1,1,2025
8736,2022-08-29,Study Table,Furniture,North,12,30136,3,420,2772,361632,8,3,2022
8737,2023-11-04,Wardrobe,Furniture,South,13,17824,1,368,4709,231712,11,4,2023
8738,2023-03-23,Office Chair,Furniture,South,2,45357,10,385,6826,90714,3,1,2023
8739,2025-09-05,Coffee Table,Furniture,South,20,34511,15,491,9630,690220,9,3,2025
8740,2023-02-17,Bed,Furniture,South,9,10543,19,440,8635,94887,2,1,2023
8741,2023-04-03,Dining Table,Furniture,West,4,48991,6,141,3824,195964,4,2,2023
8742,2025-02-01,Bed,Furniture,North,6,26741,6,407,3023,160446,2,1,2025
8743,2024-05-05,Coffee Table,Furniture,East,13,26044,20,253,1105,338572,5,2,2024
8744,2025-03-26,Sofa,Furniture,West,7,19200,15,129,9741,134400,3,1,2025
8745,2023-06-25,Coffee Table,Furniture,West,14,3031,2,116,7850,42434,6,2,2023
8746,2024-07-16,Sofa,Furniture,North,11,25755,1,146,4221,283305,7,3,2024
8747,2023-11-03,Wardrobe,Furniture,East,16,36207,5,262,2328,579312,11,4,2023
8748,2022-03-12,Wardrobe,Furniture,East,2,44639,18,416,4830,89278,3,1,2022
8749,2022-11-20,Study Table,Furniture,North,16,22906,13,276,8244,366496,11,4,2022
8750,2025-08-27,Coffee Table,Furniture,East,19,44789,13,450,6626,850991,8,3,2025
8751,2023-05-16,Sofa,Furniture,North,4,8599,18,349,2253,34396,5,2,2023
8752,2025-04-17,Study Table,Furniture,West,3,11321,2,182,2412,33963,4,2,2025
8753,2022-04-08,Wardrobe,Furniture,West,9,19171,18,461,4273,172539,4,2,2022
8754,2023-03-22,Office Chair,Furniture,South,4,10669,1,420,4900,42676,3,1,2023
8755,2025-11-12,Study Table,Furniture,South,4,9446,6,303,9357,37784,11,4,2025
8756,2022-08-26,Coffee Table,Furniture,West,9,15316,15,420,7083,137844,8,3,2022
8757,2024-12-19,Bed,Furniture,East,6,30927,8,253,6418,185562,12,4,2024
8758,2024-08-26,Wardrobe,Furniture,South,3,11535,11,64,4684,34605,8,3,2024
8759,2025-03-12,Dining Table,Furniture,North,14,35272,10,323,6095,493808,3,1,2025
8760,2024-12-24,Dining Table,Furniture,North,14,6752,14,415,6675,94528,12,4,2024
8761,2024-07-31,Bed,Furniture,North,4,30848,11,121,2894,123392,7,3,2024
8762,2024-09-14,Dining Table,Furniture,West,18,8211,19,173,3514,147798,9,3,2024
8763,2024-05-30,Study Table,Furniture,South,10,7440,20,457,6031,74400,5,2,2024
8764,2022-03-06,Study Table,Furniture,West,4,8560,8,455,5674,34240,3,1,2022
8765,2023-01-04,Bookshelf,Furniture,West,13,26524,13,417,5008,344812,1,1,2023
8766,2022-10-28,Sofa,Furniture,North,18,5231,18,215,7994,94158,10,4,2022
8767,2025-02-18,Coffee Table,Furniture,North,18,38064,14,436,6337,685152,2,1,2025
8768,2025-10-26,Coffee Table,Furniture,East,8,41765,6,171,8427,334120,10,4,2025
8769,2022-05-24,Study Table,Furniture,West,2,38129,4,390,6561,76258,5,2,2022
8770,2023-09-07,Coffee Table,Furniture,East,6,35902,15,101,6468,215412,9,3,2023
8771,2024-12-21,Wardrobe,Furniture,South,7,2100,16,354,2299,14700,12,4,2024
8772,2022-10-22,Sofa,Furniture,South,11,33804,19,121,1263,371844,10,4,2022
8773,2022-09-14,Study Table,Furniture,West,4,41432,17,294,1102,165728,9,3,2022
8774,2023-04-14,Office Chair,Furniture,South,8,33566,8,234,1677,268528,4,2,2023
8775,2025-08-25,Study Table,Furniture,North,5,42439,15,190,1082,212195,8,3,2025
8776,2023-12-15,Bookshelf,Furniture,North,9,26585,6,221,2052,239265,12,4,2023
8777,2023-12-19,Dining Table,Furniture,South,2,46741,0,402,9567,93482,12,4,2023
8778,2024-03-17,Study Table,Furniture,West,1,47371,15,311,8505,47371,3,1,2024
8779,2024-11-03,Dining Table,Furniture,South,16,25129,0,133,6202,402064,11,4,2024
8780,2022-03-26,Dining Table,Furniture,East,3,20423,17,50,2656,61269,3,1,2022
8781,2025-05-15,Bed,Furniture,West,1,27293,2,496,3429,27293,5,2,2025
8782,2023-01-22,Dining Table,Furniture,West,2,35394,0,412,6212,70788,1,1,2023
8783,2022-05-28,Bed,Furniture,West,3,13082,17,427,6990,39246,5,2,2022
8784,2024-07-23,Office Chair,Furniture,South,8,14210,10,100,6015,113680,7,3,2024
8785,2023-11-03,Dining Table,Furniture,North,8,12607,10,378,1622,100856,11,4,2023
8786,2023-11-26,Wardrobe,Furniture,North,6,24520,15,190,1546,147120,11,4,2023
8787,2023-07-05,Wardrobe,Furniture,South,3,39470,6,242,6592,118410,7,3,2023
8788,2024-08-28,Bed,Furniture,South,10,45668,17,454,5223,456680,8,3,2024
8789,2024-06-17,Bookshelf,Furniture,South,4,43090,5,385,7623,172360,6,2,2024
8790,2024-03-09,Bookshelf,Furniture,East,9,11801,12,398,7763,106209,3,1,2024
8791,2025-03-30,Bed,Furniture,East,20,16859,18,286,2181,337180,3,1,2025
8792,2023-07-28,Sofa,Furniture,East,8,17405,7,93,7954,139240,7,3,2023
8793,2023-03-17,Office Chair,Furniture,West,12,41299,3,193,4618,495588,3,1,2023
8794,2025-04-18,Study Table,Furniture,East,4,48367,17,437,4462,193468,4,2,2025
8795,2025-12-22,Dining Table,Furniture,North,17,47312,16,178,2720,804304,12,4,2025
8796,2025-10-11,Bookshelf,Furniture,South,15,6636,2,316,9409,99540,10,4,2025
8797,2025-11-29,Coffee Table,Furniture,North,16,39424,19,115,4872,630784,11,4,2025
8798,2022-04-28,Office Chair,Furniture,East,3,33421,17,368,1570,100263,4,2,2022
8799,2025-09-18,Bed,Furniture,South,3,37823,10,401,1639,113469,9,3,2025
8800,2023-08-01,Coffee Table,Furniture,South,8,8686,4,489,3308,69488,8,3,2023
8801,2025-08-04,Coffee Table,Furniture,West,7,32146,13,455,4252,225022,8,3,2025
8802,2022-01-23,Coffee Table,Furniture,South,5,41250,14,284,9964,206250,1,1,2022
8803,2024-01-10,Sofa,Furniture,West,8,5541,18,430,3856,44328,1,1,2024
8804,2023-11-17,Sofa,Furniture,East,18,21458,0,227,5587,386244,11,4,2023
8805,2025-01-01,Sofa,Furniture,South,18,14931,17,161,8832,268758,1,1,2025
8806,2023-03-24,Bookshelf,Furniture,South,11,22795,16,271,4982,250745,3,1,2023
8807,2023-03-18,Sofa,Furniture,North,5,16858,6,78,7778,84290,3,1,2023
8808,2022-10-28,Wardrobe,Furniture,North,14,21500,18,216,9514,301000,10,4,2022
8809,2024-08-27,Bed,Furniture,North,5,15844,13,491,1316,79220,8,3,2024
8810,2024-10-27,Dining Table,Furniture,South,10,34884,2,277,5321,348840,10,4,2024
8811,2023-10-04,Coffee Table,Furniture,North,18,26215,3,301,8660,471870,10,4,2023
8812,2025-05-22,Office Chair,Furniture,North,7,35759,7,455,7451,250313,5,2,2025
8813,2025-10-26,Office Chair,Furniture,North,5,19787,6,77,6139,98935,10,4,2025
8814,2025-07-27,Bookshelf,Furniture,South,6,28419,2,95,8811,170514,7,3,2025
8815,2025-09-16,Bed,Furniture,South,19,30196,17,417,1513,573724,9,3,2025
8816,2022-07-30,Study Table,Furniture,East,9,23259,17,141,3169,209331,7,3,2022
8817,2023-07-19,Wardrobe,Furniture,East,4,32296,8,399,9153,129184,7,3,2023
8818,2023-04-12,Bed,Furniture,North,7,45836,10,297,7479,320852,4,2,2023
8819,2023-04-16,Office Chair,Furniture,North,14,36743,14,97,1977,514402,4,2,2023
8820,2024-02-24,Study Table,Furniture,South,8,31262,19,388,8328,250096,2,1,2024
8821,2022-05-08,Coffee Table,Furniture,South,15,7942,7,68,1792,119130,5,2,2022
8822,2023-09-01,Bookshelf,Furniture,South,7,16180,16,412,5520,113260,9,3,2023
8823,2025-12-11,Bed,Furniture,North,3,8251,0,342,1828,24753,12,4,2025
8824,2022-06-06,Sofa,Furniture,North,12,5390,17,375,1554,64680,6,2,2022
8825,2025-12-19,Study Table,Furniture,West,8,49731,4,215,2296,397848,12,4,2025
8826,2023-07-22,Dining Table,Furniture,North,17,22619,17,249,4963,384523,7,3,2023
8827,2024-10-03,Office Chair,Furniture,North,3,35145,4,395,9258,105435,10,4,2024
8828,2023-03-07,Bookshelf,Furniture,South,17,6991,17,394,4318,118847,3,1,2023
8829,2025-04-20,Bookshelf,Furniture,North,20,7769,11,178,2566,155380,4,2,2025
8830,2023-03-12,Wardrobe,Furniture,West,6,42196,18,98,2969,253176,3,1,2023
8831,2024-08-01,Bookshelf,Furniture,East,18,33550,7,53,3695,603900,8,3,2024
8832,2024-09-18,Bed,Furniture,North,18,42559,6,386,2022,766062,9,3,2024
8833,2022-05-03,Bed,Furniture,East,11,16243,17,82,4313,178673,5,2,2022
8834,2025-11-15,Coffee Table,Furniture,West,4,26952,18,169,7363,107808,11,4,2025
8835,2025-08-14,Sofa,Furniture,East,19,42574,19,115,7432,808906,8,3,2025
8836,2022-03-01,Bed,Furniture,North,5,42316,20,147,1171,211580,3,1,2022
8837,2022-06-23,Bed,Furniture,South,13,15814,13,97,8374,205582,6,2,2022
8838,2024-07-03,Study Table,Furniture,South,11,14961,6,496,7800,164571,7,3,2024
8839,2024-08-21,Coffee Table,Furniture,North,20,20700,18,278,1454,414000,8,3,2024
8840,2025-01-19,Wardrobe,Furniture,West,10,24511,5,430,1897,245110,1,1,2025
8841,2023-11-04,Office Chair,Furniture,East,20,4784,5,123,2533,95680,11,4,2023
8842,2023-11-21,Study Table,Furniture,North,2,15749,10,363,8161,31498,11,4,2023
8843,2022-03-04,Bookshelf,Furniture,South,18,17486,12,448,3021,314748,3,1,2022
8844,2025-07-29,Sofa,Furniture,East,1,13528,8,493,6224,13528,7,3,2025
8845,2025-06-02,Office Chair,Furniture,North,2,36284,9,134,7497,72568,6,2,2025
8846,2025-01-10,Office Chair,Furniture,South,16,18011,7,198,2969,288176,1,1,2025
8847,2025-02-04,Dining Table,Furniture,North,20,30087,8,165,3673,601740,2,1,2025
8848,2022-06-09,Dining Table,Furniture,West,7,38662,2,185,3415,270634,6,2,2022
8849,2022-07-17,Bookshelf,Furniture,North,4,10277,20,455,7238,41108,7,3,2022
8850,2022-02-05,Dining Table,Furniture,East,16,44347,5,335,3168,709552,2,1,2022
8851,2023-04-06,Bed,Furniture,North,12,23070,2,113,2393,276840,4,2,2023
8852,2023-12-01,Bookshelf,Furniture,East,20,34962,14,224,3252,699240,12,4,2023
8853,2022-08-13,Wardrobe,Furniture,East,14,31455,20,188,6231,440370,8,3,2022
8854,2022-03-03,Office Chair,Furniture,East,16,31029,1,198,3979,496464,3,1,2022
8855,2024-02-15,Coffee Table,Furniture,East,10,37729,19,67,2996,377290,2,1,2024
8856,2024-01-19,Wardrobe,Furniture,South,9,48510,16,395,2021,436590,1,1,2024
8857,2024-06-22,Bed,Furniture,East,12,5939,2,132,5076,71268,6,2,2024
8858,2025-08-18,Sofa,Furniture,North,18,30195,19,95,2759,543510,8,3,2025
8859,2025-03-02,Coffee Table,Furniture,South,17,44212,3,380,4507,751604,3,1,2025
8860,2024-02-16,Sofa,Furniture,West,15,43258,3,178,7605,648870,2,1,2024
8861,2025-07-02,Office Chair,Furniture,West,14,14251,8,64,3079,199514,7,3,2025
8862,2025-01-08,Study Table,Furniture,South,9,4473,6,462,8150,40257,1,1,2025
8863,2022-02-04,Coffee Table,Furniture,South,14,20640,9,123,5984,288960,2,1,2022
8864,2022-10-02,Sofa,Furniture,East,15,7942,15,290,5389,119130,10,4,2022
8865,2022-02-21,Coffee Table,Furniture,West,13,18777,17,148,5153,244101,2,1,2022
8866,2024-03-03,Wardrobe,Furniture,West,10,18622,8,468,1483,186220,3,1,2024
8867,2022-11-21,Dining Table,Furniture,East,2,24811,12,230,7036,49622,11,4,2022
8868,2025-08-05,Study Table,Furniture,East,7,22992,3,352,6018,160944,8,3,2025
8869,2025-03-08,Office Chair,Furniture,North,17,44453,8,224,6131,755701,3,1,2025
8870,2023-07-07,Office Chair,Furniture,North,17,34134,8,296,5273,580278,7,3,2023
8871,2023-07-12,Study Table,Furniture,East,5,28678,6,382,8235,143390,7,3,2023
8872,2025-05-03,Sofa,Furniture,East,4,33444,15,264,1784,133776,5,2,2025
8873,2022-01-05,Study Table,Furniture,West,3,38921,7,124,8587,116763,1,1,2022
8874,2023-12-16,Bed,Furniture,East,2,27389,12,481,4053,54778,12,4,2023
8875,2025-02-16,Dining Table,Furniture,East,15,26108,14,228,2262,391620,2,1,2025
8876,2025-08-21,Bookshelf,Furniture,South,14,21849,5,296,1547,305886,8,3,2025
8877,2024-09-19,Coffee Table,Furniture,East,11,38260,15,185,9087,420860,9,3,2024
8878,2024-06-14,Wardrobe,Furniture,South,18,22265,16,291,5960,400770,6,2,2024
8879,2023-10-29,Wardrobe,Furniture,South,15,6910,2,53,2978,103650,10,4,2023
8880,2023-05-25,Office Chair,Furniture,South,10,24193,15,396,7397,241930,5,2,2023
8881,2025-05-08,Bed,Furniture,South,7,3149,15,149,5746,22043,5,2,2025
8882,2024-06-02,Sofa,Furniture,South,5,37671,10,495,6357,188355,6,2,2024
8883,2024-11-02,Wardrobe,Furniture,North,17,18575,5,485,7334,315775,11,4,2024
8884,2024-06-17,Bookshelf,Furniture,West,11,48559,8,265,1181,534149,6,2,2024
8885,2023-01-08,Wardrobe,Furniture,South,11,15956,17,89,2280,175516,1,1,2023
8886,2023-11-01,Study Table,Furniture,East,19,44917,8,213,4481,853423,11,4,2023
8887,2024-03-12,Sofa,Furniture,West,17,10075,1,303,5558,171275,3,1,2024
8888,2024-03-25,Bookshelf,Furniture,West,8,9095,14,161,1091,72760,3,1,2024
8889,2024-12-17,Bookshelf,Furniture,East,15,40696,4,222,6749,610440,12,4,2024
8890,2023-05-22,Bed,Furniture,West,2,6324,11,114,6131,12648,5,2,2023
8891,2025-05-26,Coffee Table,Furniture,South,8,19463,1,228,2672,155704,5,2,2025
8892,2023-05-15,Wardrobe,Furniture,North,4,11472,18,98,2594,45888,5,2,2023
8893,2024-01-30,Sofa,Furniture,North,10,8591,4,463,3491,85910,1,1,2024
8894,2024-05-28,Office Chair,Furniture,North,9,39963,2,408,4826,359667,5,2,2024
8895,2023-06-10,Coffee Table,Furniture,North,18,17822,11,440,1504,320796,6,2,2023
8896,2022-04-10,Wardrobe,Furniture,South,14,32495,9,212,2993,454930,4,2,2022
8897,2022-10-12,Bookshelf,Furniture,East,15,41013,18,71,3347,615195,10,4,2022
8898,2023-04-05,Dining Table,Furniture,South,13,43259,7,296,5922,562367,4,2,2023
8899,2024-08-10,Coffee Table,Furniture,West,7,13351,6,394,7571,93457,8,3,2024
8900,2022-02-22,Coffee Table,Furniture,East,19,45162,11,331,8374,858078,2,1,2022
8901,2023-09-23,Sofa,Furniture,West,18,15132,1,274,8027,272376,9,3,2023
8902,2025-05-25,Bed,Furniture,South,12,40096,8,489,5497,481152,5,2,2025
8903,2024-05-25,Dining Table,Furniture,West,6,2284,0,454,3513,13704,5,2,2024
8904,2024-11-09,Study Table,Furniture,North,16,29190,4,379,9687,467040,11,4,2024
8905,2024-04-05,Sofa,Furniture,North,19,27197,4,61,8519,516743,4,2,2024
8906,2024-06-29,Study Table,Furniture,West,6,21629,8,400,5606,129774,6,2,2024
8907,2024-11-07,Study Table,Furniture,East,7,23664,18,355,2298,165648,11,4,2024
8908,2024-04-13,Coffee Table,Furniture,East,15,17770,12,371,7887,266550,4,2,2024
8909,2023-12-31,Dining Table,Furniture,West,13,15163,9,128,3688,197119,12,4,2023
8910,2022-10-31,Office Chair,Furniture,North,9,23547,17,415,6806,211923,10,4,2022
8911,2023-09-30,Bookshelf,Furniture,East,5,6694,0,367,1511,33470,9,3,2023
8912,2025-11-15,Bookshelf,Furniture,South,15,44987,4,84,3773,674805,11,4,2025
8913,2024-09-24,Coffee Table,Furniture,East,5,40384,2,90,5737,201920,9,3,2024
8914,2022-05-18,Wardrobe,Furniture,North,3,21501,13,349,9774,64503,5,2,2022
8915,2025-09-08,Bed,Furniture,West,12,31630,14,220,7270,379560,9,3,2025
8916,2024-12-23,Sofa,Furniture,East,14,7943,9,212,2677,111202,12,4,2024
8917,2024-03-29,Sofa,Furniture,North,13,3655,14,389,6187,47515,3,1,2024
8918,2024-12-11,Office Chair,Furniture,East,20,35926,13,372,7838,718520,12,4,2024
8919,2023-10-19,Coffee Table,Furniture,South,11,22630,15,411,9536,248930,10,4,2023
8920,2023-08-23,Bookshelf,Furniture,West,6,34541,18,136,7698,207246,8,3,2023
8921,2025-02-09,Sofa,Furniture,West,13,5539,10,199,1895,72007,2,1,2025
8922,2024-06-18,Coffee Table,Furniture,East,17,5256,18,373,9319,89352,6,2,2024
8923,2024-06-24,Coffee Table,Furniture,North,14,13358,5,286,2334,187012,6,2,2024
8924,2022-03-12,Study Table,Furniture,East,18,14454,8,302,9092,260172,3,1,2022
8925,2025-02-22,Wardrobe,Furniture,North,7,22685,1,406,8059,158795,2,1,2025
8926,2023-08-20,Coffee Table,Furniture,North,9,37815,18,140,1265,340335,8,3,2023
8927,2024-07-13,Study Table,Furniture,West,12,6042,0,383,7301,72504,7,3,2024
8928,2023-01-04,Sofa,Furniture,North,1,8916,9,383,1183,8916,1,1,2023
8929,2023-01-10,Study Table,Furniture,North,5,36218,9,462,2304,181090,1,1,2023
8930,2024-08-17,Bed,Furniture,South,7,26095,8,114,1769,182665,8,3,2024
8931,2025-08-30,Bookshelf,Furniture,West,1,8358,11,423,1210,8358,8,3,2025
8932,2024-05-06,Dining Table,Furniture,South,19,15483,15,433,5611,294177,5,2,2024
8933,2023-03-13,Coffee Table,Furniture,West,9,47190,20,145,4169,424710,3,1,2023
8934,2025-09-08,Bookshelf,Furniture,West,5,17513,1,63,2082,87565,9,3,2025
8935,2025-09-04,Office Chair,Furniture,South,17,27321,4,372,6664,464457,9,3,2025
8936,2024-06-16,Coffee Table,Furniture,North,16,25612,12,62,8595,409792,6,2,2024
8937,2022-02-01,Dining Table,Furniture,North,20,43743,7,191,5603,874860,2,1,2022
8938,2024-04-11,Bookshelf,Furniture,West,16,32052,16,425,4281,512832,4,2,2024
8939,2025-11-27,Sofa,Furniture,South,3,49715,12,192,1417,149145,11,4,2025
8940,2022-03-20,Coffee Table,Furniture,East,19,36058,2,439,4590,685102,3,1,2022
8941,2024-05-05,Coffee Table,Furniture,West,6,11757,10,458,3685,70542,5,2,2024
8942,2022-01-08,Sofa,Furniture,East,15,36748,11,318,2842,551220,1,1,2022
8943,2022-12-24,Wardrobe,Furniture,South,3,39221,1,481,8019,117663,12,4,2022
8944,2024-11-10,Study Table,Furniture,West,19,49785,5,216,6165,945915,11,4,2024
8945,2022-04-01,Sofa,Furniture,East,6,3554,6,401,5009,21324,4,2,2022
8946,2023-06-01,Bed,Furniture,North,8,32458,6,221,1876,259664,6,2,2023
8947,2022-04-24,Office Chair,Furniture,West,1,40416,8,294,2827,40416,4,2,2022
8948,2024-10-09,Bookshelf,Furniture,South,14,47851,17,436,8226,669914,10,4,2024
8949,2022-08-20,Office Chair,Furniture,North,1,32911,19,407,3145,32911,8,3,2022
8950,2024-12-24,Sofa,Furniture,North,16,11095,7,300,9333,177520,12,4,2024
8951,2023-09-25,Coffee Table,Furniture,East,13,24888,14,326,8563,323544,9,3,2023
8952,2024-11-09,Study Table,Furniture,North,4,16589,14,486,4590,66356,11,4,2024
8953,2024-07-07,Dining Table,Furniture,North,20,34209,3,216,5878,684180,7,3,2024
8954,2023-07-26,Office Chair,Furniture,East,4,6129,10,417,5498,24516,7,3,2023
8955,2022-08-01,Dining Table,Furniture,West,13,27212,14,423,4297,353756,8,3,2022
8956,2025-01-25,Wardrobe,Furniture,North,17,14798,4,414,8762,251566,1,1,2025
8957,2023-06-08,Bed,Furniture,South,7,4847,11,450,4656,33929,6,2,2023
8958,2024-11-07,Dining Table,Furniture,South,1,22311,0,277,9374,22311,11,4,2024
8959,2023-05-27,Study Table,Furniture,South,5,14666,19,468,6128,73330,5,2,2023
8960,2023-07-25,Dining Table,Furniture,North,12,33609,20,489,6077,403308,7,3,2023
8961,2022-01-07,Study Table,Furniture,South,1,41853,0,126,8171,41853,1,1,2022
8962,2022-07-04,Wardrobe,Furniture,North,13,41850,14,315,4324,544050,7,3,2022
8963,2025-08-28,Office Chair,Furniture,North,6,14761,15,133,7342,88566,8,3,2025
8964,2022-04-02,Bookshelf,Furniture,East,10,38537,17,94,6071,385370,4,2,2022
8965,2023-02-27,Wardrobe,Furniture,North,2,24739,2,397,2645,49478,2,1,2023
8966,2025-11-17,Office Chair,Furniture,East,15,22308,18,260,2601,334620,11,4,2025
8967,2024-08-27,Study Table,Furniture,East,3,10671,4,438,4621,32013,8,3,2024
8968,2023-11-11,Office Chair,Furniture,North,7,32627,17,178,3040,228389,11,4,2023
8969,2025-06-18,Dining Table,Furniture,North,5,42181,0,200,9988,210905,6,2,2025
8970,2023-04-21,Dining Table,Furniture,North,1,2357,19,68,1592,2357,4,2,2023
8971,2022-05-24,Office Chair,Furniture,West,2,42931,17,159,4268,85862,5,2,2022
8972,2025-04-29,Bed,Furniture,East,10,3972,2,66,9260,39720,4,2,2025
8973,2024-03-02,Bed,Furniture,East,16,45963,18,463,5374,735408,3,1,2024
8974,2025-04-27,Bed,Furniture,North,11,11278,19,282,8751,124058,4,2,2025
8975,2022-05-18,Study Table,Furniture,West,11,16231,18,218,4255,178541,5,2,2022
8976,2022-10-07,Wardrobe,Furniture,East,1,2744,18,388,3994,2744,10,4,2022
8977,2025-11-06,Study Table,Furniture,West,18,6355,3,350,1006,114390,11,4,2025
8978,2024-07-25,Bed,Furniture,East,2,24652,19,260,5890,49304,7,3,2024
8979,2022-03-07,Dining Table,Furniture,East,4,45213,11,457,8434,180852,3,1,2022
8980,2024-01-18,Sofa,Furniture,West,18,45712,16,496,2884,822816,1,1,2024
8981,2025-03-06,Sofa,Furniture,South,16,10327,3,205,6340,165232,3,1,2025
8982,2022-06-19,Dining Table,Furniture,East,5,26699,5,435,7616,133495,6,2,2022
8983,2025-02-19,Bookshelf,Furniture,West,20,29911,4,496,8263,598220,2,1,2025
8984,2023-08-20,Sofa,Furniture,East,10,13503,17,485,4862,135030,8,3,2023
8985,2023-01-19,Bookshelf,Furniture,East,13,12808,3,351,6026,166504,1,1,2023
8986,2024-09-25,Bed,Furniture,East,2,19911,7,212,6272,39822,9,3,2024
8987,2024-04-24,Coffee Table,Furniture,South,15,3450,0,333,4904,51750,4,2,2024
8988,2022-03-13,Study Table,Furniture,East,12,29655,18,177,7711,355860,3,1,2022
8989,2022-08-09,Coffee Table,Furniture,North,13,39883,9,352,9024,518479,8,3,2022
8990,2025-08-08,Office Chair,Furniture,East,17,23461,0,249,8091,398837,8,3,2025
8991,2024-02-26,Coffee Table,Furniture,West,7,31635,17,250,7460,221445,2,1,2024
8992,2025-08-26,Study Table,Furniture,South,7,9854,10,57,2425,68978,8,3,2025
8993,2024-04-13,Bed,Furniture,West,19,34932,20,208,8434,663708,4,2,2024
8994,2023-09-28,Sofa,Furniture,South,10,18644,0,327,4753,186440,9,3,2023
8995,2023-11-14,Bookshelf,Furniture,East,10,47874,5,234,2148,478740,11,4,2023
8996,2024-07-22,Office Chair,Furniture,South,13,4686,18,277,6543,60918,7,3,2024
8997,2022-02-10,Study Table,Furniture,West,12,42021,19,483,1905,504252,2,1,2022
8998,2025-10-08,Office Chair,Furniture,South,2,24406,12,420,5132,48812,10,4,2025
8999,2025-08-03,Dining Table,Furniture,West,11,3413,4,342,6121,37543,8,3,2025
9000,2025-07-13,Study Table,Furniture,North,14,19154,17,167,6705,268156,7,3,2025
9001,2024-02-13,Study Table,Furniture,South,19,3029,13,304,4753,57551,2,1,2024
9002,2023-10-04,Coffee Table,Furniture,South,14,15975,0,267,9747,223650,10,4,2023
9003,2022-11-25,Office Chair,Furniture,North,8,7168,19,103,9290,57344,11,4,2022
9004,2025-08-19,Sofa,Furniture,South,3,7269,4,218,1148,21807,8,3,2025
9005,2024-12-05,Study Table,Furniture,South,18,21681,4,309,3520,390258,12,4,2024
9006,2022-09-20,Dining Table,Furniture,East,20,3634,6,403,9732,72680,9,3,2022
9007,2022-05-06,Office Chair,Furniture,West,2,41419,19,476,6093,82838,5,2,2022
9008,2023-12-19,Sofa,Furniture,South,1,28559,1,204,9302,28559,12,4,2023
9009,2022-10-11,Sofa,Furniture,North,7,2587,15,110,7918,18109,10,4,2022
9010,2022-02-02,Bed,Furniture,South,11,6351,1,260,7494,69861,2,1,2022
9011,2022-11-27,Sofa,Furniture,South,10,43798,16,77,5464,437980,11,4,2022
9012,2024-08-13,Coffee Table,Furniture,East,17,43899,2,382,7439,746283,8,3,2024
9013,2022-08-17,Wardrobe,Furniture,South,15,6260,15,329,8375,93900,8,3,2022
9014,2025-10-29,Study Table,Furniture,East,15,33766,1,476,5356,506490,10,4,2025
9015,2024-06-24,Study Table,Furniture,North,2,17143,12,102,2568,34286,6,2,2024
9016,2025-03-07,Dining Table,Furniture,East,6,17908,6,422,3632,107448,3,1,2025
9017,2024-12-07,Study Table,Furniture,East,9,47881,8,246,6304,430929,12,4,2024
9018,2022-10-26,Coffee Table,Furniture,North,13,25732,0,410,4232,334516,10,4,2022
9019,2025-10-04,Bed,Furniture,West,20,38508,19,401,9436,770160,10,4,2025
9020,2025-02-17,Dining Table,Furniture,East,16,42845,8,263,8049,685520,2,1,2025
9021,2025-06-04,Sofa,Furniture,East,6,3789,5,67,2321,22734,6,2,2025
9022,2025-03-01,Study Table,Furniture,South,17,32813,15,52,4518,557821,3,1,2025
9023,2022-12-02,Bed,Furniture,North,19,48619,15,125,8847,923761,12,4,2022
9024,2025-10-23,Office Chair,Furniture,North,18,8764,3,155,5065,157752,10,4,2025
9025,2023-10-10,Sofa,Furniture,South,9,47720,6,301,2512,429480,10,4,2023
9026,2024-04-09,Wardrobe,Furniture,North,6,22267,12,168,4003,133602,4,2,2024
9027,2022-04-04,Bed,Furniture,North,11,25064,14,359,2730,275704,4,2,2022
9028,2024-03-31,Bed,Furniture,North,14,29056,7,114,7709,406784,3,1,2024
9029,2024-11-16,Bookshelf,Furniture,South,11,23640,10,493,2074,260040,11,4,2024
9030,2024-12-01,Study Table,Furniture,East,3,10272,18,122,3729,30816,12,4,2024
9031,2025-04-05,Office Chair,Furniture,South,4,16424,9,127,4649,65696,4,2,2025
9032,2022-05-19,Bookshelf,Furniture,North,12,35963,9,116,6875,431556,5,2,2022
9033,2022-05-03,Bookshelf,Furniture,South,1,35172,5,332,6590,35172,5,2,2022
9034,2022-03-04,Sofa,Furniture,North,1,44767,16,324,3786,44767,3,1,2022
9035,2025-08-27,Bookshelf,Furniture,East,16,11846,17,486,2782,189536,8,3,2025
9036,2023-08-01,Bed,Furniture,East,5,36284,18,452,1442,181420,8,3,2023
9037,2024-01-22,Study Table,Furniture,North,7,40546,4,307,5333,283822,1,1,2024
9038,2025-08-24,Office Chair,Furniture,South,13,9728,0,225,1055,126464,8,3,2025
9039,2025-02-26,Sofa,Furniture,East,8,22063,4,218,3634,176504,2,1,2025
9040,2025-11-16,Study Table,Furniture,West,3,32281,0,104,7188,96843,11,4,2025
9041,2024-09-12,Wardrobe,Furniture,West,16,38816,14,447,7701,621056,9,3,2024
9042,2022-12-03,Coffee Table,Furniture,North,7,29146,6,325,2569,204022,12,4,2022
9043,2025-04-04,Wardrobe,Furniture,South,11,18027,19,489,6535,198297,4,2,2025
9044,2025-11-01,Coffee Table,Furniture,North,1,7003,6,482,2564,7003,11,4,2025
9045,2022-09-08,Office Chair,Furniture,North,15,48073,5,292,9409,721095,9,3,2022
9046,2024-05-20,Bookshelf,Furniture,West,4,20044,17,433,5569,80176,5,2,2024
9047,2024-09-18,Bookshelf,Furniture,North,18,12538,1,243,8656,225684,9,3,2024
9048,2022-03-15,Office Chair,Furniture,East,15,32717,4,257,5742,490755,3,1,2022
9049,2022-12-13,Study Table,Furniture,East,10,5423,6,296,4403,54230,12,4,2022
9050,2022-11-30,Office Chair,Furniture,West,16,17385,1,461,1702,278160,11,4,2022
9051,2024-02-17,Coffee Table,Furniture,West,5,31798,16,111,9789,158990,2,1,2024
9052,2023-12-05,Office Chair,Furniture,West,3,31958,4,137,1163,95874,12,4,2023
9053,2025-11-23,Dining Table,Furniture,East,4,43295,3,396,1913,173180,11,4,2025
9054,2023-02-25,Sofa,Furniture,South,7,42690,16,153,9652,298830,2,1,2023
9055,2023-01-19,Sofa,Furniture,East,8,46919,20,68,3780,375352,1,1,2023
9056,2025-07-08,Wardrobe,Furniture,West,13,24589,2,491,5434,319657,7,3,2025
9057,2025-06-14,Study Table,Furniture,South,9,42934,20,408,9117,386406,6,2,2025
9058,2022-06-03,Study Table,Furniture,South,3,47218,0,123,3154,141654,6,2,2022
9059,2024-10-27,Dining Table,Furniture,North,7,4790,4,66,6536,33530,10,4,2024
9060,2024-04-03,Study Table,Furniture,West,8,6712,15,451,9358,53696,4,2,2024
9061,2023-03-05,Dining Table,Furniture,South,19,22627,1,252,8577,429913,3,1,2023
9062,2024-09-06,Dining Table,Furniture,North,19,43313,2,387,8014,822947,9,3,2024
9063,2023-12-07,Sofa,Furniture,North,10,34059,9,362,7416,340590,12,4,2023
9064,2022-01-20,Sofa,Furniture,South,16,15480,16,182,6886,247680,1,1,2022
9065,2024-01-05,Bed,Furniture,North,5,4077,11,321,7915,20385,1,1,2024
9066,2023-03-24,Wardrobe,Furniture,North,16,14148,14,453,7527,226368,3,1,2023
9067,2025-02-12,Sofa,Furniture,South,12,48388,1,491,6010,580656,2,1,2025
9068,2023-09-30,Bookshelf,Furniture,South,6,44743,15,354,6285,268458,9,3,2023
9069,2022-04-10,Bed,Furniture,West,11,11529,11,411,2205,126819,4,2,2022
9070,2023-07-01,Wardrobe,Furniture,West,4,41371,12,324,7322,165484,7,3,2023
9071,2024-10-11,Sofa,Furniture,West,13,42496,0,209,1089,552448,10,4,2024
9072,2023-03-01,Office Chair,Furniture,East,17,46039,18,182,8783,782663,3,1,2023
9073,2023-10-16,Dining Table,Furniture,North,7,12375,6,110,2194,86625,10,4,2023
9074,2023-07-14,Wardrobe,Furniture,North,3,4622,20,242,7494,13866,7,3,2023
9075,2025-07-23,Office Chair,Furniture,East,18,15420,7,247,8581,277560,7,3,2025
9076,2025-12-13,Bed,Furniture,West,9,8657,5,62,5413,77913,12,4,2025
9077,2022-04-14,Bed,Furniture,West,2,8380,13,221,7512,16760,4,2,2022
9078,2025-06-24,Bookshelf,Furniture,West,6,27581,13,147,7536,165486,6,2,2025
9079,2025-10-26,Sofa,Furniture,East,18,37659,8,133,1784,677862,10,4,2025
9080,2025-10-03,Office Chair,Furniture,South,10,11964,20,166,4509,119640,10,4,2025
9081,2024-06-01,Wardrobe,Furniture,West,9,48287,20,158,6766,434583,6,2,2024
9082,2023-10-24,Coffee Table,Furniture,West,11,40892,19,66,7094,449812,10,4,2023
9083,2024-01-07,Dining Table,Furniture,West,9,12878,5,369,3070,115902,1,1,2024
9084,2022-09-14,Office Chair,Furniture,West,13,14097,3,436,6042,183261,9,3,2022
9085,2023-10-08,Office Chair,Furniture,East,17,19343,14,54,9980,328831,10,4,2023
9086,2024-04-15,Study Table,Furniture,South,4,31464,6,256,1608,125856,4,2,2024
9087,2022-05-24,Study Table,Furniture,North,17,49934,7,169,1594,848878,5,2,2022
9088,2025-08-27,Office Chair,Furniture,West,19,39143,8,303,1713,743717,8,3,2025
9089,2023-05-17,Bookshelf,Furniture,South,9,27119,3,73,1670,244071,5,2,2023
9090,2024-03-13,Sofa,Furniture,North,15,19189,11,394,3751,287835,3,1,2024
9091,2023-04-07,Bookshelf,Furniture,North,1,17927,13,187,2728,17927,4,2,2023
9092,2022-12-26,Bookshelf,Furniture,West,7,28024,18,260,1346,196168,12,4,2022
9093,2023-12-08,Office Chair,Furniture,North,4,43330,0,394,1534,173320,12,4,2023
9094,2023-07-21,Dining Table,Furniture,South,1,48720,2,199,6043,48720,7,3,2023
9095,2022-01-09,Coffee Table,Furniture,East,13,41470,3,221,3127,539110,1,1,2022
9096,2025-12-30,Wardrobe,Furniture,North,16,24890,20,194,6215,398240,12,4,2025
9097,2022-06-22,Study Table,Furniture,North,20,13806,7,262,9082,276120,6,2,2022
9098,2025-07-08,Coffee Table,Furniture,West,13,31343,13,456,8638,407459,7,3,2025
9099,2024-01-05,Coffee Table,Furniture,North,9,27106,4,447,2433,243954,1,1,2024
9100,2025-11-04,Office Chair,Furniture,North,7,30071,15,319,8008,210497,11,4,2025
9101,2023-07-30,Study Table,Furniture,South,15,8877,17,133,8347,133155,7,3,2023
9102,2023-08-28,Sofa,Furniture,West,13,47680,20,303,8914,619840,8,3,2023
9103,2023-10-31,Bookshelf,Furniture,East,12,36421,16,259,8340,437052,10,4,2023
9104,2022-09-01,Coffee Table,Furniture,North,19,31346,17,88,1712,595574,9,3,2022
9105,2024-09-19,Study Table,Furniture,North,8,11123,7,428,6161,88984,9,3,2024
9106,2025-08-03,Office Chair,Furniture,North,14,39173,2,418,2280,548422,8,3,2025
9107,2022-04-24,Dining Table,Furniture,South,14,3575,1,499,8459,50050,4,2,2022
9108,2022-04-30,Sofa,Furniture,North,15,37791,14,236,6584,566865,4,2,2022
9109,2023-02-28,Sofa,Furniture,South,3,45557,8,116,9841,136671,2,1,2023
9110,2023-05-04,Wardrobe,Furniture,East,7,14827,0,218,5595,103789,5,2,2023
9111,2022-12-05,Bookshelf,Furniture,South,10,21138,20,150,7879,211380,12,4,2022
9112,2024-08-19,Office Chair,Furniture,South,4,30009,5,274,5402,120036,8,3,2024
9113,2022-04-12,Bed,Furniture,West,9,41231,7,219,4628,371079,4,2,2022
9114,2023-10-05,Bed,Furniture,West,15,40926,12,290,9099,613890,10,4,2023
9115,2024-12-22,Bed,Furniture,South,15,47061,20,103,1327,705915,12,4,2024
9116,2025-10-08,Dining Table,Furniture,South,14,16484,10,257,4655,230776,10,4,2025
9117,2024-02-22,Bookshelf,Furniture,South,8,31201,4,323,5577,249608,2,1,2024
9118,2024-03-01,Bookshelf,Furniture,West,16,23419,7,209,3903,374704,3,1,2024
9119,2024-08-20,Coffee Table,Furniture,North,3,26394,10,159,2837,79182,8,3,2024
9120,2023-01-16,Sofa,Furniture,West,14,26504,8,147,3086,371056,1,1,2023
9121,2025-12-13,Coffee Table,Furniture,West,13,30371,12,205,4706,394823,12,4,2025
9122,2025-07-16,Study Table,Furniture,North,13,17562,4,412,2525,228306,7,3,2025
9123,2025-05-08,Study Table,Furniture,North,19,31104,13,213,2162,590976,5,2,2025
9124,2025-02-12,Bed,Furniture,North,10,8184,5,389,5475,81840,2,1,2025
9125,2022-10-02,Study Table,Furniture,East,5,8546,8,68,5103,42730,10,4,2022
9126,2022-05-19,Coffee Table,Furniture,East,2,40552,1,225,7771,81104,5,2,2022
9127,2022-01-24,Bookshelf,Furniture,South,13,26936,18,473,5960,350168,1,1,2022
9128,2022-07-21,Dining Table,Furniture,North,10,42467,2,193,5955,424670,7,3,2022
9129,2023-12-15,Coffee Table,Furniture,South,19,29577,14,104,5235,561963,12,4,2023
9130,2022-11-28,Bookshelf,Furniture,West,20,43885,18,443,1096,877700,11,4,2022
9131,2022-03-09,Study Table,Furniture,South,2,18972,5,365,1761,37944,3,1,2022
9132,2023-01-13,Sofa,Furniture,East,4,11981,10,337,9909,47924,1,1,2023
9133,2025-08-14,Sofa,Furniture,East,10,32350,14,488,8587,323500,8,3,2025
9134,2022-08-10,Study Table,Furniture,West,3,26405,16,287,3496,79215,8,3,2022
9135,2023-09-10,Coffee Table,Furniture,West,17,7297,18,209,6407,124049,9,3,2023
9136,2024-01-05,Study Table,Furniture,North,15,16263,1,278,4066,243945,1,1,2024
9137,2025-07-22,Coffee Table,Furniture,South,19,15093,0,206,4727,286767,7,3,2025
9138,2023-10-11,Bookshelf,Furniture,East,7,25553,3,436,7864,178871,10,4,2023
9139,2022-01-11,Office Chair,Furniture,South,6,28412,12,65,7652,170472,1,1,2022
9140,2024-01-22,Coffee Table,Furniture,South,6,22643,20,405,1080,135858,1,1,2024
9141,2022-06-29,Dining Table,Furniture,West,2,47494,8,95,4693,94988,6,2,2022
9142,2025-08-03,Dining Table,Furniture,East,11,40750,20,73,4648,448250,8,3,2025
9143,2025-04-13,Bed,Furniture,South,10,47676,20,372,1259,476760,4,2,2025
9144,2024-04-10,Sofa,Furniture,South,20,21254,1,382,2524,425080,4,2,2024
9145,2024-01-01,Study Table,Furniture,North,15,7728,7,134,8176,115920,1,1,2024
9146,2023-10-30,Sofa,Furniture,South,14,16386,7,274,6689,229404,10,4,2023
9147,2023-11-16,Bed,Furniture,South,15,19046,8,207,2875,285690,11,4,2023
9148,2023-05-24,Office Chair,Furniture,West,19,23101,2,330,5442,438919,5,2,2023
9149,2023-09-12,Sofa,Furniture,South,10,15705,5,124,8363,157050,9,3,2023
9150,2025-11-01,Sofa,Furniture,North,18,46642,8,491,1595,839556,11,4,2025
9151,2022-12-30,Sofa,Furniture,North,17,36525,1,101,7078,620925,12,4,2022
9152,2023-12-15,Wardrobe,Furniture,North,5,13617,10,320,5043,68085,12,4,2023
9153,2023-10-06,Study Table,Furniture,South,7,47463,17,459,8827,332241,10,4,2023
9154,2023-10-25,Sofa,Furniture,West,15,45856,3,247,3032,687840,10,4,2023
9155,2022-09-06,Office Chair,Furniture,West,2,19359,18,204,3054,38718,9,3,2022
9156,2024-03-19,Coffee Table,Furniture,South,19,46734,5,250,7964,887946,3,1,2024
9157,2023-07-26,Study Table,Furniture,West,16,38649,12,376,4679,618384,7,3,2023
9158,2025-12-13,Bed,Furniture,North,18,24352,16,363,9939,438336,12,4,2025
9159,2025-06-26,Dining Table,Furniture,West,4,14651,20,116,8745,58604,6,2,2025
9160,2024-01-21,Bed,Furniture,West,13,23107,2,261,8487,300391,1,1,2024
9161,2025-12-01,Study Table,Furniture,South,11,8070,13,357,5976,88770,12,4,2025
9162,2022-02-08,Wardrobe,Furniture,North,13,12735,14,306,1670,165555,2,1,2022
9163,2022-06-21,Bed,Furniture,West,10,34167,15,405,2702,341670,6,2,2022
9164,2023-03-23,Office Chair,Furniture,South,8,25385,11,86,5857,203080,3,1,2023
9165,2025-03-25,Study Table,Furniture,East,4,16287,9,487,8929,65148,3,1,2025
9166,2024-11-16,Coffee Table,Furniture,South,9,46386,2,391,5763,417474,11,4,2024
9167,2023-07-16,Bookshelf,Furniture,North,10,14716,4,321,5113,147160,7,3,2023
9168,2023-05-14,Wardrobe,Furniture,South,1,44047,5,455,5845,44047,5,2,2023
9169,2025-01-19,Bookshelf,Furniture,West,16,6074,0,394,8859,97184,1,1,2025
9170,2022-12-05,Sofa,Furniture,West,10,27665,18,403,1885,276650,12,4,2022
9171,2025-06-08,Sofa,Furniture,South,7,25139,4,124,8684,175973,6,2,2025
9172,2025-03-27,Wardrobe,Furniture,North,16,8727,1,371,4115,139632,3,1,2025
9173,2023-10-03,Bookshelf,Furniture,East,17,47861,9,220,7473,813637,10,4,2023
9174,2023-02-09,Coffee Table,Furniture,South,8,16026,16,331,7364,128208,2,1,2023
9175,2025-11-07,Coffee Table,Furniture,East,5,37305,7,131,2815,186525,11,4,2025
9176,2023-08-11,Bookshelf,Furniture,North,5,44921,1,372,7470,224605,8,3,2023
9177,2022-03-16,Bed,Furniture,East,13,6478,6,495,7588,84214,3,1,2022
9178,2025-04-16,Study Table,Furniture,North,20,15273,20,329,3706,305460,4,2,2025
9179,2025-03-08,Office Chair,Furniture,West,7,31153,14,214,7477,218071,3,1,2025
9180,2025-10-18,Coffee Table,Furniture,West,8,31979,0,118,7636,255832,10,4,2025
9181,2023-11-19,Bookshelf,Furniture,East,12,15351,17,65,7208,184212,11,4,2023
9182,2025-03-13,Office Chair,Furniture,North,15,30148,2,60,7826,452220,3,1,2025
9183,2025-03-25,Dining Table,Furniture,East,11,22016,14,481,9121,242176,3,1,2025
9184,2022-06-11,Coffee Table,Furniture,South,1,22557,13,197,5967,22557,6,2,2022
9185,2022-02-27,Bed,Furniture,North,9,3005,18,130,6462,27045,2,1,2022
9186,2022-05-15,Office Chair,Furniture,West,18,39918,11,266,8664,718524,5,2,2022
9187,2025-04-22,Sofa,Furniture,East,17,23868,4,346,5932,405756,4,2,2025
9188,2025-03-23,Sofa,Furniture,East,12,8993,16,195,7161,107916,3,1,2025
9189,2023-12-27,Bookshelf,Furniture,West,19,41588,6,218,4969,790172,12,4,2023
9190,2025-02-16,Sofa,Furniture,West,6,28256,16,133,5645,169536,2,1,2025
9191,2022-07-06,Dining Table,Furniture,East,19,7908,4,187,6845,150252,7,3,2022
9192,2025-02-06,Study Table,Furniture,North,13,45793,3,314,4753,595309,2,1,2025
9193,2023-08-14,Wardrobe,Furniture,West,9,48625,18,478,6416,437625,8,3,2023
9194,2024-12-19,Study Table,Furniture,South,6,3763,10,155,6910,22578,12,4,2024
9195,2024-05-10,Wardrobe,Furniture,West,6,6619,20,62,8262,39714,5,2,2024
9196,2025-11-03,Sofa,Furniture,West,4,7112,5,168,8263,28448,11,4,2025
9197,2023-10-21,Bookshelf,Furniture,South,12,22643,8,236,3847,271716,10,4,2023
9198,2024-11-15,Wardrobe,Furniture,North,2,33744,7,281,2793,67488,11,4,2024
9199,2024-03-30,Bookshelf,Furniture,East,18,21207,8,93,5960,381726,3,1,2024
9200,2024-03-30,Wardrobe,Furniture,West,4,15618,7,188,3796,62472,3,1,2024
9201,2024-03-01,Coffee Table,Furniture,South,7,42410,11,458,6157,296870,3,1,2024
9202,2023-05-12,Study Table,Furniture,South,7,48401,19,50,4875,338807,5,2,2023
9203,2022-09-03,Study Table,Furniture,North,17,36375,3,398,1254,618375,9,3,2022
9204,2022-02-25,Office Chair,Furniture,North,1,9945,8,405,1851,9945,2,1,2022
9205,2025-02-03,Wardrobe,Furniture,South,7,32749,0,247,4143,229243,2,1,2025
9206,2022-06-06,Wardrobe,Furniture,North,3,40028,11,430,1325,120084,6,2,2022
9207,2022-09-10,Dining Table,Furniture,East,14,39340,11,485,7166,550760,9,3,2022
9208,2025-08-13,Sofa,Furniture,West,12,26779,9,433,8083,321348,8,3,2025
9209,2022-03-25,Sofa,Furniture,East,5,8005,1,209,6454,40025,3,1,2022
9210,2022-04-10,Wardrobe,Furniture,South,4,20998,10,336,8898,83992,4,2,2022
9211,2024-04-02,Sofa,Furniture,North,8,17994,0,239,3121,143952,4,2,2024
9212,2024-01-27,Office Chair,Furniture,West,5,13708,20,369,2431,68540,1,1,2024
9213,2024-05-21,Dining Table,Furniture,South,12,38382,10,127,1456,460584,5,2,2024
9214,2022-01-27,Bookshelf,Furniture,West,20,31417,18,400,9182,628340,1,1,2022
9215,2024-05-19,Bed,Furniture,North,15,27885,13,284,7417,418275,5,2,2024
9216,2024-03-28,Dining Table,Furniture,North,11,47248,7,108,6359,519728,3,1,2024
9217,2025-10-03,Sofa,Furniture,North,2,16467,12,402,6476,32934,10,4,2025
9218,2023-01-29,Wardrobe,Furniture,East,5,21834,3,72,1333,109170,1,1,2023
9219,2022-08-26,Office Chair,Furniture,East,5,23626,3,384,8439,118130,8,3,2022
9220,2022-10-20,Bed,Furniture,South,1,40735,11,156,1441,40735,10,4,2022
9221,2022-10-09,Coffee Table,Furniture,East,20,7329,19,281,4049,146580,10,4,2022
9222,2024-03-24,Office Chair,Furniture,West,15,48363,14,383,8882,725445,3,1,2024
9223,2022-01-11,Dining Table,Furniture,South,13,6588,0,169,4778,85644,1,1,2022
9224,2024-05-23,Sofa,Furniture,West,12,39364,0,120,3067,472368,5,2,2024
9225,2025-05-05,Sofa,Furniture,East,10,37661,9,412,5522,376610,5,2,2025
9226,2022-07-20,Office Chair,Furniture,West,18,21458,13,79,7894,386244,7,3,2022
9227,2025-03-02,Bookshelf,Furniture,East,15,37633,19,496,2158,564495,3,1,2025
9228,2023-03-30,Bed,Furniture,East,8,19041,3,97,7968,152328,3,1,2023
9229,2024-01-23,Office Chair,Furniture,West,14,13030,8,492,3934,182420,1,1,2024
9230,2023-06-24,Sofa,Furniture,East,3,44602,11,321,3546,133806,6,2,2023
9231,2023-04-15,Wardrobe,Furniture,North,3,38676,10,155,4851,116028,4,2,2023
9232,2023-05-07,Coffee Table,Furniture,East,8,48112,8,408,4772,384896,5,2,2023
9233,2023-03-28,Sofa,Furniture,South,17,31275,9,95,7336,531675,3,1,2023
9234,2024-12-26,Bed,Furniture,East,6,9979,7,159,3484,59874,12,4,2024
9235,2024-10-30,Bed,Furniture,South,15,14737,14,411,7954,221055,10,4,2024
9236,2024-10-29,Coffee Table,Furniture,South,15,8341,17,263,1012,125115,10,4,2024
9237,2022-12-19,Sofa,Furniture,West,11,45707,7,267,5469,502777,12,4,2022
9238,2022-11-15,Wardrobe,Furniture,West,1,24333,10,114,9278,24333,11,4,2022
9239,2025-05-17,Office Chair,Furniture,West,12,16681,19,318,2841,200172,5,2,2025
9240,2023-11-13,Dining Table,Furniture,West,8,25176,2,320,4522,201408,11,4,2023
9241,2025-11-22,Sofa,Furniture,East,13,20175,16,89,8507,262275,11,4,2025
9242,2023-08-08,Wardrobe,Furniture,West,17,34959,6,332,3685,594303,8,3,2023
9243,2025-04-24,Study Table,Furniture,West,20,41721,9,90,5571,834420,4,2,2025
9244,2023-10-30,Coffee Table,Furniture,East,16,37020,11,185,8189,592320,10,4,2023
9245,2022-07-04,Wardrobe,Furniture,South,8,43655,19,453,8945,349240,7,3,2022
9246,2025-05-18,Wardrobe,Furniture,West,9,41034,20,311,6159,369306,5,2,2025
9247,2022-01-20,Bed,Furniture,West,18,35182,10,460,7688,633276,1,1,2022
9248,2022-04-16,Study Table,Furniture,South,13,22524,5,191,5627,292812,4,2,2022
9249,2025-06-09,Office Chair,Furniture,East,19,21144,9,147,3217,401736,6,2,2025
9250,2022-02-25,Dining Table,Furniture,North,7,49833,19,441,6804,348831,2,1,2022
9251,2025-08-17,Dining Table,Furniture,East,15,41984,15,148,3018,629760,8,3,2025
9252,2022-06-08,Office Chair,Furniture,South,13,45136,9,299,3124,586768,6,2,2022
9253,2023-07-10,Bed,Furniture,South,14,27607,10,51,5084,386498,7,3,2023
9254,2025-10-02,Dining Table,Furniture,South,18,43270,10,222,9733,778860,10,4,2025
9255,2025-03-28,Sofa,Furniture,South,15,46155,0,235,7703,692325,3,1,2025
9256,2024-10-07,Sofa,Furniture,West,7,23820,4,235,9400,166740,10,4,2024
9257,2025-11-20,Bed,Furniture,West,18,44993,6,299,3036,809874,11,4,2025
9258,2022-01-03,Bed,Furniture,South,16,11031,15,138,7548,176496,1,1,2022
9259,2023-01-01,Office Chair,Furniture,North,7,4243,13,210,7588,29701,1,1,2023
9260,2025-08-28,Wardrobe,Furniture,South,7,3418,7,196,8810,23926,8,3,2025
9261,2022-03-28,Office Chair,Furniture,North,7,48127,2,105,4106,336889,3,1,2022
9262,2023-05-31,Wardrobe,Furniture,South,4,8089,11,201,2055,32356,5,2,2023
9263,2025-12-06,Office Chair,Furniture,South,12,24286,2,98,8073,291432,12,4,2025
9264,2024-05-19,Wardrobe,Furniture,East,12,5886,6,190,7606,70632,5,2,2024
9265,2024-12-10,Coffee Table,Furniture,North,15,12885,19,384,3961,193275,12,4,2024
9266,2024-05-16,Bed,Furniture,South,9,38430,18,119,7531,345870,5,2,2024
9267,2025-02-15,Bookshelf,Furniture,West,9,5298,7,484,1629,47682,2,1,2025
9268,2022-01-17,Sofa,Furniture,East,14,40098,16,68,4132,561372,1,1,2022
9269,2024-05-31,Study Table,Furniture,West,19,21670,13,450,1543,411730,5,2,2024
9270,2023-10-14,Bookshelf,Furniture,North,15,36732,10,67,3973,550980,10,4,2023
9271,2022-04-19,Wardrobe,Furniture,North,15,3162,13,155,9037,47430,4,2,2022
9272,2023-06-03,Sofa,Furniture,East,12,16228,3,129,2162,194736,6,2,2023
9273,2024-11-16,Dining Table,Furniture,North,2,47124,16,308,5831,94248,11,4,2024
9274,2023-02-22,Dining Table,Furniture,South,17,32871,7,75,4527,558807,2,1,2023
9275,2024-03-06,Sofa,Furniture,South,11,6768,8,360,4939,74448,3,1,2024
9276,2023-02-20,Sofa,Furniture,South,16,19312,10,132,7507,308992,2,1,2023
9277,2024-04-09,Wardrobe,Furniture,East,7,32085,0,356,2236,224595,4,2,2024
9278,2024-07-07,Office Chair,Furniture,West,16,6792,17,308,6448,108672,7,3,2024
9279,2024-11-09,Dining Table,Furniture,East,20,6612,5,115,9476,132240,11,4,2024
9280,2025-07-24,Bed,Furniture,North,20,35254,20,223,9409,705080,7,3,2025
9281,2022-11-18,Sofa,Furniture,North,11,27979,19,136,5282,307769,11,4,2022
9282,2022-10-10,Wardrobe,Furniture,East,10,29987,7,295,9878,299870,10,4,2022
9283,2025-03-11,Bed,Furniture,East,12,37642,1,370,3840,451704,3,1,2025
9284,2022-11-29,Study Table,Furniture,North,2,3130,12,414,6281,6260,11,4,2022
9285,2023-08-27,Bed,Furniture,East,3,49683,15,270,3379,149049,8,3,2023
9286,2025-08-08,Study Table,Furniture,South,11,42705,15,437,3569,469755,8,3,2025
9287,2024-10-11,Bed,Furniture,East,8,45716,10,487,8432,365728,10,4,2024
9288,2025-05-12,Sofa,Furniture,East,3,3326,5,114,3200,9978,5,2,2025
9289,2022-09-07,Office Chair,Furniture,West,15,29624,17,353,8238,444360,9,3,2022
9290,2024-04-06,Bed,Furniture,North,14,14177,7,384,4786,198478,4,2,2024
9291,2022-03-26,Dining Table,Furniture,West,18,3553,10,92,9683,63954,3,1,2022
9292,2025-07-16,Bookshelf,Furniture,North,17,38124,17,338,6300,648108,7,3,2025
9293,2022-11-24,Office Chair,Furniture,East,2,34046,16,317,4076,68092,11,4,2022
9294,2022-07-29,Dining Table,Furniture,South,14,23824,13,103,2717,333536,7,3,2022
9295,2024-11-24,Office Chair,Furniture,North,14,39945,15,207,6897,559230,11,4,2024
9296,2023-11-03,Wardrobe,Furniture,South,9,29195,2,395,3885,262755,11,4,2023
9297,2025-07-11,Office Chair,Furniture,East,1,9820,1,192,1144,9820,7,3,2025
9298,2023-10-02,Bookshelf,Furniture,West,7,25374,9,334,7711,177618,10,4,2023
9299,2024-01-20,Coffee Table,Furniture,West,8,44803,18,156,3638,358424,1,1,2024
9300,2025-01-24,Dining Table,Furniture,East,6,25007,14,408,2643,150042,1,1,2025
9301,2024-12-13,Dining Table,Furniture,East,18,18833,9,267,9315,338994,12,4,2024
9302,2025-07-06,Sofa,Furniture,North,7,37881,0,296,1350,265167,7,3,2025
9303,2025-11-23,Office Chair,Furniture,North,17,25055,5,357,7829,425935,11,4,2025
9304,2025-01-13,Sofa,Furniture,North,4,41408,7,242,5621,165632,1,1,2025
9305,2023-01-02,Coffee Table,Furniture,West,1,10873,3,256,1544,10873,1,1,2023
9306,2022-04-14,Office Chair,Furniture,West,14,49217,19,190,6430,689038,4,2,2022
9307,2022-06-03,Wardrobe,Furniture,North,17,7818,14,378,7230,132906,6,2,2022
9308,2022-10-08,Bed,Furniture,West,19,18247,4,165,1032,346693,10,4,2022
9309,2022-02-06,Dining Table,Furniture,West,20,27131,19,390,2155,542620,2,1,2022
9310,2022-05-30,Bed,Furniture,West,20,28045,20,299,5570,560900,5,2,2022
9311,2022-06-15,Study Table,Furniture,North,6,15009,8,139,3292,90054,6,2,2022
9312,2024-12-16,Sofa,Furniture,South,14,13956,16,393,7820,195384,12,4,2024
9313,2024-06-27,Bookshelf,Furniture,North,20,49870,0,193,7407,997400,6,2,2024
9314,2022-06-07,Sofa,Furniture,West,18,4365,10,317,5522,78570,6,2,2022
9315,2022-11-11,Wardrobe,Furniture,North,7,30964,8,459,2645,216748,11,4,2022
9316,2023-03-20,Dining Table,Furniture,West,18,17873,3,119,4059,321714,3,1,2023
9317,2024-11-01,Dining Table,Furniture,North,8,22188,8,166,4891,177504,11,4,2024
9318,2023-10-22,Bookshelf,Furniture,North,11,3416,2,127,4234,37576,10,4,2023
9319,2022-04-26,Study Table,Furniture,North,12,19440,2,231,9511,233280,4,2,2022
9320,2022-11-29,Study Table,Furniture,West,4,47183,15,52,5959,188732,11,4,2022
9321,2025-01-06,Bed,Furniture,West,8,39375,2,300,9317,315000,1,1,2025
9322,2022-08-18,Bookshelf,Furniture,West,15,26547,2,156,7252,398205,8,3,2022
9323,2025-12-29,Coffee Table,Furniture,East,3,46714,0,457,4339,140142,12,4,2025
9324,2022-08-26,Coffee Table,Furniture,West,10,11615,9,193,7363,116150,8,3,2022
9325,2025-03-09,Bookshelf,Furniture,East,15,22526,18,71,5830,337890,3,1,2025
9326,2022-07-15,Office Chair,Furniture,East,7,34492,2,287,6507,241444,7,3,2022
9327,2023-06-08,Wardrobe,Furniture,East,9,44884,17,400,8834,403956,6,2,2023
9328,2023-11-25,Sofa,Furniture,East,11,8169,9,78,3840,89859,11,4,2023
9329,2024-10-13,Study Table,Furniture,South,1,19691,8,218,9036,19691,10,4,2024
9330,2025-09-29,Bed,Furniture,West,3,3358,14,403,8698,10074,9,3,2025
9331,2025-09-08,Wardrobe,Furniture,West,20,42571,16,76,5424,851420,9,3,2025
9332,2023-12-08,Study Table,Furniture,North,6,16361,4,346,9715,98166,12,4,2023
9333,2023-03-10,Coffee Table,Furniture,South,14,32657,11,387,7405,457198,3,1,2023
9334,2022-05-24,Office Chair,Furniture,East,12,39286,9,390,1183,471432,5,2,2022
9335,2022-03-22,Bed,Furniture,West,5,32580,18,302,7139,162900,3,1,2022
9336,2022-05-03,Sofa,Furniture,North,13,17882,5,405,7338,232466,5,2,2022
9337,2024-07-14,Wardrobe,Furniture,South,2,32733,9,269,9036,65466,7,3,2024
9338,2024-03-28,Bed,Furniture,West,4,32386,1,209,1252,129544,3,1,2024
9339,2022-06-11,Dining Table,Furniture,South,8,26004,17,461,2592,208032,6,2,2022
9340,2023-04-22,Dining Table,Furniture,South,15,17331,17,451,5631,259965,4,2,2023
9341,2022-07-24,Sofa,Furniture,East,6,16640,1,313,3405,99840,7,3,2022
9342,2024-03-30,Dining Table,Furniture,West,18,49541,14,340,3673,891738,3,1,2024
9343,2022-07-13,Bookshelf,Furniture,South,3,44334,17,398,8868,133002,7,3,2022
9344,2024-07-02,Dining Table,Furniture,North,19,23432,6,470,4509,445208,7,3,2024
9345,2025-07-09,Study Table,Furniture,North,18,48633,1,103,9415,875394,7,3,2025
9346,2022-09-21,Bookshelf,Furniture,North,8,17416,4,243,3455,139328,9,3,2022
9347,2023-01-05,Study Table,Furniture,North,5,27018,13,470,3179,135090,1,1,2023
9348,2022-12-04,Office Chair,Furniture,South,16,20327,17,497,1302,325232,12,4,2022
9349,2023-10-18,Dining Table,Furniture,South,5,8083,6,302,1038,40415,10,4,2023
9350,2024-06-13,Bookshelf,Furniture,South,8,8131,10,369,6042,65048,6,2,2024
9351,2024-05-15,Wardrobe,Furniture,West,12,26070,18,53,9137,312840,5,2,2024
9352,2024-06-04,Office Chair,Furniture,East,10,32104,0,457,8010,321040,6,2,2024
9353,2022-05-18,Dining Table,Furniture,North,9,24717,19,256,1650,222453,5,2,2022
9354,2025-09-10,Dining Table,Furniture,North,3,15251,15,459,5642,45753,9,3,2025
9355,2022-09-04,Bookshelf,Furniture,West,6,46915,10,58,5348,281490,9,3,2022
9356,2025-06-06,Coffee Table,Furniture,East,4,30307,0,193,6180,121228,6,2,2025
9357,2023-01-20,Study Table,Furniture,East,1,33178,4,349,2065,33178,1,1,2023
9358,2024-02-15,Sofa,Furniture,West,14,10418,11,225,2850,145852,2,1,2024
9359,2025-11-18,Coffee Table,Furniture,North,17,17661,12,344,3149,300237,11,4,2025
9360,2024-07-22,Office Chair,Furniture,West,14,24219,15,420,7783,339066,7,3,2024
9361,2024-09-25,Study Table,Furniture,East,19,38717,10,402,9476,735623,9,3,2024
9362,2025-01-25,Sofa,Furniture,East,3,31492,6,210,4993,94476,1,1,2025
9363,2022-05-08,Study Table,Furniture,South,11,15792,15,454,7139,173712,5,2,2022
9364,2025-07-05,Wardrobe,Furniture,North,19,32194,14,197,3547,611686,7,3,2025
9365,2023-08-21,Coffee Table,Furniture,East,19,13421,10,377,3759,254999,8,3,2023
9366,2022-09-22,Dining Table,Furniture,East,7,38362,18,449,7378,268534,9,3,2022
9367,2023-07-03,Coffee Table,Furniture,West,9,8507,15,148,6282,76563,7,3,2023
9368,2024-12-13,Bookshelf,Furniture,West,6,26981,15,479,2824,161886,12,4,2024
9369,2023-12-13,Coffee Table,Furniture,East,17,28059,14,150,5729,477003,12,4,2023
9370,2024-07-27,Wardrobe,Furniture,South,8,13947,12,130,5897,111576,7,3,2024
9371,2023-12-15,Sofa,Furniture,South,3,5676,19,215,1109,17028,12,4,2023
9372,2025-04-12,Wardrobe,Furniture,North,20,10816,17,499,4145,216320,4,2,2025
9373,2025-03-09,Dining Table,Furniture,West,20,3635,7,261,1264,72700,3,1,2025
9374,2023-11-16,Study Table,Furniture,South,10,24695,0,129,8879,246950,11,4,2023
9375,2025-06-23,Study Table,Furniture,South,2,27790,14,443,4708,55580,6,2,2025
9376,2022-06-17,Bookshelf,Furniture,East,9,44664,12,169,3599,401976,6,2,2022
9377,2023-11-17,Bed,Furniture,West,16,8082,15,241,3591,129312,11,4,2023
9378,2022-02-13,Wardrobe,Furniture,West,17,23032,7,90,3350,391544,2,1,2022
9379,2024-08-16,Bed,Furniture,North,19,21645,11,345,6152,411255,8,3,2024
9380,2025-10-16,Bookshelf,Furniture,North,16,36575,13,429,6642,585200,10,4,2025
9381,2022-03-13,Dining Table,Furniture,West,9,18222,1,55,5675,163998,3,1,2022
9382,2025-04-28,Office Chair,Furniture,West,10,6825,3,110,8728,68250,4,2,2025
9383,2024-10-03,Wardrobe,Furniture,North,2,43431,2,473,9028,86862,10,4,2024
9384,2024-04-01,Sofa,Furniture,East,9,33175,16,257,7457,298575,4,2,2024
9385,2023-04-11,Bookshelf,Furniture,East,14,28919,0,184,8327,404866,4,2,2023
9386,2025-03-17,Office Chair,Furniture,North,16,45986,8,460,6948,735776,3,1,2025
9387,2025-12-17,Bookshelf,Furniture,North,5,21184,7,274,2998,105920,12,4,2025
9388,2025-10-24,Sofa,Furniture,South,3,39383,13,63,2076,118149,10,4,2025
9389,2025-10-13,Office Chair,Furniture,West,15,17136,11,345,4218,257040,10,4,2025
9390,2024-10-02,Office Chair,Furniture,North,1,49126,4,437,1972,49126,10,4,2024
9391,2023-01-04,Coffee Table,Furniture,West,4,40679,20,171,4200,162716,1,1,2023
9392,2023-12-16,Office Chair,Furniture,East,8,19949,1,157,6481,159592,12,4,2023
9393,2023-02-02,Sofa,Furniture,East,20,11530,13,460,8947,230600,2,1,2023
9394,2023-06-14,Bookshelf,Furniture,South,17,36756,13,431,2387,624852,6,2,2023
9395,2022-10-26,Bed,Furniture,South,18,22085,8,338,4339,397530,10,4,2022
9396,2022-03-15,Dining Table,Furniture,East,15,37586,13,366,6793,563790,3,1,2022
9397,2025-09-21,Office Chair,Furniture,West,13,41647,7,302,2059,541411,9,3,2025
9398,2024-02-12,Coffee Table,Furniture,South,14,25912,11,345,4655,362768,2,1,2024
9399,2024-09-05,Study Table,Furniture,South,11,42393,18,294,3270,466323,9,3,2024
9400,2023-07-15,Wardrobe,Furniture,South,20,13791,3,393,1180,275820,7,3,2023
9401,2022-01-21,Office Chair,Furniture,West,9,32907,9,173,4845,296163,1,1,2022
9402,2025-07-24,Bed,Furniture,West,16,6601,20,94,3681,105616,7,3,2025
9403,2022-11-21,Coffee Table,Furniture,South,5,4705,10,145,1173,23525,11,4,2022
9404,2022-07-19,Study Table,Furniture,East,12,3089,1,407,9648,37068,7,3,2022
9405,2025-05-25,Office Chair,Furniture,North,16,2592,12,373,8354,41472,5,2,2025
9406,2023-01-17,Office Chair,Furniture,South,19,7332,15,168,3475,139308,1,1,2023
9407,2025-08-14,Office Chair,Furniture,West,18,20867,8,286,2149,375606,8,3,2025
9408,2025-09-25,Wardrobe,Furniture,West,15,36774,13,369,5224,551610,9,3,2025
9409,2024-12-27,Sofa,Furniture,West,16,31041,4,430,6805,496656,12,4,2024
9410,2022-09-14,Study Table,Furniture,North,3,4236,12,329,7237,12708,9,3,2022
9411,2024-07-01,Sofa,Furniture,North,17,14614,7,110,3047,248438,7,3,2024
9412,2023-06-04,Coffee Table,Furniture,West,18,35385,1,339,9059,636930,6,2,2023
9413,2022-11-17,Bookshelf,Furniture,South,19,15249,10,306,2624,289731,11,4,2022
9414,2025-12-10,Sofa,Furniture,North,3,33590,5,251,5714,100770,12,4,2025
9415,2023-06-06,Dining Table,Furniture,West,18,49297,5,124,7781,887346,6,2,2023
9416,2023-10-17,Bed,Furniture,West,4,47403,1,83,6247,189612,10,4,2023
9417,2023-10-11,Coffee Table,Furniture,South,10,42134,3,125,8260,421340,10,4,2023
9418,2024-06-26,Dining Table,Furniture,North,6,42514,1,306,6900,255084,6,2,2024
9419,2022-07-14,Bed,Furniture,East,6,25315,14,136,1368,151890,7,3,2022
9420,2022-05-18,Dining Table,Furniture,West,20,29791,19,462,9714,595820,5,2,2022
9421,2025-10-25,Wardrobe,Furniture,West,16,11615,2,217,6587,185840,10,4,2025
9422,2023-04-27,Study Table,Furniture,West,6,39991,6,164,1405,239946,4,2,2023
9423,2024-10-21,Office Chair,Furniture,West,11,4873,13,185,9060,53603,10,4,2024
9424,2024-07-21,Coffee Table,Furniture,West,1,6314,12,290,6917,6314,7,3,2024
9425,2023-02-14,Wardrobe,Furniture,West,11,7340,10,117,8489,80740,2,1,2023
9426,2023-05-31,Bed,Furniture,North,13,40827,4,481,9596,530751,5,2,2023
9427,2023-01-30,Bookshelf,Furniture,North,6,27780,15,344,6401,166680,1,1,2023
9428,2024-07-02,Wardrobe,Furniture,West,6,31646,1,424,4703,189876,7,3,2024
9429,2025-09-01,Office Chair,Furniture,North,19,2003,8,476,4699,38057,9,3,2025
9430,2024-12-27,Coffee Table,Furniture,North,12,37963,8,170,9368,455556,12,4,2024
9431,2022-01-22,Dining Table,Furniture,West,2,49487,4,159,4494,98974,1,1,2022
9432,2024-11-26,Office Chair,Furniture,East,4,5640,3,425,6270,22560,11,4,2024
9433,2023-04-26,Dining Table,Furniture,North,3,31931,19,57,5859,95793,4,2,2023
9434,2025-09-19,Wardrobe,Furniture,South,18,13547,5,232,3488,243846,9,3,2025
9435,2022-09-30,Office Chair,Furniture,South,3,48370,4,410,8734,145110,9,3,2022
9436,2023-08-10,Dining Table,Furniture,South,9,48910,1,111,1570,440190,8,3,2023
9437,2022-02-16,Office Chair,Furniture,West,5,44682,5,224,5760,223410,2,1,2022
9438,2025-10-23,Wardrobe,Furniture,West,6,20362,10,376,7783,122172,10,4,2025
9439,2024-03-30,Coffee Table,Furniture,West,2,47241,14,411,1832,94482,3,1,2024
9440,2023-01-16,Bed,Furniture,West,7,22755,14,179,4095,159285,1,1,2023
9441,2023-11-01,Bookshelf,Furniture,North,1,36330,8,185,6095,36330,11,4,2023
9442,2022-08-27,Office Chair,Furniture,West,11,40183,15,132,1509,442013,8,3,2022
9443,2025-05-09,Study Table,Furniture,South,3,33408,14,271,3549,100224,5,2,2025
9444,2022-07-02,Office Chair,Furniture,West,18,48710,20,353,7726,876780,7,3,2022
9445,2024-11-27,Sofa,Furniture,North,12,25006,17,93,6296,300072,11,4,2024
9446,2023-11-03,Dining Table,Furniture,East,9,14044,18,135,4585,126396,11,4,2023
9447,2025-06-13,Coffee Table,Furniture,North,19,45290,17,476,9824,860510,6,2,2025
9448,2025-01-06,Bed,Furniture,West,16,4543,7,452,1897,72688,1,1,2025
9449,2023-11-20,Study Table,Furniture,South,13,33030,9,135,5794,429390,11,4,2023
9450,2022-02-10,Study Table,Furniture,East,4,19211,8,226,4013,76844,2,1,2022
9451,2022-06-07,Bed,Furniture,West,8,22505,9,133,2956,180040,6,2,2022
9452,2022-09-29,Bookshelf,Furniture,North,10,9947,9,477,4207,99470,9,3,2022
9453,2025-09-22,Study Table,Furniture,South,6,17748,20,132,1085,106488,9,3,2025
9454,2025-05-06,Dining Table,Furniture,North,12,18587,1,328,5779,223044,5,2,2025
9455,2024-08-01,Coffee Table,Furniture,East,9,16898,8,175,2985,152082,8,3,2024
9456,2024-11-08,Sofa,Furniture,East,2,22878,19,396,5154,45756,11,4,2024
9457,2025-08-09,Sofa,Furniture,South,10,39997,19,180,5906,399970,8,3,2025
9458,2025-04-15,Sofa,Furniture,East,8,32997,8,123,1591,263976,4,2,2025
9459,2023-12-31,Coffee Table,Furniture,South,13,43222,3,235,8081,561886,12,4,2023
9460,2022-12-25,Study Table,Furniture,North,2,40800,5,436,2847,81600,12,4,2022
9461,2022-01-30,Study Table,Furniture,North,2,33341,7,292,6655,66682,1,1,2022
9462,2023-10-16,Coffee Table,Furniture,East,20,36751,1,274,6382,735020,10,4,2023
9463,2025-01-17,Sofa,Furniture,South,16,18441,5,490,9317,295056,1,1,2025
9464,2025-06-05,Sofa,Furniture,South,2,27804,12,358,8899,55608,6,2,2025
9465,2022-06-06,Coffee Table,Furniture,West,13,24332,8,144,9749,316316,6,2,2022
9466,2024-09-14,Wardrobe,Furniture,South,5,34726,19,292,6196,173630,9,3,2024
9467,2022-05-04,Office Chair,Furniture,South,20,46639,5,415,2565,932780,5,2,2022
9468,2025-12-19,Wardrobe,Furniture,North,17,12218,1,386,2934,207706,12,4,2025
9469,2024-08-17,Sofa,Furniture,East,19,14732,4,266,6558,279908,8,3,2024
9470,2025-04-14,Coffee Table,Furniture,West,11,20549,10,351,8071,226039,4,2,2025
9471,2022-07-24,Office Chair,Furniture,East,4,42070,20,161,3911,168280,7,3,2022
9472,2022-04-05,Dining Table,Furniture,North,7,20667,12,122,7933,144669,4,2,2022
9473,2022-03-27,Wardrobe,Furniture,South,11,23987,15,282,4212,263857,3,1,2022
9474,2025-02-27,Bed,Furniture,South,12,26290,16,388,9965,315480,2,1,2025
9475,2022-05-16,Office Chair,Furniture,South,13,32314,9,370,5652,420082,5,2,2022
9476,2024-11-08,Coffee Table,Furniture,South,5,15731,18,192,4399,78655,11,4,2024
9477,2022-02-22,Study Table,Furniture,West,12,22571,11,401,8409,270852,2,1,2022
9478,2025-05-19,Coffee Table,Furniture,South,11,35258,13,415,7814,387838,5,2,2025
9479,2023-10-04,Bed,Furniture,East,3,4064,5,356,4358,12192,10,4,2023
9480,2022-10-12,Office Chair,Furniture,South,6,41550,4,370,6708,249300,10,4,2022
9481,2022-04-17,Sofa,Furniture,South,20,48816,8,71,2000,976320,4,2,2022
9482,2025-10-30,Sofa,Furniture,West,19,14162,14,67,5072,269078,10,4,2025
9483,2022-07-22,Coffee Table,Furniture,West,11,22766,9,410,9162,250426,7,3,2022
9484,2024-09-16,Bed,Furniture,South,14,21640,14,132,5500,302960,9,3,2024
9485,2025-12-25,Coffee Table,Furniture,East,9,5803,20,217,6809,52227,12,4,2025
9486,2022-07-02,Bookshelf,Furniture,North,10,28274,3,74,5880,282740,7,3,2022
9487,2024-09-14,Study Table,Furniture,West,7,25108,10,72,1622,175756,9,3,2024
9488,2022-11-02,Bed,Furniture,North,8,43532,11,171,5034,348256,11,4,2022
9489,2023-10-28,Bookshelf,Furniture,South,3,40781,3,353,1266,122343,10,4,2023
9490,2022-11-09,Wardrobe,Furniture,North,19,24508,20,261,5855,465652,11,4,2022
9491,2023-06-01,Dining Table,Furniture,North,12,22504,13,402,3542,270048,6,2,2023
9492,2023-08-21,Sofa,Furniture,South,7,23928,8,170,1473,167496,8,3,2023
9493,2022-06-02,Study Table,Furniture,West,18,35230,1,199,6990,634140,6,2,2022
9494,2025-11-03,Sofa,Furniture,South,19,20200,2,93,8884,383800,11,4,2025
9495,2025-07-06,Study Table,Furniture,South,12,22523,7,154,9841,270276,7,3,2025
9496,2022-03-20,Coffee Table,Furniture,South,4,6746,13,211,3741,26984,3,1,2022
9497,2022-06-01,Dining Table,Furniture,West,8,29146,8,219,5097,233168,6,2,2022
9498,2025-01-20,Bookshelf,Furniture,North,16,46196,6,371,7793,739136,1,1,2025
9499,2025-12-13,Wardrobe,Furniture,North,7,44717,20,406,4474,313019,12,4,2025
9500,2025-11-20,Wardrobe,Furniture,North,18,36589,11,92,7667,658602,11,4,2025
9501,2023-08-27,Study Table,Furniture,South,3,28563,18,225,5230,85689,8,3,2023
9502,2025-02-01,Bookshelf,Furniture,West,13,8482,4,420,7946,110266,2,1,2025
9503,2023-05-21,Bookshelf,Furniture,West,12,31506,5,399,4840,378072,5,2,2023
9504,2024-06-22,Wardrobe,Furniture,North,5,11955,9,404,7033,59775,6,2,2024
9505,2023-04-19,Coffee Table,Furniture,South,11,12794,20,165,2431,140734,4,2,2023
9506,2025-03-13,Bed,Furniture,North,10,37981,3,173,2995,379810,3,1,2025
9507,2023-02-08,Sofa,Furniture,North,3,32989,6,93,8605,98967,2,1,2023
9508,2023-10-18,Office Chair,Furniture,South,1,41031,18,380,2243,41031,10,4,2023
9509,2024-11-29,Bed,Furniture,North,3,43745,6,298,2610,131235,11,4,2024
9510,2022-08-07,Coffee Table,Furniture,West,20,26383,11,293,5842,527660,8,3,2022
9511,2025-06-04,Coffee Table,Furniture,West,17,30905,17,482,7829,525385,6,2,2025
9512,2024-06-20,Sofa,Furniture,South,7,11970,5,288,3061,83790,6,2,2024
9513,2022-03-16,Office Chair,Furniture,East,14,44496,12,452,1787,622944,3,1,2022
9514,2023-04-23,Bed,Furniture,South,7,23840,1,273,8446,166880,4,2,2023
9515,2023-03-05,Bed,Furniture,South,11,9721,16,193,7939,106931,3,1,2023
9516,2023-09-23,Study Table,Furniture,West,14,28531,4,295,8894,399434,9,3,2023
9517,2025-03-09,Coffee Table,Furniture,West,10,29353,7,159,9984,293530,3,1,2025
9518,2023-12-01,Dining Table,Furniture,West,14,41040,20,162,8633,574560,12,4,2023
9519,2023-07-15,Study Table,Furniture,South,18,13664,2,115,7830,245952,7,3,2023
9520,2025-10-25,Sofa,Furniture,West,12,41808,3,246,9309,501696,10,4,2025
9521,2024-02-15,Study Table,Furniture,North,7,20922,15,347,4916,146454,2,1,2024
9522,2024-04-29,Coffee Table,Furniture,South,4,46238,13,73,1337,184952,4,2,2024
9523,2023-07-30,Bookshelf,Furniture,East,1,11399,18,221,2404,11399,7,3,2023
9524,2023-01-12,Dining Table,Furniture,South,1,5196,11,258,7195,5196,1,1,2023
9525,2023-07-05,Dining Table,Furniture,North,7,47073,7,471,4760,329511,7,3,2023
9526,2025-11-07,Coffee Table,Furniture,North,11,9563,13,474,1000,105193,11,4,2025
9527,2023-11-05,Study Table,Furniture,South,11,46201,3,198,7310,508211,11,4,2023
9528,2022-09-18,Bookshelf,Furniture,North,3,19000,7,467,4292,57000,9,3,2022
9529,2023-09-15,Bed,Furniture,South,1,39400,1,200,2099,39400,9,3,2023
9530,2024-05-27,Sofa,Furniture,South,8,22742,7,421,2598,181936,5,2,2024
9531,2024-11-03,Bed,Furniture,North,14,35616,11,200,1921,498624,11,4,2024
9532,2025-01-12,Bed,Furniture,East,10,10239,9,462,4979,102390,1,1,2025
9533,2023-12-24,Dining Table,Furniture,East,13,21456,10,304,9760,278928,12,4,2023
9534,2023-05-13,Study Table,Furniture,East,19,6052,10,496,1953,114988,5,2,2023
9535,2025-06-22,Sofa,Furniture,North,12,45602,20,282,1053,547224,6,2,2025
9536,2024-08-29,Study Table,Furniture,West,16,12357,13,257,9664,197712,8,3,2024
9537,2025-08-05,Coffee Table,Furniture,East,2,10382,16,415,9673,20764,8,3,2025
9538,2023-08-02,Dining Table,Furniture,South,9,11608,3,351,5620,104472,8,3,2023
9539,2022-02-28,Bookshelf,Furniture,East,4,43098,4,87,5229,172392,2,1,2022
9540,2023-01-08,Bookshelf,Furniture,East,9,7906,18,60,2957,71154,1,1,2023
9541,2023-01-11,Office Chair,Furniture,South,13,17767,8,109,5487,230971,1,1,2023
9542,2025-07-04,Coffee Table,Furniture,West,20,36699,7,442,6010,733980,7,3,2025
9543,2024-12-24,Wardrobe,Furniture,South,9,14500,5,196,4907,130500,12,4,2024
9544,2025-11-29,Coffee Table,Furniture,West,9,9064,4,104,4281,81576,11,4,2025
9545,2023-06-18,Office Chair,Furniture,South,1,46780,14,59,9468,46780,6,2,2023
9546,2023-09-05,Coffee Table,Furniture,West,10,32553,9,139,3248,325530,9,3,2023
9547,2025-06-21,Bookshelf,Furniture,West,5,3123,3,499,4105,15615,6,2,2025
9548,2024-03-17,Bookshelf,Furniture,East,18,11408,12,201,6359,205344,3,1,2024
9549,2024-07-23,Bed,Furniture,North,20,44333,1,390,7165,886660,7,3,2024
9550,2022-07-22,Coffee Table,Furniture,West,16,46415,8,154,9802,742640,7,3,2022
9551,2023-09-13,Office Chair,Furniture,South,3,41595,10,342,1577,124785,9,3,2023
9552,2022-05-08,Sofa,Furniture,East,15,7571,13,353,5005,113565,5,2,2022
9553,2023-10-22,Wardrobe,Furniture,East,2,30108,18,183,2752,60216,10,4,2023
9554,2025-07-30,Coffee Table,Furniture,South,20,2759,12,341,5752,55180,7,3,2025
9555,2024-08-12,Dining Table,Furniture,West,3,41266,4,371,6948,123798,8,3,2024
9556,2025-06-22,Office Chair,Furniture,North,2,12914,18,417,6955,25828,6,2,2025
9557,2024-08-19,Dining Table,Furniture,South,13,5405,16,139,3929,70265,8,3,2024
9558,2023-08-10,Sofa,Furniture,South,12,36560,20,348,6705,438720,8,3,2023
9559,2024-03-25,Office Chair,Furniture,East,14,21203,7,463,4844,296842,3,1,2024
9560,2022-12-02,Sofa,Furniture,South,1,46107,18,448,2602,46107,12,4,2022
9561,2024-02-14,Bookshelf,Furniture,West,4,13995,9,294,5272,55980,2,1,2024
9562,2022-03-19,Sofa,Furniture,North,7,6556,15,89,1754,45892,3,1,2022
9563,2022-09-14,Sofa,Furniture,North,6,23439,12,347,6478,140634,9,3,2022
9564,2023-06-17,Coffee Table,Furniture,West,19,42982,15,373,5639,816658,6,2,2023
9565,2023-09-03,Sofa,Furniture,North,2,19824,17,492,5146,39648,9,3,2023
9566,2022-12-23,Coffee Table,Furniture,West,11,39159,14,257,4099,430749,12,4,2022
9567,2025-03-30,Study Table,Furniture,South,19,36110,2,160,7177,686090,3,1,2025
9568,2023-08-25,Office Chair,Furniture,East,15,41413,2,489,9404,621195,8,3,2023
9569,2023-10-17,Bookshelf,Furniture,West,4,21878,16,179,2874,87512,10,4,2023
9570,2024-09-29,Wardrobe,Furniture,South,1,20096,20,146,3308,20096,9,3,2024
9571,2024-08-03,Office Chair,Furniture,North,12,36706,11,427,8971,440472,8,3,2024
9572,2024-07-22,Dining Table,Furniture,South,19,44112,20,59,6026,838128,7,3,2024
9573,2024-02-07,Dining Table,Furniture,South,9,23397,17,134,3749,210573,2,1,2024
9574,2025-04-12,Sofa,Furniture,North,18,27797,4,70,2003,500346,4,2,2025
9575,2025-03-28,Dining Table,Furniture,South,5,9660,3,384,7813,48300,3,1,2025
9576,2025-03-25,Study Table,Furniture,West,12,42034,20,340,6264,504408,3,1,2025
9577,2022-02-02,Bookshelf,Furniture,West,8,48056,1,114,5302,384448,2,1,2022
9578,2024-11-06,Bed,Furniture,West,4,26768,14,467,6450,107072,11,4,2024
9579,2025-02-22,Bed,Furniture,South,12,16686,15,306,2943,200232,2,1,2025
9580,2023-08-08,Wardrobe,Furniture,West,10,15862,12,470,2562,158620,8,3,2023
9581,2025-04-12,Coffee Table,Furniture,North,10,21272,3,351,1740,212720,4,2,2025
9582,2025-08-02,Study Table,Furniture,East,6,15539,8,332,4326,93234,8,3,2025
9583,2022-12-25,Study Table,Furniture,North,9,33241,6,371,4856,299169,12,4,2022
9584,2024-10-10,Wardrobe,Furniture,West,13,20096,6,473,7300,261248,10,4,2024
9585,2025-05-30,Wardrobe,Furniture,South,7,14354,10,398,6110,100478,5,2,2025
9586,2024-06-22,Sofa,Furniture,South,12,6168,18,122,4170,74016,6,2,2024
9587,2024-04-22,Coffee Table,Furniture,South,13,31262,2,225,9534,406406,4,2,2024
9588,2023-01-13,Bookshelf,Furniture,East,20,17686,15,161,8437,353720,1,1,2023
9589,2023-09-10,Wardrobe,Furniture,North,1,44887,14,449,1843,44887,9,3,2023
9590,2024-06-02,Study Table,Furniture,North,20,38686,8,115,5734,773720,6,2,2024
9591,2024-03-28,Dining Table,Furniture,East,8,41271,2,200,4935,330168,3,1,2024
9592,2025-07-30,Bed,Furniture,West,15,39877,20,167,1407,598155,7,3,2025
9593,2024-08-11,Dining Table,Furniture,South,2,5109,15,252,7607,10218,8,3,2024
9594,2022-10-12,Coffee Table,Furniture,East,1,15475,19,420,3189,15475,10,4,2022
9595,2024-05-18,Dining Table,Furniture,South,3,27407,5,317,4061,82221,5,2,2024
9596,2022-10-16,Wardrobe,Furniture,North,4,32070,13,309,4362,128280,10,4,2022
9597,2023-10-19,Bed,Furniture,South,1,49675,0,156,7514,49675,10,4,2023
9598,2023-05-22,Bed,Furniture,East,10,20009,7,118,5510,200090,5,2,2023
9599,2022-11-29,Wardrobe,Furniture,East,8,10121,4,293,2139,80968,11,4,2022
9600,2025-04-04,Office Chair,Furniture,West,14,47949,8,405,2988,671286,4,2,2025
9601,2023-11-05,Bookshelf,Furniture,West,3,28030,0,305,1383,84090,11,4,2023
9602,2023-05-19,Bookshelf,Furniture,West,7,10396,2,151,9241,72772,5,2,2023
9603,2024-09-25,Bed,Furniture,South,3,35300,9,207,5231,105900,9,3,2024
9604,2023-07-14,Sofa,Furniture,North,20,13870,9,287,2010,277400,7,3,2023
9605,2024-10-29,Office Chair,Furniture,North,17,24635,3,104,7674,418795,10,4,2024
9606,2024-05-09,Office Chair,Furniture,South,12,46592,7,265,2190,559104,5,2,2024
9607,2025-05-31,Bed,Furniture,East,14,8764,8,229,2117,122696,5,2,2025
9608,2025-01-27,Coffee Table,Furniture,West,13,27499,5,322,5561,357487,1,1,2025
9609,2024-09-11,Sofa,Furniture,West,1,26974,4,306,7719,26974,9,3,2024
9610,2024-12-10,Sofa,Furniture,West,10,41474,4,308,4346,414740,12,4,2024
9611,2022-01-15,Bed,Furniture,South,1,17745,14,216,7397,17745,1,1,2022
9612,2023-03-01,Wardrobe,Furniture,North,6,16394,18,124,1234,98364,3,1,2023
9613,2025-04-21,Study Table,Furniture,West,16,15676,18,321,1244,250816,4,2,2025
9614,2023-01-24,Office Chair,Furniture,South,18,47356,10,491,5291,852408,1,1,2023
9615,2025-01-23,Sofa,Furniture,South,10,5828,4,465,2971,58280,1,1,2025
9616,2022-09-06,Sofa,Furniture,South,12,13592,17,282,5349,163104,9,3,2022
9617,2024-06-01,Office Chair,Furniture,East,5,37953,20,293,8781,189765,6,2,2024
9618,2023-03-16,Bookshelf,Furniture,East,7,34372,2,156,2446,240604,3,1,2023
9619,2022-09-26,Wardrobe,Furniture,North,12,21986,11,113,4527,263832,9,3,2022
9620,2024-01-17,Bed,Furniture,North,2,23754,20,444,4274,47508,1,1,2024
9621,2024-11-01,Bookshelf,Furniture,West,20,15460,12,252,9618,309200,11,4,2024
9622,2023-04-04,Dining Table,Furniture,North,13,7753,1,386,4193,100789,4,2,2023
9623,2025-08-25,Office Chair,Furniture,East,5,39424,1,290,5149,197120,8,3,2025
9624,2023-09-20,Office Chair,Furniture,North,16,47910,1,330,5691,766560,9,3,2023
9625,2024-01-15,Bed,Furniture,West,8,27379,18,89,9774,219032,1,1,2024
9626,2024-08-21,Wardrobe,Furniture,West,14,38592,0,388,5403,540288,8,3,2024
9627,2024-05-22,Office Chair,Furniture,South,13,8112,16,278,2894,105456,5,2,2024
9628,2022-08-28,Wardrobe,Furniture,East,20,36747,3,98,4571,734940,8,3,2022
9629,2025-02-01,Office Chair,Furniture,North,14,36674,9,316,1354,513436,2,1,2025
9630,2022-08-12,Sofa,Furniture,East,19,28908,9,75,8487,549252,8,3,2022
9631,2022-09-03,Bookshelf,Furniture,West,1,34544,12,493,8066,34544,9,3,2022
9632,2023-11-04,Study Table,Furniture,North,19,26882,13,50,6815,510758,11,4,2023
9633,2023-11-24,Dining Table,Furniture,East,7,14004,16,119,3216,98028,11,4,2023
9634,2024-04-02,Office Chair,Furniture,North,6,49577,12,173,9088,297462,4,2,2024
9635,2024-10-24,Dining Table,Furniture,West,12,21890,1,198,9513,262680,10,4,2024
9636,2022-11-19,Sofa,Furniture,North,10,47725,7,199,3673,477250,11,4,2022
9637,2025-03-04,Office Chair,Furniture,North,11,20110,0,139,1185,221210,3,1,2025
9638,2025-06-13,Wardrobe,Furniture,West,12,47746,4,315,2351,572952,6,2,2025
9639,2025-04-05,Bookshelf,Furniture,South,6,18816,8,413,5155,112896,4,2,2025
9640,2024-07-07,Wardrobe,Furniture,East,10,43668,10,388,3369,436680,7,3,2024
9641,2024-04-14,Coffee Table,Furniture,East,14,15905,15,425,8696,222670,4,2,2024
9642,2025-05-27,Office Chair,Furniture,East,11,40392,13,317,2194,444312,5,2,2025
9643,2022-08-24,Bookshelf,Furniture,South,2,38481,13,136,7455,76962,8,3,2022
9644,2023-04-21,Dining Table,Furniture,West,6,24953,14,150,2491,149718,4,2,2023
9645,2024-02-12,Bookshelf,Furniture,East,20,4971,6,446,1837,99420,2,1,2024
9646,2023-11-06,Coffee Table,Furniture,North,14,30768,3,248,1983,430752,11,4,2023
9647,2023-10-02,Sofa,Furniture,East,1,6346,12,216,3189,6346,10,4,2023
9648,2023-09-29,Bookshelf,Furniture,West,15,24226,6,250,8948,363390,9,3,2023
9649,2022-11-10,Wardrobe,Furniture,North,13,45499,8,351,3049,591487,11,4,2022
9650,2025-10-09,Office Chair,Furniture,South,3,15776,19,161,9436,47328,10,4,2025
9651,2023-02-08,Wardrobe,Furniture,West,9,47407,4,370,1977,426663,2,1,2023
9652,2024-08-13,Office Chair,Furniture,North,13,28850,13,122,4917,375050,8,3,2024
9653,2022-06-05,Dining Table,Furniture,South,6,16366,11,191,1723,98196,6,2,2022
9654,2022-12-05,Sofa,Furniture,West,18,35176,14,440,6872,633168,12,4,2022
9655,2024-08-31,Office Chair,Furniture,South,19,16352,6,266,4537,310688,8,3,2024
9656,2022-07-02,Office Chair,Furniture,South,19,35156,10,272,3529,667964,7,3,2022
9657,2023-01-09,Bookshelf,Furniture,East,12,14416,15,491,5408,172992,1,1,2023
9658,2022-04-10,Wardrobe,Furniture,West,1,44826,5,284,3400,44826,4,2,2022
9659,2024-03-24,Coffee Table,Furniture,North,10,12092,14,254,7651,120920,3,1,2024
9660,2025-02-17,Office Chair,Furniture,East,4,18169,4,496,4956,72676,2,1,2025
9661,2023-08-07,Coffee Table,Furniture,East,20,3215,20,65,4228,64300,8,3,2023
9662,2022-10-11,Wardrobe,Furniture,West,13,2224,9,74,2620,28912,10,4,2022
9663,2025-01-17,Wardrobe,Furniture,North,20,29978,9,201,1212,599560,1,1,2025
9664,2024-12-19,Study Table,Furniture,South,7,17963,6,286,8841,125741,12,4,2024
9665,2022-03-10,Wardrobe,Furniture,South,8,22748,8,433,1573,181984,3,1,2022
9666,2022-06-25,Study Table,Furniture,South,20,20849,10,449,8948,416980,6,2,2022
9667,2025-05-07,Wardrobe,Furniture,South,2,10569,3,272,7833,21138,5,2,2025
9668,2023-12-08,Sofa,Furniture,West,16,24331,14,298,3567,389296,12,4,2023
9669,2022-08-25,Bookshelf,Furniture,North,9,5353,12,92,6680,48177,8,3,2022
9670,2025-11-13,Dining Table,Furniture,East,4,23019,7,355,5028,92076,11,4,2025
9671,2022-12-20,Dining Table,Furniture,East,13,19661,20,174,7304,255593,12,4,2022
9672,2023-06-11,Sofa,Furniture,East,17,35421,16,217,9644,602157,6,2,2023
9673,2024-09-21,Bookshelf,Furniture,South,10,15834,15,323,6794,158340,9,3,2024
9674,2025-11-12,Wardrobe,Furniture,North,19,15521,5,125,2043,294899,11,4,2025
9675,2024-04-16,Study Table,Furniture,North,7,14870,14,376,9718,104090,4,2,2024
9676,2023-11-10,Bookshelf,Furniture,West,14,21675,1,187,6652,303450,11,4,2023
9677,2022-06-22,Coffee Table,Furniture,South,9,25950,13,150,3723,233550,6,2,2022
9678,2022-12-21,Study Table,Furniture,West,9,14664,16,133,1196,131976,12,4,2022
9679,2023-07-13,Sofa,Furniture,North,15,12540,6,243,1924,188100,7,3,2023
9680,2025-04-22,Office Chair,Furniture,East,9,45288,2,235,3050,407592,4,2,2025
9681,2025-10-27,Bed,Furniture,South,2,9921,16,221,7722,19842,10,4,2025
9682,2025-02-26,Wardrobe,Furniture,South,1,13229,18,472,9930,13229,2,1,2025
9683,2025-04-27,Dining Table,Furniture,North,13,13749,11,423,6682,178737,4,2,2025
9684,2024-02-13,Bed,Furniture,West,8,8112,19,330,6017,64896,2,1,2024
9685,2023-05-23,Sofa,Furniture,East,16,19777,11,222,9115,316432,5,2,2023
9686,2022-02-08,Bed,Furniture,West,6,32071,6,120,1369,192426,2,1,2022
9687,2023-02-02,Study Table,Furniture,East,2,9352,11,182,4517,18704,2,1,2023
9688,2025-02-23,Wardrobe,Furniture,South,10,33604,10,175,4050,336040,2,1,2025
9689,2024-09-18,Wardrobe,Furniture,South,7,49492,16,185,7691,346444,9,3,2024
9690,2024-08-09,Coffee Table,Furniture,West,6,35543,1,194,9857,213258,8,3,2024
9691,2022-09-11,Wardrobe,Furniture,East,18,42398,11,73,8907,763164,9,3,2022
9692,2023-01-31,Wardrobe,Furniture,West,10,20043,18,69,4102,200430,1,1,2023
9693,2024-09-12,Office Chair,Furniture,West,2,24406,13,136,7247,48812,9,3,2024
9694,2022-11-05,Sofa,Furniture,North,19,13628,3,58,4513,258932,11,4,2022
9695,2022-06-29,Bookshelf,Furniture,South,5,27745,20,248,9787,138725,6,2,2022
9696,2022-06-22,Office Chair,Furniture,North,2,9598,1,261,7386,19196,6,2,2022
9697,2022-01-02,Dining Table,Furniture,South,18,29128,9,170,1910,524304,1,1,2022
9698,2022-02-05,Wardrobe,Furniture,East,7,13808,5,221,5686,96656,2,1,2022
9699,2025-02-17,Bookshelf,Furniture,West,11,44227,1,134,1678,486497,2,1,2025
9700,2023-12-07,Bookshelf,Furniture,South,2,38280,8,373,3631,76560,12,4,2023
9701,2023-11-22,Wardrobe,Furniture,South,8,40460,14,418,7377,323680,11,4,2023
9702,2024-01-17,Sofa,Furniture,South,2,40840,6,99,3707,81680,1,1,2024
9703,2025-11-08,Office Chair,Furniture,North,4,11068,18,145,3959,44272,11,4,2025
9704,2023-09-03,Bookshelf,Furniture,North,12,8690,11,302,3027,104280,9,3,2023
9705,2024-03-09,Coffee Table,Furniture,North,7,5174,20,436,1932,36218,3,1,2024
9706,2022-06-26,Dining Table,Furniture,East,6,8587,4,104,9731,51522,6,2,2022
9707,2025-08-15,Bookshelf,Furniture,West,16,28140,13,300,4323,450240,8,3,2025
9708,2022-11-09,Coffee Table,Furniture,North,12,26835,18,176,8151,322020,11,4,2022
9709,2025-03-09,Wardrobe,Furniture,South,12,26038,14,371,4543,312456,3,1,2025
9710,2025-11-13,Wardrobe,Furniture,West,12,8066,17,50,9993,96792,11,4,2025
9711,2025-10-13,Bed,Furniture,South,13,14441,11,438,6032,187733,10,4,2025
9712,2025-11-25,Bookshelf,Furniture,North,3,28943,16,368,1024,86829,11,4,2025
9713,2022-11-16,Study Table,Furniture,East,15,4247,3,463,1746,63705,11,4,2022
9714,2025-11-26,Dining Table,Furniture,North,16,47412,15,366,8349,758592,11,4,2025
9715,2023-07-06,Bookshelf,Furniture,South,9,13324,3,365,8529,119916,7,3,2023
9716,2025-09-26,Office Chair,Furniture,East,16,24914,15,385,1551,398624,9,3,2025
9717,2023-02-08,Wardrobe,Furniture,North,7,45634,11,172,8902,319438,2,1,2023
9718,2022-10-25,Sofa,Furniture,West,9,25948,19,367,5784,233532,10,4,2022
9719,2024-09-27,Office Chair,Furniture,East,17,12393,17,348,5991,210681,9,3,2024
9720,2024-08-07,Coffee Table,Furniture,North,6,5373,18,147,5762,32238,8,3,2024
9721,2025-06-24,Office Chair,Furniture,North,11,20149,11,165,1404,221639,6,2,2025
9722,2023-08-27,Sofa,Furniture,West,19,44568,8,81,1159,846792,8,3,2023
9723,2024-09-19,Dining Table,Furniture,West,15,7583,6,273,9924,113745,9,3,2024
9724,2022-07-24,Wardrobe,Furniture,North,9,35235,13,152,7771,317115,7,3,2022
9725,2024-09-02,Office Chair,Furniture,North,18,42565,17,264,8886,766170,9,3,2024
9726,2023-09-26,Sofa,Furniture,West,4,22565,10,412,8477,90260,9,3,2023
9727,2022-08-03,Dining Table,Furniture,South,9,34553,20,72,1209,310977,8,3,2022
9728,2025-01-16,Study Table,Furniture,East,16,18108,1,249,3039,289728,1,1,2025
9729,2022-04-20,Bed,Furniture,South,14,14184,13,84,8879,198576,4,2,2022
9730,2023-01-03,Office Chair,Furniture,East,11,30003,17,313,5192,330033,1,1,2023
9731,2025-08-25,Sofa,Furniture,West,6,16696,5,451,5164,100176,8,3,2025
9732,2023-06-27,Coffee Table,Furniture,East,2,45002,12,102,4839,90004,6,2,2023
9733,2022-07-23,Study Table,Furniture,West,9,30070,2,159,4960,270630,7,3,2022
9734,2025-02-26,Office Chair,Furniture,East,10,29061,11,409,7993,290610,2,1,2025
9735,2025-12-20,Bed,Furniture,West,17,46844,0,232,4399,796348,12,4,2025
9736,2024-01-06,Study Table,Furniture,West,4,28348,1,299,6427,113392,1,1,2024
9737,2023-09-11,Coffee Table,Furniture,West,7,17874,20,346,8623,125118,9,3,2023
9738,2025-08-01,Sofa,Furniture,East,9,16883,20,345,6611,151947,8,3,2025
9739,2024-09-12,Sofa,Furniture,East,19,3265,1,285,9231,62035,9,3,2024
9740,2025-04-06,Bookshelf,Furniture,East,8,2544,6,90,2233,20352,4,2,2025
9741,2024-09-08,Study Table,Furniture,South,4,4552,4,488,7081,18208,9,3,2024
9742,2023-03-04,Coffee Table,Furniture,West,20,39947,10,429,6351,798940,3,1,2023
9743,2023-04-19,Bookshelf,Furniture,South,18,19620,4,223,8478,353160,4,2,2023
9744,2024-10-10,Bed,Furniture,South,16,7995,6,394,6168,127920,10,4,2024
9745,2023-06-10,Bookshelf,Furniture,East,11,18012,14,459,6613,198132,6,2,2023
9746,2022-03-12,Wardrobe,Furniture,North,11,8046,20,235,7020,88506,3,1,2022
9747,2024-02-25,Sofa,Furniture,East,7,18447,11,294,3804,129129,2,1,2024
9748,2025-04-11,Sofa,Furniture,South,5,21661,1,84,9550,108305,4,2,2025
9749,2025-03-27,Study Table,Furniture,South,2,33734,12,261,2216,67468,3,1,2025
9750,2023-10-18,Coffee Table,Furniture,South,10,11365,12,440,6086,113650,10,4,2023
9751,2025-06-16,Dining Table,Furniture,South,4,36606,11,145,1437,146424,6,2,2025
9752,2025-12-29,Sofa,Furniture,West,19,7164,20,120,1118,136116,12,4,2025
9753,2024-08-12,Wardrobe,Furniture,West,1,15486,6,478,3808,15486,8,3,2024
9754,2025-11-27,Sofa,Furniture,North,10,12672,11,404,8712,126720,11,4,2025
9755,2023-03-02,Study Table,Furniture,North,17,17937,19,322,2188,304929,3,1,2023
9756,2024-03-09,Wardrobe,Furniture,West,6,36893,0,165,5619,221358,3,1,2024
9757,2024-09-15,Bookshelf,Furniture,West,4,27177,14,482,2309,108708,9,3,2024
9758,2025-02-10,Bookshelf,Furniture,East,5,12525,11,111,5356,62625,2,1,2025
9759,2025-06-26,Bed,Furniture,West,2,33386,19,354,1448,66772,6,2,2025
9760,2025-11-21,Wardrobe,Furniture,West,12,9297,13,493,2570,111564,11,4,2025
9761,2023-10-11,Sofa,Furniture,South,2,26742,14,475,6289,53484,10,4,2023
9762,2022-07-14,Study Table,Furniture,West,12,23993,13,123,4397,287916,7,3,2022
9763,2022-03-25,Coffee Table,Furniture,South,17,15317,7,417,7285,260389,3,1,2022
9764,2025-08-05,Bed,Furniture,East,19,9373,5,187,4669,178087,8,3,2025
9765,2023-04-23,Sofa,Furniture,South,6,28482,8,248,8648,170892,4,2,2023
9766,2025-06-18,Sofa,Furniture,South,19,37213,4,301,8591,707047,6,2,2025
9767,2024-03-03,Coffee Table,Furniture,West,5,24648,9,125,5303,123240,3,1,2024
9768,2023-01-13,Sofa,Furniture,South,16,13011,18,93,2075,208176,1,1,2023
9769,2025-12-02,Bookshelf,Furniture,South,8,10634,17,337,2702,85072,12,4,2025
9770,2023-07-17,Bed,Furniture,West,1,15488,3,80,6266,15488,7,3,2023
9771,2023-05-20,Study Table,Furniture,West,4,41313,15,82,9604,165252,5,2,2023
9772,2024-01-22,Wardrobe,Furniture,East,8,45512,3,101,5368,364096,1,1,2024
9773,2022-08-07,Dining Table,Furniture,South,8,40259,12,81,4084,322072,8,3,2022
9774,2025-03-09,Sofa,Furniture,East,18,9323,1,282,8198,167814,3,1,2025
9775,2022-11-15,Bed,Furniture,North,17,22514,7,287,9892,382738,11,4,2022
9776,2022-03-25,Bed,Furniture,South,19,12477,7,244,5910,237063,3,1,2022
9777,2025-07-08,Bookshelf,Furniture,West,11,49447,4,222,7011,543917,7,3,2025
9778,2024-05-13,Wardrobe,Furniture,East,14,8144,13,239,8258,114016,5,2,2024
9779,2025-09-30,Office Chair,Furniture,North,12,34484,17,477,6266,413808,9,3,2025
9780,2024-09-22,Sofa,Furniture,East,17,25864,1,59,6664,439688,9,3,2024
9781,2023-02-18,Wardrobe,Furniture,North,2,46681,20,434,6745,93362,2,1,2023
9782,2022-04-13,Coffee Table,Furniture,South,5,20229,7,273,6350,101145,4,2,2022
9783,2025-06-24,Study Table,Furniture,South,11,34849,10,484,2548,383339,6,2,2025
9784,2025-07-06,Wardrobe,Furniture,North,13,4861,4,194,6220,63193,7,3,2025
9785,2022-03-26,Bookshelf,Furniture,East,15,44259,3,284,7015,663885,3,1,2022
9786,2024-05-31,Sofa,Furniture,West,9,38419,2,80,2937,345771,5,2,2024
9787,2024-07-21,Office Chair,Furniture,West,13,16260,17,226,8076,211380,7,3,2024
9788,2025-07-03,Coffee Table,Furniture,South,15,40055,1,388,3180,600825,7,3,2025
9789,2024-03-01,Coffee Table,Furniture,East,14,21161,8,303,1859,296254,3,1,2024
9790,2025-12-07,Study Table,Furniture,North,20,39106,1,412,2670,782120,12,4,2025
9791,2023-09-29,Coffee Table,Furniture,North,16,3280,6,151,8117,52480,9,3,2023
9792,2022-02-13,Bookshelf,Furniture,North,13,29038,17,170,9448,377494,2,1,2022
9793,2025-10-06,Coffee Table,Furniture,South,9,45508,8,239,5914,409572,10,4,2025
9794,2025-05-22,Coffee Table,Furniture,West,14,9515,20,439,8452,133210,5,2,2025
9795,2025-07-01,Study Table,Furniture,South,1,43525,1,373,8900,43525,7,3,2025
9796,2025-05-13,Sofa,Furniture,East,1,13255,16,469,9870,13255,5,2,2025
9797,2024-05-27,Office Chair,Furniture,West,11,8868,11,288,4270,97548,5,2,2024
9798,2023-10-01,Coffee Table,Furniture,North,1,35596,4,471,1058,35596,10,4,2023
9799,2024-02-10,Coffee Table,Furniture,South,11,2108,3,83,9052,23188,2,1,2024
9800,2023-04-28,Dining Table,Furniture,South,15,36375,15,338,3502,545625,4,2,2023
9801,2023-06-20,Coffee Table,Furniture,West,19,31874,9,469,5877,605606,6,2,2023
9802,2024-02-25,Dining Table,Furniture,South,4,32264,17,144,6991,129056,2,1,2024
9803,2024-11-01,Bed,Furniture,North,18,14228,17,183,1359,256104,11,4,2024
9804,2022-12-17,Office Chair,Furniture,East,20,14916,11,487,6483,298320,12,4,2022
9805,2022-10-08,Study Table,Furniture,North,11,38024,9,398,2486,418264,10,4,2022
9806,2025-12-09,Dining Table,Furniture,East,12,9450,6,395,5366,113400,12,4,2025
9807,2025-07-04,Office Chair,Furniture,North,11,29993,3,158,4073,329923,7,3,2025
9808,2022-11-30,Dining Table,Furniture,North,17,17022,19,208,2002,289374,11,4,2022
9809,2024-04-19,Bed,Furniture,North,15,20643,20,121,5108,309645,4,2,2024
9810,2024-06-17,Wardrobe,Furniture,South,9,11064,3,295,2243,99576,6,2,2024
9811,2024-04-14,Bed,Furniture,West,18,8822,2,90,3157,158796,4,2,2024
9812,2023-11-03,Coffee Table,Furniture,East,1,38211,2,486,8269,38211,11,4,2023
9813,2024-01-17,Sofa,Furniture,North,7,27213,1,377,6530,190491,1,1,2024
9814,2022-05-29,Wardrobe,Furniture,North,17,28957,18,260,9097,492269,5,2,2022
9815,2022-06-14,Bed,Furniture,East,7,47544,1,147,7350,332808,6,2,2022
9816,2023-01-09,Office Chair,Furniture,East,4,19863,12,175,8918,79452,1,1,2023
9817,2025-11-13,Bookshelf,Furniture,West,13,14866,3,222,2622,193258,11,4,2025
9818,2023-12-25,Bed,Furniture,South,19,40553,15,267,9313,770507,12,4,2023
9819,2022-06-06,Bookshelf,Furniture,South,5,8612,18,211,6541,43060,6,2,2022
9820,2025-04-15,Study Table,Furniture,North,18,16254,19,337,2086,292572,4,2,2025
9821,2023-12-19,Wardrobe,Furniture,West,3,40445,20,83,4932,121335,12,4,2023
9822,2025-07-02,Wardrobe,Furniture,West,3,20504,12,74,3669,61512,7,3,2025
9823,2023-07-15,Sofa,Furniture,North,12,22745,3,369,2837,272940,7,3,2023
9824,2024-03-11,Study Table,Furniture,East,12,29400,17,448,4318,352800,3,1,2024
9825,2024-01-02,Dining Table,Furniture,South,20,34816,19,286,7618,696320,1,1,2024
9826,2022-05-24,Sofa,Furniture,West,12,41643,13,209,1322,499716,5,2,2022
9827,2024-12-16,Bookshelf,Furniture,West,9,3865,16,138,5386,34785,12,4,2024
9828,2025-07-11,Bookshelf,Furniture,East,5,25346,15,323,1235,126730,7,3,2025
9829,2023-06-05,Dining Table,Furniture,North,19,6621,19,360,2696,125799,6,2,2023
9830,2025-07-29,Sofa,Furniture,South,3,2401,11,222,4910,7203,7,3,2025
9831,2023-09-30,Bed,Furniture,South,13,6620,10,145,9096,86060,9,3,2023
9832,2023-10-04,Bed,Furniture,South,3,47331,4,295,6218,141993,10,4,2023
9833,2024-04-11,Coffee Table,Furniture,North,2,17404,7,150,4346,34808,4,2,2024
9834,2022-02-13,Study Table,Furniture,South,15,17616,1,361,5852,264240,2,1,2022
9835,2023-10-31,Wardrobe,Furniture,East,3,42835,19,79,4203,128505,10,4,2023
9836,2024-02-03,Bookshelf,Furniture,East,14,24247,2,61,8755,339458,2,1,2024
9837,2025-07-02,Bed,Furniture,North,11,33330,20,250,8085,366630,7,3,2025
9838,2024-09-27,Coffee Table,Furniture,East,13,4916,9,162,6301,63908,9,3,2024
9839,2024-01-07,Wardrobe,Furniture,West,9,43532,9,74,4328,391788,1,1,2024
9840,2023-01-09,Sofa,Furniture,North,16,10432,14,423,4680,166912,1,1,2023
9841,2022-01-18,Study Table,Furniture,West,5,42895,14,433,2396,214475,1,1,2022
9842,2024-07-31,Wardrobe,Furniture,West,4,14177,4,301,8709,56708,7,3,2024
9843,2025-01-05,Office Chair,Furniture,North,18,43298,14,163,1369,779364,1,1,2025
9844,2023-04-16,Office Chair,Furniture,East,9,8336,8,343,8124,75024,4,2,2023
9845,2023-03-01,Sofa,Furniture,North,19,4012,20,348,8519,76228,3,1,2023
9846,2024-11-05,Bookshelf,Furniture,South,3,3224,2,269,3336,9672,11,4,2024
9847,2022-03-04,Bookshelf,Furniture,East,5,48383,4,280,1829,241915,3,1,2022
9848,2023-11-30,Dining Table,Furniture,East,10,47662,11,394,5666,476620,11,4,2023
9849,2023-01-23,Wardrobe,Furniture,West,1,21264,9,242,5512,21264,1,1,2023
9850,2022-10-07,Bookshelf,Furniture,West,11,10393,15,202,2884,114323,10,4,2022
9851,2025-08-11,Wardrobe,Furniture,North,6,41670,10,467,8944,250020,8,3,2025
9852,2025-01-07,Office Chair,Furniture,West,14,47690,4,297,5730,667660,1,1,2025
9853,2023-07-11,Study Table,Furniture,East,17,45827,7,69,7577,779059,7,3,2023
9854,2024-03-05,Wardrobe,Furniture,East,15,38815,17,320,8593,582225,3,1,2024
9855,2024-11-16,Office Chair,Furniture,West,12,38681,9,495,4607,464172,11,4,2024
9856,2024-07-07,Sofa,Furniture,North,13,26547,8,109,2236,345111,7,3,2024
9857,2022-12-02,Dining Table,Furniture,West,11,38006,9,272,6319,418066,12,4,2022
9858,2022-04-22,Bookshelf,Furniture,East,19,10448,2,409,2130,198512,4,2,2022
9859,2023-07-23,Dining Table,Furniture,South,20,6518,0,381,4005,130360,7,3,2023
9860,2022-11-18,Bed,Furniture,West,13,32039,1,110,9910,416507,11,4,2022
9861,2023-05-11,Sofa,Furniture,West,9,35685,9,403,6626,321165,5,2,2023
9862,2024-02-20,Bookshelf,Furniture,West,15,22806,15,96,7170,342090,2,1,2024
9863,2023-05-10,Bed,Furniture,South,20,40981,7,255,9176,819620,5,2,2023
9864,2023-11-21,Coffee Table,Furniture,South,17,18630,13,193,7980,316710,11,4,2023
9865,2025-03-15,Office Chair,Furniture,South,16,27376,10,173,3213,438016,3,1,2025
9866,2022-03-25,Office Chair,Furniture,North,13,4677,4,180,6128,60801,3,1,2022
9867,2023-12-08,Wardrobe,Furniture,North,16,13634,2,359,8482,218144,12,4,2023
9868,2024-06-08,Sofa,Furniture,South,11,9783,9,383,8572,107613,6,2,2024
9869,2023-03-06,Bookshelf,Furniture,West,14,21454,5,389,6710,300356,3,1,2023
9870,2023-06-25,Bookshelf,Furniture,South,20,4765,3,485,9872,95300,6,2,2023
9871,2025-02-01,Sofa,Furniture,South,20,43149,14,324,2792,862980,2,1,2025
9872,2025-12-13,Sofa,Furniture,West,15,28015,7,327,3470,420225,12,4,2025
9873,2023-01-01,Dining Table,Furniture,North,10,17688,13,421,3099,176880,1,1,2023
9874,2024-01-13,Bed,Furniture,North,1,22866,7,287,7970,22866,1,1,2024
9875,2025-07-07,Bookshelf,Furniture,East,20,8061,7,150,7440,161220,7,3,2025
9876,2023-11-19,Bookshelf,Furniture,South,4,47754,16,428,7725,191016,11,4,2023
9877,2024-03-26,Dining Table,Furniture,North,15,17604,12,90,2430,264060,3,1,2024
9878,2022-05-05,Coffee Table,Furniture,East,14,5133,9,489,4262,71862,5,2,2022
9879,2024-02-02,Dining Table,Furniture,East,20,40078,10,172,3852,801560,2,1,2024
9880,2024-06-09,Study Table,Furniture,South,19,4705,19,262,4792,89395,6,2,2024
9881,2022-07-26,Bed,Furniture,East,20,47970,7,85,3006,959400,7,3,2022
9882,2024-10-05,Bookshelf,Furniture,South,20,23979,17,189,1786,479580,10,4,2024
9883,2023-12-10,Sofa,Furniture,North,11,28359,17,93,6764,311949,12,4,2023
9884,2022-12-22,Bookshelf,Furniture,North,12,22788,9,462,7203,273456,12,4,2022
9885,2024-06-28,Dining Table,Furniture,West,8,47059,7,260,8507,376472,6,2,2024
9886,2022-10-21,Sofa,Furniture,South,13,43468,6,72,2623,565084,10,4,2022
9887,2024-08-25,Sofa,Furniture,North,4,20622,12,469,5191,82488,8,3,2024
9888,2025-01-21,Coffee Table,Furniture,South,12,34085,4,87,9645,409020,1,1,2025
9889,2023-04-10,Dining Table,Furniture,East,5,40330,4,125,3695,201650,4,2,2023
9890,2023-05-11,Study Table,Furniture,North,3,47808,11,472,7872,143424,5,2,2023
9891,2022-07-07,Bookshelf,Furniture,South,13,23435,7,213,9461,304655,7,3,2022
9892,2022-07-20,Sofa,Furniture,East,13,31760,2,231,3379,412880,7,3,2022
9893,2025-12-14,Sofa,Furniture,North,9,9650,11,387,2336,86850,12,4,2025
9894,2023-12-30,Study Table,Furniture,South,13,19529,8,466,4004,253877,12,4,2023
9895,2024-08-23,Wardrobe,Furniture,South,10,23529,8,141,7354,235290,8,3,2024
9896,2024-03-23,Wardrobe,Furniture,North,3,32113,8,359,9545,96339,3,1,2024
9897,2022-08-29,Bookshelf,Furniture,West,17,13870,6,423,6900,235790,8,3,2022
9898,2025-10-19,Sofa,Furniture,West,11,14960,18,398,1654,164560,10,4,2025
9899,2024-03-06,Sofa,Furniture,West,5,41081,9,211,6721,205405,3,1,2024
9900,2023-07-14,Bookshelf,Furniture,North,3,48128,4,70,2188,144384,7,3,2023
9901,2025-07-04,Dining Table,Furniture,North,4,14677,16,407,4632,58708,7,3,2025
9902,2025-09-30,Dining Table,Furniture,North,14,17356,4,168,4088,242984,9,3,2025
9903,2024-01-28,Study Table,Furniture,West,3,47838,11,318,6474,143514,1,1,2024
9904,2022-05-24,Study Table,Furniture,East,15,22623,3,207,6121,339345,5,2,2022
9905,2024-10-31,Study Table,Furniture,East,2,32072,15,201,9059,64144,10,4,2024
9906,2023-11-01,Wardrobe,Furniture,North,1,9758,16,333,6989,9758,11,4,2023
9907,2023-05-07,Sofa,Furniture,West,12,3027,19,351,8175,36324,5,2,2023
9908,2025-08-31,Sofa,Furniture,South,8,24958,9,177,9467,199664,8,3,2025
9909,2025-01-13,Study Table,Furniture,East,16,15051,0,186,7375,240816,1,1,2025
9910,2022-05-09,Sofa,Furniture,South,6,43954,14,185,7771,263724,5,2,2022
9911,2022-03-23,Sofa,Furniture,North,5,28335,8,287,3303,141675,3,1,2022
9912,2024-05-26,Study Table,Furniture,East,5,12334,11,299,6956,61670,5,2,2024
9913,2022-06-10,Office Chair,Furniture,East,12,8190,14,110,9280,98280,6,2,2022
9914,2022-11-23,Coffee Table,Furniture,South,10,3374,15,452,4923,33740,11,4,2022
9915,2025-05-16,Sofa,Furniture,North,17,41401,6,180,8019,703817,5,2,2025
9916,2023-10-12,Bed,Furniture,South,8,6974,2,130,6301,55792,10,4,2023
9917,2022-08-17,Bed,Furniture,East,6,22090,5,241,3762,132540,8,3,2022
9918,2022-02-23,Sofa,Furniture,North,17,9955,5,256,6744,169235,2,1,2022
9919,2025-03-02,Wardrobe,Furniture,West,11,13347,16,70,2222,146817,3,1,2025
9920,2025-12-15,Study Table,Furniture,South,6,47869,10,209,9653,287214,12,4,2025
9921,2023-05-08,Coffee Table,Furniture,West,17,27636,8,333,9196,469812,5,2,2023
9922,2025-04-30,Study Table,Furniture,West,7,27770,8,66,3591,194390,4,2,2025
9923,2025-01-16,Wardrobe,Furniture,West,17,7328,12,122,2108,124576,1,1,2025
9924,2022-10-05,Study Table,Furniture,East,4,29461,18,298,6958,117844,10,4,2022
9925,2024-10-08,Dining Table,Furniture,West,17,4818,14,136,7407,81906,10,4,2024
9926,2023-03-24,Coffee Table,Furniture,West,2,30514,14,218,5649,61028,3,1,2023
9927,2025-07-17,Sofa,Furniture,West,19,9281,10,65,4711,176339,7,3,2025
9928,2024-03-08,Bookshelf,Furniture,West,5,43594,13,450,3068,217970,3,1,2024
9929,2023-11-25,Office Chair,Furniture,East,16,29082,17,286,1374,465312,11,4,2023
9930,2024-10-13,Bed,Furniture,North,6,12348,14,473,5890,74088,10,4,2024
9931,2024-01-02,Office Chair,Furniture,North,13,40919,0,382,3242,531947,1,1,2024
9932,2022-02-26,Coffee Table,Furniture,West,2,35852,10,494,9078,71704,2,1,2022
9933,2024-06-13,Office Chair,Furniture,East,16,29872,15,487,9484,477952,6,2,2024
9934,2022-02-17,Office Chair,Furniture,East,16,21562,3,144,5081,344992,2,1,2022
9935,2025-07-08,Office Chair,Furniture,West,10,16490,16,54,1717,164900,7,3,2025
9936,2025-04-24,Coffee Table,Furniture,West,18,32343,14,390,5011,582174,4,2,2025
9937,2022-07-04,Dining Table,Furniture,South,2,4656,7,64,7860,9312,7,3,2022
9938,2023-01-15,Study Table,Furniture,South,12,7257,8,347,6750,87084,1,1,2023
9939,2023-08-25,Bookshelf,Furniture,West,6,10661,18,107,3892,63966,8,3,2023
9940,2023-02-16,Wardrobe,Furniture,East,16,3220,12,88,4311,51520,2,1,2023
9941,2022-05-23,Office Chair,Furniture,South,7,40322,2,203,4393,282254,5,2,2022
9942,2025-10-06,Bed,Furniture,East,6,2009,19,220,2483,12054,10,4,2025
9943,2024-10-10,Wardrobe,Furniture,South,9,10455,3,80,8516,94095,10,4,2024
9944,2022-02-07,Study Table,Furniture,North,12,36082,10,245,7305,432984,2,1,2022
9945,2025-03-08,Bed,Furniture,East,4,46456,14,206,7965,185824,3,1,2025
9946,2022-10-22,Bed,Furniture,West,7,36548,6,183,1426,255836,10,4,2022
9947,2023-03-28,Bed,Furniture,West,15,28696,9,259,5646,430440,3,1,2023
9948,2022-01-23,Sofa,Furniture,East,5,15722,17,153,1456,78610,1,1,2022
9949,2024-02-25,Study Table,Furniture,North,5,35558,14,340,1187,177790,2,1,2024
9950,2022-08-08,Sofa,Furniture,South,8,23848,6,447,8306,190784,8,3,2022
9951,2025-11-27,Bed,Furniture,North,12,20302,15,295,8513,243624,11,4,2025
9952,2025-08-16,Dining Table,Furniture,East,19,32444,3,415,5427,616436,8,3,2025
9953,2023-09-29,Study Table,Furniture,West,2,19570,8,53,7659,39140,9,3,2023
9954,2024-03-19,Dining Table,Furniture,South,20,25401,13,383,1302,508020,3,1,2024
9955,2023-10-31,Wardrobe,Furniture,East,10,31885,6,321,4545,318850,10,4,2023
9956,2023-01-16,Bed,Furniture,North,6,19257,3,276,6194,115542,1,1,2023
9957,2024-04-19,Office Chair,Furniture,North,1,42851,16,376,1953,42851,4,2,2024
9958,2023-08-28,Dining Table,Furniture,South,16,26426,4,92,7999,422816,8,3,2023
9959,2022-04-25,Bookshelf,Furniture,West,20,33442,13,300,8436,668840,4,2,2022
9960,2024-12-21,Bookshelf,Furniture,South,18,45450,1,233,6266,818100,12,4,2024
9961,2025-01-25,Office Chair,Furniture,South,3,13518,14,71,9175,40554,1,1,2025
9962,2025-08-05,Dining Table,Furniture,West,20,24788,10,193,3219,495760,8,3,2025
9963,2024-07-20,Sofa,Furniture,North,19,49674,3,425,3377,943806,7,3,2024
9964,2025-10-03,Dining Table,Furniture,West,6,35765,8,214,3193,214590,10,4,2025
9965,2025-02-08,Bed,Furniture,West,15,3198,15,145,5188,47970,2,1,2025
9966,2023-07-28,Bed,Furniture,South,2,3692,11,283,2785,7384,7,3,2023
9967,2022-12-08,Dining Table,Furniture,North,2,3196,2,500,3824,6392,12,4,2022
9968,2023-01-03,Sofa,Furniture,South,5,11049,9,372,6631,55245,1,1,2023
9969,2023-02-04,Wardrobe,Furniture,West,3,48267,6,180,9858,144801,2,1,2023
9970,2022-08-18,Sofa,Furniture,South,4,8364,5,482,8557,33456,8,3,2022
9971,2025-04-24,Study Table,Furniture,East,8,30526,15,414,6796,244208,4,2,2025
9972,2022-06-08,Sofa,Furniture,North,8,15316,8,191,9901,122528,6,2,2022
9973,2025-12-24,Sofa,Furniture,North,15,46392,3,444,1092,695880,12,4,2025
9974,2024-09-08,Bookshelf,Furniture,North,3,28774,18,107,7276,86322,9,3,2024
9975,2025-04-16,Sofa,Furniture,North,8,25172,17,51,2619,201376,4,2,2025
9976,2022-02-07,Coffee Table,Furniture,South,12,47568,13,363,3690,570816,2,1,2022
9977,2025-02-08,Office Chair,Furniture,South,6,30732,10,67,3436,184392,2,1,2025
9978,2024-01-03,Sofa,Furniture,East,7,39197,8,175,5418,274379,1,1,2024
9979,2025-02-28,Sofa,Furniture,South,6,25867,14,114,6313,155202,2,1,2025
9980,2024-04-08,Study Table,Furniture,East,20,9977,7,59,4650,199540,4,2,2024
9981,2022-11-25,Sofa,Furniture,North,20,17374,9,473,2527,347480,11,4,2022
9982,2023-01-22,Wardrobe,Furniture,West,9,13633,20,221,3500,122697,1,1,2023
9983,2023-01-04,Dining Table,Furniture,East,2,14957,0,424,5329,29914,1,1,2023
9984,2022-07-18,Bookshelf,Furniture,South,8,33159,4,101,8281,265272,7,3,2022
9985,2025-02-13,Bookshelf,Furniture,South,8,27658,8,99,4418,221264,2,1,2025
9986,2025-09-21,Wardrobe,Furniture,North,4,23844,17,287,4549,95376,9,3,2025
9987,2022-07-04,Wardrobe,Furniture,East,6,30581,9,124,4372,183486,7,3,2022
9988,2023-09-23,Bookshelf,Furniture,West,20,8422,20,179,9911,168440,9,3,2023
9989,2022-11-08,Study Table,Furniture,North,8,9012,9,57,7348,72096,11,4,2022
9990,2023-02-24,Sofa,Furniture,East,2,6948,6,322,4979,13896,2,1,2023
9991,2024-04-14,Bookshelf,Furniture,South,3,44081,10,318,8252,132243,4,2,2024
9992,2023-03-02,Study Table,Furniture,West,7,11324,1,158,4111,79268,3,1,2023
9993,2024-12-09,Bookshelf,Furniture,East,7,36620,11,306,6922,256340,12,4,2024
9994,2024-04-05,Dining Table,Furniture,West,5,19165,19,474,4998,95825,4,2,2024
9995,2024-10-14,Dining Table,Furniture,North,9,14828,20,500,7710,133452,10,4,2024
9996,2023-09-06,Bookshelf,Furniture,West,1,4208,13,408,2755,4208,9,3,2023
9997,2022-08-03,Coffee Table,Furniture,North,2,40223,11,400,3042,80446,8,3,2022
9998,2022-05-03,Bookshelf,Furniture,South,3,41858,3,445,7585,125574,5,2,2022
9999,2022-02-07,Coffee Table,Furniture,East,4,20855,19,92,4285,83420,2,1,2022
10000,2023-08-24,Sofa,Furniture,North,1,29691,12,371,2336,29691,8,3,2023
